# Headset_Name =,DSI-24
# Data_Logger =,DSI-Streamer-v.1.08.60
# Date =,01/04/2026
# Time =,13:17:27
# Patient_ID =,X M 01-JAN-0000 X
# Record_ID =,Startdate 01-APR-2026 EEGX XX X X
Time,P3,C3,F3,Fz,F4,C4,P4,Cz,A1,Fp1,Fp2,T3,T5,O1,O2,X3,X2,F7,F8,X1,A2,T6,T4,Pz
1,0.302,0.163,0.124,0.154,0.169,0.120,0.187,0.164,0.128,0.092,0.089,0.131,0.281,0.410,0.321,Low_SNR,Low_SNR,0.136,0.158,Low_SNR,0.114,0.264,0.120,0.21
2,0.307,0.154,0.125,0.156,0.170,0.130,0.185,0.163,0.121,0.093,0.091,0.138,0.283,0.403,0.324,Low_SNR,Low_SNR,0.134,0.157,0.017,0.116,0.258,0.111,0.21
3,0.304,0.148,0.122,0.153,0.173,0.128,0.189,0.164,0.113,0.094,0.091,0.133,0.284,0.407,0.313,Low_SNR,Low_SNR,0.139,0.158,Low_SNR,0.109,0.272,0.106,0.22
4,0.306,0.157,0.122,0.153,0.169,0.116,0.187,0.160,0.116,0.092,0.089,0.129,0.282,0.405,0.313,Low_SNR,Low_SNR,0.139,0.159,Low_SNR,0.112,0.266,0.115,0.21
5,0.306,0.164,0.126,0.157,0.171,0.120,0.184,0.165,0.113,0.096,0.095,0.142,0.285,0.405,0.314,Low_SNR,Low_SNR,0.139,0.161,Low_SNR,0.115,0.257,0.115,0.22
6,0.308,0.166,0.128,0.157,0.172,0.122,0.186,0.165,0.121,0.101,0.098,0.129,0.287,0.403,0.305,Low_SNR,Low_SNR,0.148,0.159,Low_SNR,0.126,0.261,0.119,0.21
7,0.309,0.173,0.126,0.158,0.174,0.127,0.184,0.167,0.117,0.096,0.093,0.150,0.290,0.395,0.309,Low_SNR,Low_SNR,0.144,0.158,Low_SNR,0.122,0.258,0.134,0.21
8,0.310,0.168,0.130,0.159,0.170,0.123,0.187,0.168,0.128,0.097,0.096,0.146,0.291,0.404,0.297,Low_SNR,Low_SNR,0.147,0.161,Low_SNR,0.122,0.267,0.122,0.21
9,0.304,0.162,0.129,0.159,0.175,0.137,0.188,0.168,0.119,0.099,0.099,0.144,0.286,0.404,0.314,Low_SNR,Low_SNR,0.140,0.165,Low_SNR,0.119,0.261,0.134,0.22
10,0.303,0.163,0.128,0.158,0.177,0.130,0.189,0.167,0.129,0.094,0.090,0.142,0.283,0.401,0.316,Low_SNR,Low_SNR,0.146,0.161,Low_SNR,0.111,0.261,0.115,0.20
11,0.302,0.151,0.121,0.153,0.168,0.120,0.184,0.162,0.110,0.096,0.095,0.130,0.282,0.407,0.317,Low_SNR,Low_SNR,0.142,0.159,Low_SNR,0.119,0.256,0.120,0.22
12,0.304,0.174,0.129,0.154,0.166,0.128,0.185,0.163,0.106,0.088,0.089,0.135,0.281,0.398,0.316,Low_SNR,Low_SNR,0.134,0.155,Low_SNR,0.104,0.259,0.109,0.21
13,0.309,0.170,0.126,0.154,0.164,0.124,0.182,0.163,0.108,0.092,0.087,0.140,0.288,0.407,0.305,0.000,Low_SNR,0.137,0.150,Low_SNR,0.115,0.260,0.118,0.21
14,0.306,0.166,0.125,0.157,0.172,0.131,0.190,0.166,0.123,0.092,0.089,0.135,0.287,0.397,0.316,Low_SNR,Low_SNR,0.143,0.156,Low_SNR,0.116,0.263,0.121,0.21
15,0.311,0.180,0.135,0.162,0.175,0.114,0.181,0.167,0.125,0.096,0.095,0.139,0.288,0.398,0.313,Low_SNR,Low_SNR,0.143,0.163,Low_SNR,0.115,0.251,0.146,0.21
16,0.305,0.165,0.125,0.153,0.168,0.123,0.187,0.164,0.113,0.087,0.089,0.140,0.281,0.399,0.312,Low_SNR,Low_SNR,0.132,0.156,Low_SNR,0.117,0.258,0.134,0.21
17,0.306,0.164,0.130,0.160,0.174,0.132,0.190,0.168,0.120,0.096,0.095,0.147,0.285,0.404,0.302,Low_SNR,Low_SNR,0.146,0.154,Low_SNR,0.118,0.265,0.122,0.22
18,0.307,0.168,0.131,0.160,0.174,0.133,0.186,0.166,0.115,0.099,0.092,0.138,0.282,0.401,0.309,Low_SNR,Low_SNR,0.144,0.159,Low_SNR,0.124,0.260,0.116,0.22
19,0.304,0.159,0.114,0.149,0.163,0.114,0.185,0.158,0.104,0.080,0.084,0.137,0.281,0.404,0.323,Low_SNR,Low_SNR,0.130,0.152,Low_SNR,0.110,0.261,0.094,0.23
20,0.306,0.163,0.125,0.154,0.166,0.109,0.185,0.163,0.117,0.097,0.093,0.141,0.286,0.404,0.303,Low_SNR,Low_SNR,0.141,0.160,Low_SNR,0.128,0.264,0.099,0.22
21,0.302,0.156,0.122,0.153,0.165,0.108,0.186,0.161,0.123,0.100,0.095,0.129,0.282,0.403,0.311,Low_SNR,Low_SNR,0.144,0.162,0.016,0.124,0.268,0.107,0.22
22,0.304,0.177,0.128,0.151,0.168,0.122,0.180,0.163,0.104,0.092,0.087,0.132,0.281,0.402,0.319,Low_SNR,Low_SNR,0.132,0.159,Low_SNR,0.111,0.248,0.132,0.21
23,0.304,0.165,0.127,0.157,0.167,0.116,0.186,0.164,0.126,0.097,0.095,0.136,0.281,0.399,0.315,Low_SNR,0.000,0.143,0.162,Low_SNR,0.131,0.262,0.139,0.21
24,0.301,0.157,0.122,0.152,0.170,0.125,0.184,0.162,0.121,0.092,0.090,0.137,0.277,0.401,0.325,Low_SNR,Low_SNR,0.137,0.156,Low_SNR,0.108,0.252,0.114,0.22
25,0.299,0.143,0.117,0.149,0.167,0.127,0.187,0.159,0.122,0.089,0.087,0.135,0.283,0.409,0.309,Low_SNR,Low_SNR,0.133,0.148,Low_SNR,0.111,0.257,0.109,0.21
26,0.307,0.169,0.130,0.155,0.168,0.118,0.183,0.166,0.122,0.094,0.082,0.132,0.285,0.404,0.320,Low_SNR,Low_SNR,0.137,0.151,Low_SNR,0.107,0.253,0.157,0.23
27,0.301,0.155,0.116,0.149,0.159,0.117,0.185,0.160,0.120,0.089,0.086,0.136,0.281,0.403,0.326,Low_SNR,Low_SNR,0.130,0.151,Low_SNR,0.122,0.253,Low_SNR,0.22
28,0.306,0.162,0.123,0.156,0.168,0.114,0.187,0.165,0.113,0.096,0.099,0.130,0.284,0.408,0.301,Low_SNR,Low_SNR,0.137,0.166,Low_SNR,0.121,0.258,0.089,0.22
29,0.301,0.155,0.123,0.152,0.166,0.122,0.190,0.163,0.124,0.092,0.089,0.127,0.281,0.399,0.304,Low_SNR,Low_SNR,0.137,0.157,Low_SNR,0.120,0.262,0.108,0.21
30,0.310,0.174,0.129,0.159,0.171,0.120,0.180,0.168,0.111,0.103,0.097,0.153,0.289,0.401,0.310,Low_SNR,Low_SNR,0.151,0.162,Low_SNR,0.122,0.243,Low_SNR,0.20
31,0.304,0.172,0.130,0.156,0.173,0.121,0.182,0.164,0.124,0.089,0.092,0.128,0.285,0.393,0.315,0.001,Low_SNR,0.138,0.159,Low_SNR,0.112,0.253,0.111,0.22
32,0.306,0.169,0.128,0.154,0.164,0.097,0.179,0.162,0.112,0.094,0.091,0.145,0.285,0.402,0.312,Low_SNR,Low_SNR,0.137,0.157,Low_SNR,0.125,0.247,0.108,0.23
33,0.305,0.159,0.125,0.157,0.173,0.127,0.189,0.165,0.127,0.095,0.092,0.138,0.283,0.397,0.311,Low_SNR,Low_SNR,0.138,0.162,Low_SNR,0.126,0.259,0.117,0.22
34,0.304,0.162,0.122,0.153,0.170,0.128,0.185,0.163,0.116,0.090,0.088,0.129,0.285,0.406,0.316,Low_SNR,Low_SNR,0.135,0.157,Low_SNR,0.108,0.261,0.113,0.22
35,0.306,0.189,0.145,0.165,0.178,0.148,0.184,0.172,0.104,0.101,0.094,0.159,0.280,0.395,0.311,Low_SNR,Low_SNR,0.146,0.148,Low_SNR,0.115,0.250,Low_SNR,0.21
36,0.306,0.163,0.125,0.157,0.172,0.119,0.181,0.165,0.127,0.096,0.096,0.136,0.288,0.418,0.308,0.000,Low_SNR,0.141,0.162,Low_SNR,0.122,0.254,0.133,0.21
37,0.309,0.173,0.134,0.161,0.174,0.116,0.184,0.165,0.112,0.102,0.100,0.146,0.285,0.404,0.309,Low_SNR,Low_SNR,0.140,0.162,0.041,0.127,0.259,0.125,0.21
38,0.307,0.165,0.128,0.157,0.172,0.119,0.186,0.164,0.113,0.097,0.092,0.144,0.286,0.397,0.306,Low_SNR,Low_SNR,0.142,0.154,Low_SNR,0.113,0.260,0.136,0.22
39,0.303,0.166,0.127,0.158,0.172,0.125,0.187,0.165,0.123,0.091,0.096,0.137,0.282,0.400,0.316,Low_SNR,Low_SNR,0.136,0.161,Low_SNR,0.122,0.261,0.118,0.22
40,0.302,0.156,0.121,0.156,0.168,0.124,0.188,0.163,0.129,0.094,0.090,0.131,0.281,0.403,0.319,Low_SNR,Low_SNR,0.137,0.158,Low_SNR,0.126,0.260,0.103,0.22
41,0.310,0.189,0.148,0.168,0.176,0.149,0.187,0.173,0.126,0.107,0.104,0.152,0.288,0.410,0.282,Low_SNR,Low_SNR,0.168,0.170,Low_SNR,0.123,0.256,0.127,0.21
42,0.302,0.163,0.126,0.153,0.163,0.114,0.183,0.160,0.119,0.095,0.100,0.137,0.279,0.397,0.317,Low_SNR,Low_SNR,0.139,0.156,Low_SNR,0.120,0.255,0.109,0.23
43,0.301,0.164,0.125,0.156,0.168,0.122,0.186,0.164,0.132,0.096,0.089,0.138,0.282,0.405,0.313,Low_SNR,Low_SNR,0.136,0.158,Low_SNR,0.116,0.253,0.113,0.21
44,0.304,0.161,0.124,0.157,0.174,0.129,0.186,0.165,0.111,0.096,0.096,0.152,0.280,0.409,0.308,Low_SNR,Low_SNR,0.138,0.170,Low_SNR,0.141,0.263,0.112,0.21
45,0.303,0.160,0.123,0.157,0.173,0.131,0.187,0.164,0.104,0.090,0.097,0.137,0.281,0.402,0.303,Low_SNR,Low_SNR,0.134,0.167,Low_SNR,0.127,0.255,0.095,0.23
46,0.299,0.161,0.120,0.152,0.165,0.110,0.183,0.159,0.116,0.092,0.090,0.129,0.285,0.407,0.306,Low_SNR,Low_SNR,0.135,0.154,Low_SNR,0.115,0.257,0.125,0.21
47,0.304,0.165,0.126,0.159,0.174,0.118,0.184,0.164,0.125,0.097,0.097,0.133,0.287,0.411,0.298,Low_SNR,Low_SNR,0.140,0.167,Low_SNR,0.123,0.255,0.098,0.20
48,0.304,0.172,0.127,0.154,0.164,0.112,0.186,0.162,0.105,0.091,0.092,0.139,0.282,0.407,0.311,Low_SNR,Low_SNR,0.136,0.152,Low_SNR,0.113,0.254,0.107,0.21
49,0.300,0.166,0.122,0.153,0.170,0.119,0.187,0.161,0.109,0.087,0.083,0.135,0.275,0.403,0.309,Low_SNR,Low_SNR,0.129,0.151,Low_SNR,0.115,0.258,0.143,0.21
50,0.306,0.192,0.136,0.157,0.170,0.101,0.184,0.166,0.115,0.095,0.092,0.132,0.289,0.412,0.296,Low_SNR,Low_SNR,0.141,0.159,Low_SNR,0.114,0.254,0.131,0.21
51,0.298,0.166,0.128,0.159,0.175,0.149,0.192,0.168,0.118,0.091,0.093,0.137,0.277,0.396,0.301,Low_SNR,Low_SNR,0.138,0.159,Low_SNR,0.118,0.265,0.112,0.22
52,0.300,0.174,0.123,0.154,0.173,0.123,0.184,0.162,0.110,0.088,0.085,0.126,0.281,0.402,0.311,Low_SNR,Low_SNR,0.131,0.157,Low_SNR,0.106,0.251,0.124,0.22
53,0.301,0.153,0.120,0.153,0.168,0.128,0.187,0.162,0.131,0.092,0.088,0.136,0.285,0.402,0.308,0.000,Low_SNR,0.139,0.155,Low_SNR,0.110,0.260,0.114,0.22
54,0.299,0.160,0.123,0.152,0.171,0.129,0.187,0.162,0.116,0.089,0.089,0.135,0.276,0.396,0.317,Low_SNR,Low_SNR,0.133,0.156,Low_SNR,0.113,0.256,0.112,0.22
55,0.304,0.172,0.126,0.156,0.173,0.124,0.180,0.164,0.120,0.097,0.092,0.151,0.286,0.404,0.302,Low_SNR,Low_SNR,0.136,0.155,Low_SNR,0.117,0.248,0.168,0.21
56,0.304,0.184,0.137,0.159,0.170,Low_SNR,0.177,0.164,0.123,0.097,0.096,0.147,0.285,0.403,0.308,Low_SNR,Low_SNR,0.137,0.166,Low_SNR,0.127,0.249,0.178,0.22
57,0.300,0.167,0.115,0.153,0.162,0.157,0.187,0.163,0.116,0.086,0.087,0.121,0.277,0.403,0.317,Low_SNR,Low_SNR,0.124,0.154,Low_SNR,0.123,0.257,Low_SNR,0.22
58,0.301,0.163,0.126,0.152,0.164,0.095,0.182,0.159,0.110,0.089,0.085,0.141,0.287,0.402,0.308,Low_SNR,Low_SNR,0.135,0.152,Low_SNR,0.116,0.252,Low_SNR,0.21
59,0.296,0.150,0.128,0.158,0.171,0.084,0.184,0.161,0.131,0.105,0.101,0.130,0.278,0.397,0.310,Low_SNR,Low_SNR,0.152,0.172,Low_SNR,0.127,0.268,Low_SNR,0.21
60,0.299,0.153,0.115,0.148,0.163,Low_SNR,0.189,0.160,0.122,0.090,0.090,0.139,0.284,0.402,0.314,0.001,Low_SNR,0.132,0.153,0.017,0.117,0.260,Low_SNR,0.23
61,0.297,0.147,0.115,0.152,0.163,0.114,0.180,0.160,0.115,0.094,0.092,0.137,0.278,0.403,0.324,Low_SNR,Low_SNR,0.139,0.154,Low_SNR,0.121,0.255,0.152,0.21
62,0.300,0.162,0.124,0.156,0.168,0.118,0.184,0.165,0.122,0.096,0.094,0.148,0.283,0.409,0.302,Low_SNR,Low_SNR,0.143,0.160,Low_SNR,0.114,0.254,0.112,0.21
63,0.302,0.167,0.129,0.155,0.168,0.126,0.191,0.165,0.122,0.096,0.092,0.137,0.280,0.404,0.305,Low_SNR,Low_SNR,0.138,0.154,Low_SNR,0.118,0.262,0.124,0.22
64,0.304,0.173,0.132,0.162,0.178,0.122,0.182,0.168,0.121,0.094,0.098,0.151,0.284,0.396,0.300,Low_SNR,0.000,0.142,0.166,Low_SNR,0.120,0.252,0.155,0.22
65,0.298,0.168,0.130,0.159,0.174,0.101,0.190,0.166,0.102,0.093,0.095,0.147,0.278,0.398,0.300,Low_SNR,Low_SNR,0.137,0.170,Low_SNR,0.115,0.262,Low_SNR,0.21
66,0.305,0.181,0.131,0.158,0.166,0.110,0.193,0.167,0.118,0.097,0.094,0.137,0.279,0.393,0.300,Low_SNR,Low_SNR,0.144,0.157,Low_SNR,0.128,0.265,Low_SNR,0.23
67,0.307,0.201,0.132,0.154,0.160,0.100,0.180,0.165,0.116,0.088,0.086,0.140,0.285,0.401,0.313,Low_SNR,0.000,0.129,0.149,Low_SNR,0.119,0.253,Low_SNR,0.22
68,0.305,0.191,0.139,0.162,0.177,0.124,0.186,0.171,0.121,0.100,0.094,0.129,0.285,0.400,0.296,Low_SNR,Low_SNR,0.151,0.164,Low_SNR,0.111,0.261,0.109,0.22
69,0.301,0.184,0.130,0.159,0.172,0.146,0.193,0.171,0.120,0.089,0.090,0.140,0.282,0.391,0.302,Low_SNR,Low_SNR,0.133,0.158,Low_SNR,0.114,0.269,Low_SNR,0.23
70,0.300,0.155,0.123,0.158,0.173,0.118,0.181,0.165,0.136,0.104,0.102,0.143,0.286,0.405,0.309,Low_SNR,Low_SNR,0.146,0.170,Low_SNR,0.122,0.253,Low_SNR,0.23
71,0.296,0.141,0.118,0.155,0.174,0.109,0.185,0.162,0.130,0.093,0.098,0.126,0.276,0.399,0.322,Low_SNR,Low_SNR,0.132,0.164,Low_SNR,0.112,0.262,0.125,0.23
72,0.305,0.171,0.121,0.149,0.155,Low_SNR,0.181,0.158,0.107,0.086,0.084,0.136,0.280,0.403,0.308,Low_SNR,Low_SNR,0.134,0.158,Low_SNR,0.117,0.262,0.135,0.21
73,0.301,0.167,0.130,0.161,0.186,0.173,0.185,0.169,0.105,0.091,0.089,0.148,0.285,0.402,0.308,Low_SNR,Low_SNR,0.136,0.159,Low_SNR,0.105,0.243,Low_SNR,0.24
74,0.300,0.168,0.123,0.154,0.165,0.111,0.191,0.166,0.120,0.093,0.093,0.130,0.281,0.400,0.306,Low_SNR,Low_SNR,0.136,0.152,Low_SNR,0.116,0.262,Low_SNR,0.22
75,0.295,0.152,0.123,0.154,0.169,0.108,0.178,0.160,0.134,0.093,0.088,0.133,0.277,0.396,0.317,Low_SNR,Low_SNR,0.139,0.163,Low_SNR,0.123,0.254,Low_SNR,0.22
76,0.296,0.165,0.124,0.153,0.163,0.120,0.191,0.163,0.117,0.090,0.090,0.131,0.278,0.399,0.320,0.000,Low_SNR,0.130,0.156,Low_SNR,0.114,0.259,Low_SNR,0.22
77,0.289,0.137,0.111,0.149,0.162,0.129,0.193,0.159,0.117,0.088,0.087,0.128,0.272,0.396,0.315,Low_SNR,Low_SNR,0.133,0.151,Low_SNR,0.110,0.261,Low_SNR,0.22
78,0.294,0.152,0.122,0.148,0.159,0.103,0.192,0.160,0.120,0.092,0.085,0.135,0.279,0.400,0.317,Low_SNR,Low_SNR,0.138,0.150,Low_SNR,0.110,0.260,Low_SNR,0.21
79,0.304,0.189,0.140,0.161,0.170,0.097,0.177,0.167,0.122,0.103,0.096,0.152,0.284,0.395,0.306,Low_SNR,Low_SNR,0.151,0.169,Low_SNR,0.130,0.256,Low_SNR,0.22
80,0.297,0.165,0.117,0.151,0.163,0.105,0.192,0.163,0.124,0.088,0.090,0.130,0.274,0.395,0.310,Low_SNR,Low_SNR,0.125,0.158,Low_SNR,0.118,0.256,Low_SNR,0.21
81,0.301,0.177,0.138,0.160,0.171,0.117,0.180,0.167,0.112,0.100,0.095,0.144,0.280,0.397,0.313,Low_SNR,Low_SNR,0.143,0.167,Low_SNR,0.111,0.257,Low_SNR,0.22
82,0.296,0.153,0.114,0.152,0.164,Low_SNR,0.178,0.161,0.117,0.090,0.088,0.130,0.279,0.401,0.322,Low_SNR,Low_SNR,0.135,0.161,Low_SNR,0.129,0.256,0.171,0.22
83,0.301,0.158,0.121,0.154,0.168,0.098,0.183,0.162,0.140,0.094,0.093,0.163,0.286,0.398,0.299,Low_SNR,Low_SNR,0.147,0.163,Low_SNR,0.131,0.261,0.168,0.23
84,0.295,0.144,0.119,0.157,0.176,0.147,0.184,0.164,0.122,0.097,0.094,0.134,0.274,0.396,0.317,Low_SNR,Low_SNR,0.142,0.154,Low_SNR,0.115,0.252,Low_SNR,0.22
85,0.302,0.171,0.127,0.158,0.175,Low_SNR,0.192,0.166,0.115,0.093,0.093,0.139,0.277,0.395,0.302,Low_SNR,Low_SNR,0.137,0.161,Low_SNR,0.115,0.262,Low_SNR,0.23
86,0.296,0.164,0.119,0.152,0.160,0.084,0.189,0.161,0.121,0.095,0.095,0.141,0.274,0.390,0.314,Low_SNR,0.000,0.131,0.153,Low_SNR,0.116,0.258,Low_SNR,0.20
87,0.294,0.154,0.116,0.149,0.159,0.109,0.192,0.161,0.107,0.091,0.087,0.125,0.272,0.396,0.313,Low_SNR,Low_SNR,0.134,0.149,Low_SNR,0.109,0.260,Low_SNR,0.25
88,0.294,0.144,0.111,0.151,0.170,0.142,0.194,0.162,0.124,0.089,0.089,0.125,0.274,0.395,0.311,Low_SNR,Low_SNR,0.130,0.151,Low_SNR,0.105,0.264,Low_SNR,0.21
89,0.292,0.151,0.109,0.142,0.158,0.117,0.193,0.159,0.102,0.082,0.078,0.122,0.273,0.405,0.308,Low_SNR,Low_SNR,0.118,0.143,Low_SNR,0.108,0.268,Low_SNR,0.21
90,0.294,0.154,0.121,0.152,0.168,0.147,0.200,0.166,0.117,0.088,0.083,0.121,0.271,0.396,0.293,Low_SNR,Low_SNR,0.135,0.142,Low_SNR,0.109,0.264,Low_SNR,0.20
91,0.294,0.170,0.130,0.155,0.164,0.125,0.194,0.165,0.122,0.091,0.087,0.135,0.273,0.386,0.314,Low_SNR,Low_SNR,0.135,0.151,Low_SNR,0.120,0.261,Low_SNR,0.22
92,0.302,Low_SNR,0.172,0.167,0.179,Low_SNR,0.193,0.181,0.113,Low_SNR,0.076,0.143,0.276,0.374,0.305,Low_SNR,Low_SNR,Low_SNR,0.137,Low_SNR,0.064,0.258,Low_SNR,0.23
93,0.297,0.150,0.121,0.152,0.156,0.163,0.195,0.165,0.116,0.090,0.083,0.138,0.275,0.393,0.308,Low_SNR,Low_SNR,0.142,0.135,Low_SNR,0.117,0.258,Low_SNR,0.21
94,0.293,0.164,0.125,0.157,0.162,Low_SNR,0.188,0.163,0.113,0.097,0.097,0.130,0.270,0.388,0.314,Low_SNR,Low_SNR,0.140,0.151,Low_SNR,0.123,0.260,Low_SNR,0.20
95,0.300,0.171,0.122,0.154,0.158,0.090,0.179,0.159,0.118,0.090,0.087,0.135,0.286,0.410,0.309,Low_SNR,Low_SNR,0.132,0.160,Low_SNR,0.127,0.256,Low_SNR,0.20
96,0.291,0.144,0.115,0.158,0.190,0.168,0.198,0.168,0.126,0.093,0.092,0.125,0.266,0.387,0.297,Low_SNR,Low_SNR,0.140,0.154,Low_SNR,0.109,0.261,Low_SNR,0.21
97,0.296,0.173,0.129,0.154,0.163,0.122,0.191,0.163,0.118,0.088,0.091,0.130,0.277,0.399,0.312,Low_SNR,Low_SNR,0.135,0.154,Low_SNR,0.107,0.259,Low_SNR,0.21
98,0.296,0.161,0.108,0.150,0.168,0.135,0.190,0.163,0.116,0.083,0.082,0.140,0.276,0.394,0.314,Low_SNR,Low_SNR,0.115,0.148,Low_SNR,0.113,0.261,Low_SNR,0.21
99,0.298,0.178,0.125,0.155,0.172,0.097,0.179,0.163,0.117,0.092,0.092,0.151,0.280,0.395,0.318,Low_SNR,Low_SNR,0.144,0.162,Low_SNR,0.123,0.254,Low_SNR,0.23
100,0.292,0.159,0.120,0.156,0.167,0.108,0.187,0.163,0.116,0.100,0.097,0.141,0.275,0.390,0.314,Low_SNR,Low_SNR,0.141,0.161,Low_SNR,0.116,0.255,Low_SNR,0.21
101,0.297,0.169,0.132,0.157,0.163,0.106,0.182,0.163,0.108,0.099,0.091,0.137,0.277,0.403,0.316,Low_SNR,Low_SNR,0.145,0.153,Low_SNR,0.114,0.267,Low_SNR,0.22
102,0.296,0.178,0.127,0.159,0.175,0.156,0.189,0.169,0.107,0.088,0.088,0.126,0.274,0.386,0.311,Low_SNR,Low_SNR,0.127,0.149,Low_SNR,0.112,0.261,Low_SNR,0.22
103,0.297,0.168,0.134,0.169,0.195,0.172,0.176,0.171,0.125,0.103,0.097,0.140,0.276,0.390,0.317,Low_SNR,Low_SNR,0.152,0.163,Low_SNR,0.126,0.246,0.234,0.21
104,0.297,0.168,0.123,0.162,0.171,0.144,0.176,0.165,0.113,0.098,0.095,0.148,0.282,0.401,0.320,Low_SNR,Low_SNR,0.138,0.155,Low_SNR,0.126,0.249,0.155,0.21
105,0.298,0.173,0.139,0.159,0.165,0.104,0.186,0.167,0.126,0.098,0.092,0.148,0.286,0.401,0.299,Low_SNR,Low_SNR,0.146,0.165,Low_SNR,0.120,0.258,Low_SNR,0.21
106,0.292,0.166,0.121,0.154,0.169,0.137,0.195,0.165,0.112,0.079,0.081,0.131,0.276,0.389,0.320,Low_SNR,Low_SNR,0.128,0.143,Low_SNR,0.099,0.259,Low_SNR,0.22
107,0.295,0.166,0.121,0.153,0.158,0.088,0.189,0.163,0.123,0.090,0.092,0.137,0.282,0.402,0.304,Low_SNR,Low_SNR,0.137,0.154,Low_SNR,0.121,0.261,Low_SNR,0.21
108,0.293,0.164,0.121,0.153,0.166,Low_SNR,0.198,0.163,0.100,0.087,0.086,0.128,0.269,0.390,0.319,Low_SNR,Low_SNR,0.135,0.154,Low_SNR,0.098,0.258,Low_SNR,0.21
109,0.295,0.188,0.126,0.156,0.177,0.116,0.191,0.166,0.100,0.085,0.089,0.142,0.275,0.388,0.314,Low_SNR,Low_SNR,0.118,0.155,0.034,0.107,0.256,Low_SNR,0.21
110,0.292,0.158,0.118,0.153,0.164,0.112,0.194,0.163,0.110,0.078,0.092,0.132,0.274,0.391,0.314,Low_SNR,Low_SNR,0.131,0.153,Low_SNR,0.116,0.265,Low_SNR,0.22
111,0.295,0.178,0.134,0.158,0.166,0.148,0.198,0.170,0.112,0.093,0.082,0.131,0.272,0.384,0.312,Low_SNR,Low_SNR,0.146,0.149,0.017,0.109,0.266,Low_SNR,0.20
112,0.290,0.128,0.127,0.162,0.192,0.159,0.180,0.166,0.138,0.102,0.092,0.167,0.276,0.396,0.321,Low_SNR,Low_SNR,0.150,0.151,Low_SNR,0.126,0.259,Low_SNR,0.23
113,0.301,0.179,0.135,0.164,0.172,0.144,0.175,0.171,0.129,0.100,0.102,0.140,0.283,0.394,0.305,Low_SNR,Low_SNR,0.136,0.170,Low_SNR,0.127,0.252,0.180,0.22
114,0.291,0.140,0.117,0.151,0.163,Low_SNR,0.195,0.161,0.109,0.097,0.088,0.129,0.274,0.396,0.316,Low_SNR,Low_SNR,0.144,0.162,Low_SNR,0.113,0.257,Low_SNR,0.23
115,0.296,0.155,0.113,0.151,0.157,0.128,0.179,0.164,0.128,0.091,0.093,0.142,0.284,0.404,0.312,Low_SNR,Low_SNR,0.118,0.153,Low_SNR,0.134,0.250,Low_SNR,0.21
116,0.289,0.156,0.124,0.150,0.152,Low_SNR,0.198,0.157,0.096,0.097,0.096,0.135,0.275,0.403,0.302,Low_SNR,Low_SNR,0.145,0.167,Low_SNR,0.112,0.270,Low_SNR,0.22
117,0.293,0.170,0.133,0.156,0.170,0.102,0.181,0.165,0.119,0.093,0.093,0.136,0.275,0.411,0.308,0.000,Low_SNR,0.136,0.160,Low_SNR,0.128,0.252,Low_SNR,0.20
118,0.294,0.166,0.129,0.160,0.174,0.147,0.180,0.167,0.117,0.095,0.094,0.140,0.280,0.413,0.308,Low_SNR,Low_SNR,0.142,0.156,Low_SNR,0.121,0.253,0.156,0.21
119,0.294,0.157,0.128,0.161,0.181,0.123,0.173,0.166,0.125,0.098,0.099,0.146,0.282,0.409,0.314,0.001,Low_SNR,0.150,0.172,Low_SNR,0.131,0.250,Low_SNR,0.21
120,0.292,0.157,0.126,0.160,0.180,0.127,0.177,0.164,0.110,0.089,0.088,0.133,0.277,0.414,0.311,Low_SNR,Low_SNR,0.134,0.164,Low_SNR,0.107,0.240,Low_SNR,0.21
121,0.296,0.172,0.128,0.157,0.156,0.120,0.191,0.164,0.112,0.089,0.090,0.136,0.278,0.404,0.302,Low_SNR,Low_SNR,0.138,0.164,Low_SNR,0.123,0.257,Low_SNR,0.21
122,0.292,0.170,0.127,0.159,0.171,0.116,0.179,0.165,0.113,0.092,0.094,0.140,0.279,0.406,0.316,Low_SNR,Low_SNR,0.132,0.159,Low_SNR,0.114,0.250,0.131,0.21
123,0.281,0.133,0.098,0.163,0.224,Low_SNR,0.190,0.168,0.158,Low_SNR,0.113,0.194,0.278,0.409,0.316,Low_SNR,Low_SNR,Low_SNR,0.204,Low_SNR,Low_SNR,0.267,Low_SNR,0.25
124,0.289,0.137,0.113,0.141,0.141,Low_SNR,0.187,0.149,0.122,0.089,0.075,0.157,0.282,0.408,0.320,Low_SNR,Low_SNR,Low_SNR,0.147,Low_SNR,0.143,0.262,0.111,0.20
125,0.295,0.183,0.132,0.157,0.164,0.089,0.182,0.164,0.128,0.086,0.092,0.136,0.276,0.391,0.315,Low_SNR,Low_SNR,0.136,0.161,Low_SNR,0.120,0.255,0.119,0.21
126,0.291,0.160,0.121,0.153,0.162,0.117,0.182,0.161,0.105,0.089,0.088,0.135,0.279,0.400,0.314,Low_SNR,Low_SNR,0.134,0.149,Low_SNR,0.107,0.253,0.123,0.21
127,0.291,0.160,0.122,0.155,0.166,0.125,0.185,0.164,0.113,0.091,0.083,0.138,0.275,0.393,0.315,Low_SNR,Low_SNR,0.134,0.149,Low_SNR,0.114,0.256,0.109,0.22
128,0.289,0.162,0.124,0.155,0.164,0.121,0.190,0.165,0.120,0.092,0.090,0.137,0.272,0.389,0.311,Low_SNR,Low_SNR,0.132,0.156,Low_SNR,0.112,0.258,0.118,0.22
129,0.290,0.159,0.123,0.155,0.169,0.130,0.188,0.163,0.106,0.090,0.090,0.134,0.274,0.393,0.313,Low_SNR,Low_SNR,0.136,0.157,Low_SNR,0.109,0.251,0.115,0.21
130,0.291,0.164,0.123,0.152,0.164,0.109,0.187,0.161,0.112,0.091,0.088,0.133,0.271,0.393,0.323,Low_SNR,Low_SNR,0.135,0.155,Low_SNR,0.108,0.254,0.099,0.23
131,0.293,0.163,0.124,0.155,0.170,0.127,0.189,0.164,0.113,0.084,0.086,0.144,0.275,0.396,0.317,Low_SNR,Low_SNR,0.134,0.155,Low_SNR,0.113,0.257,0.101,0.21
132,0.291,0.175,0.127,0.155,0.165,0.112,0.185,0.162,0.110,0.093,0.090,0.130,0.270,0.388,0.323,Low_SNR,Low_SNR,0.127,0.156,Low_SNR,0.113,0.254,0.122,0.21
133,0.290,0.161,0.123,0.157,0.169,0.131,0.191,0.164,0.119,0.091,0.087,0.139,0.278,0.394,0.317,Low_SNR,Low_SNR,0.141,0.156,Low_SNR,0.114,0.258,0.118,0.21
134,0.291,0.162,0.126,0.154,0.165,0.118,0.187,0.163,0.116,0.096,0.090,0.142,0.274,0.387,0.328,Low_SNR,Low_SNR,0.139,0.154,Low_SNR,0.114,0.253,0.114,0.21
135,0.295,0.171,0.129,0.157,0.169,0.127,0.188,0.164,0.116,0.094,0.091,0.134,0.278,0.395,0.311,Low_SNR,Low_SNR,0.144,0.155,Low_SNR,0.110,0.254,0.105,0.22
136,0.290,0.157,0.118,0.152,0.167,0.123,0.187,0.161,0.122,0.088,0.088,0.134,0.277,0.396,0.315,Low_SNR,Low_SNR,0.128,0.158,Low_SNR,0.113,0.254,0.099,0.21
137,0.294,0.165,0.125,0.156,0.168,0.122,0.184,0.163,0.109,0.093,0.089,0.134,0.278,0.394,0.316,Low_SNR,Low_SNR,0.137,0.152,Low_SNR,0.111,0.252,0.133,0.21
138,0.292,0.168,0.126,0.156,0.167,0.113,0.183,0.163,0.115,0.094,0.091,0.136,0.275,0.386,0.316,Low_SNR,Low_SNR,0.136,0.158,Low_SNR,0.115,0.248,0.129,0.22
139,0.292,0.164,0.122,0.155,0.168,0.115,0.186,0.161,0.109,0.092,0.090,0.133,0.275,0.393,0.319,Low_SNR,Low_SNR,0.133,0.158,Low_SNR,0.115,0.253,0.119,0.22
140,0.296,0.170,0.126,0.158,0.168,0.124,0.188,0.169,0.116,0.092,0.094,0.145,0.282,0.393,0.320,Low_SNR,Low_SNR,0.136,0.155,Low_SNR,0.112,0.255,0.124,0.21
141,0.291,0.158,0.123,0.155,0.167,0.122,0.185,0.162,0.119,0.090,0.083,0.136,0.277,0.390,0.322,Low_SNR,Low_SNR,0.135,0.154,Low_SNR,0.114,0.252,0.119,0.21
142,0.291,0.161,0.125,0.156,0.164,0.123,0.185,0.165,0.108,0.093,0.094,0.137,0.275,0.398,0.306,Low_SNR,Low_SNR,0.140,0.154,Low_SNR,0.114,0.253,0.122,0.22
143,0.291,0.171,0.129,0.160,0.172,0.123,0.181,0.164,0.105,0.094,0.090,0.139,0.282,0.387,0.306,Low_SNR,Low_SNR,0.137,0.164,Low_SNR,0.122,0.248,0.104,0.22
144,0.289,0.170,0.124,0.158,0.170,0.120,0.192,0.167,0.121,0.094,0.093,0.137,0.275,0.378,0.308,Low_SNR,Low_SNR,0.138,0.155,Low_SNR,0.099,0.262,0.076,0.21
145,0.290,0.169,0.127,0.161,0.171,0.123,0.187,0.163,0.113,0.093,0.090,0.131,0.271,0.387,0.310,0.000,Low_SNR,0.137,0.155,Low_SNR,0.113,0.254,0.132,0.20
146,0.291,0.157,0.124,0.157,0.168,0.111,0.187,0.163,0.111,0.094,0.094,0.139,0.277,0.390,0.307,Low_SNR,Low_SNR,0.135,0.162,Low_SNR,0.124,0.255,0.136,0.21
147,0.288,0.164,0.127,0.159,0.166,0.122,0.188,0.166,0.130,0.097,0.093,0.144,0.272,0.381,0.320,Low_SNR,Low_SNR,0.140,0.157,Low_SNR,0.128,0.251,0.094,0.21
148,0.293,0.169,0.125,0.156,0.165,0.121,0.185,0.163,0.114,0.093,0.087,0.131,0.281,0.398,0.309,Low_SNR,Low_SNR,0.140,0.152,Low_SNR,0.106,0.246,0.106,0.21
149,0.294,0.166,0.135,0.162,0.173,0.126,0.186,0.170,0.118,0.099,0.096,0.148,0.285,0.380,0.300,Low_SNR,Low_SNR,0.148,0.166,Low_SNR,0.119,0.250,0.111,0.20
150,0.291,0.166,0.121,0.152,0.159,0.110,0.179,0.162,0.108,0.086,0.086,0.126,0.280,0.400,0.314,Low_SNR,Low_SNR,0.133,0.152,Low_SNR,0.111,0.244,0.112,0.22
151,0.293,0.161,0.124,0.153,0.172,0.115,0.183,0.164,0.110,0.090,0.085,0.135,0.284,0.394,0.312,Low_SNR,Low_SNR,0.139,0.159,Low_SNR,0.112,0.252,0.124,0.22
152,0.291,0.185,0.140,0.161,0.171,Low_SNR,0.187,0.170,0.115,0.095,0.089,0.139,0.272,0.384,0.317,Low_SNR,Low_SNR,0.148,0.137,Low_SNR,0.108,0.244,Low_SNR,0.21
153,0.287,0.164,0.133,0.161,0.162,Low_SNR,0.185,0.164,0.145,0.106,0.103,0.158,0.272,0.380,0.305,Low_SNR,Low_SNR,0.161,0.166,Low_SNR,0.143,0.268,Low_SNR,0.22
154,0.289,0.164,0.105,0.149,0.163,0.193,0.195,0.167,0.121,0.085,0.077,0.121,0.271,0.387,0.313,Low_SNR,Low_SNR,0.127,0.130,0.033,0.106,0.254,Low_SNR,0.21
155,0.291,0.178,0.128,0.151,0.169,0.138,0.183,0.164,0.106,0.081,0.081,0.134,0.281,0.389,0.310,Low_SNR,Low_SNR,0.124,0.147,Low_SNR,0.101,0.251,Low_SNR,0.20
156,0.291,0.161,0.138,0.168,0.175,0.128,0.190,0.176,0.123,0.107,0.103,0.148,0.275,0.383,0.307,Low_SNR,Low_SNR,0.155,0.160,Low_SNR,0.113,0.264,0.155,0.22
157,0.293,0.158,0.123,0.156,0.166,0.110,0.183,0.164,0.126,0.099,0.096,0.128,0.276,0.393,0.313,Low_SNR,Low_SNR,0.147,0.159,Low_SNR,0.114,0.248,0.113,0.22
158,0.296,0.181,0.131,0.160,0.164,0.128,0.190,0.173,0.114,0.095,0.090,0.134,0.270,0.375,0.311,0.001,Low_SNR,0.128,0.159,Low_SNR,0.120,0.258,0.131,0.22
159,0.290,0.159,0.129,0.162,0.175,0.129,0.184,0.170,0.129,0.105,0.095,0.146,0.274,0.381,0.320,Low_SNR,Low_SNR,0.147,0.165,Low_SNR,0.123,0.247,0.148,0.21
160,0.290,0.164,0.121,0.152,0.167,0.125,0.187,0.165,0.108,0.094,0.074,0.131,0.270,0.394,0.319,Low_SNR,Low_SNR,0.131,0.151,Low_SNR,0.114,0.251,0.127,0.21
161,0.285,0.156,0.121,0.156,0.170,0.137,0.194,0.167,0.113,0.079,0.079,0.131,0.262,0.373,0.320,Low_SNR,Low_SNR,0.127,0.163,Low_SNR,0.103,0.271,Low_SNR,0.22
162,0.297,0.179,0.142,0.172,0.182,0.124,0.183,0.176,0.127,0.104,0.100,0.147,0.272,0.376,0.293,Low_SNR,Low_SNR,0.156,0.175,Low_SNR,0.125,0.251,0.121,0.23
163,0.292,0.165,0.125,0.156,0.164,0.122,0.186,0.166,0.118,0.096,0.091,0.142,0.278,0.392,0.312,Low_SNR,Low_SNR,0.140,0.154,Low_SNR,0.123,0.254,0.130,0.22
164,0.292,0.174,0.124,0.156,0.167,0.109,0.183,0.168,0.100,0.096,0.088,0.132,0.278,0.390,0.311,Low_SNR,Low_SNR,0.129,0.151,Low_SNR,0.105,0.251,0.100,0.22
165,0.285,0.153,0.126,0.158,0.168,0.147,0.201,0.169,0.112,0.105,0.130,0.134,0.265,0.366,0.327,Low_SNR,Low_SNR,0.154,0.167,Low_SNR,0.100,0.275,0.109,0.21
166,0.289,0.164,0.129,0.159,0.171,0.124,0.185,0.165,0.109,0.080,0.077,0.137,0.279,0.385,0.322,Low_SNR,Low_SNR,0.135,0.156,Low_SNR,0.110,0.244,0.117,0.22
167,0.288,0.161,0.136,0.168,0.181,0.125,0.191,0.170,0.116,0.104,0.115,0.131,0.265,0.382,0.326,Low_SNR,Low_SNR,0.143,0.172,Low_SNR,0.118,0.253,0.161,0.21
168,0.288,0.158,0.115,0.148,0.153,0.112,0.187,0.159,0.110,0.096,0.091,0.135,0.284,0.395,0.325,Low_SNR,Low_SNR,0.124,0.147,Low_SNR,0.097,0.257,Low_SNR,0.22
169,0.292,0.155,0.124,0.155,0.171,0.123,0.184,0.164,0.094,Low_SNR,0.069,0.120,0.283,0.396,0.339,Low_SNR,Low_SNR,0.129,0.148,Low_SNR,0.105,0.243,0.121,0.23
170,0.290,0.162,0.118,0.155,0.168,0.118,0.186,0.166,0.107,0.108,0.093,0.139,0.277,0.387,0.342,Low_SNR,Low_SNR,0.138,0.160,Low_SNR,0.116,0.252,0.121,0.22
171,0.289,0.168,0.128,0.160,0.162,0.122,0.188,0.168,0.116,0.097,0.087,0.132,0.278,0.385,0.333,Low_SNR,0.000,0.140,0.159,Low_SNR,0.119,0.255,0.134,0.21
172,0.289,0.164,0.121,0.160,0.172,0.133,0.190,0.170,0.124,0.101,0.091,0.145,0.263,0.374,0.330,Low_SNR,Low_SNR,0.146,0.165,Low_SNR,0.118,0.255,0.130,0.22
173,0.283,0.133,0.121,0.163,0.176,0.106,0.184,0.163,0.125,0.090,0.103,0.143,0.273,0.377,0.328,Low_SNR,Low_SNR,0.149,0.170,Low_SNR,0.126,0.252,0.111,0.21
174,0.297,0.195,0.132,0.151,0.164,Low_SNR,0.186,0.167,0.109,0.102,0.084,0.093,0.279,0.381,0.320,Low_SNR,Low_SNR,0.128,0.146,Low_SNR,0.101,0.254,0.093,0.22
175,0.287,0.144,0.122,0.160,0.169,0.155,0.192,0.171,0.141,0.122,0.090,0.148,0.270,0.375,0.327,Low_SNR,Low_SNR,0.151,0.154,Low_SNR,0.123,0.257,0.121,0.22
176,0.287,0.161,0.140,0.166,0.171,0.120,0.192,0.172,0.121,0.108,0.104,0.151,0.269,0.371,0.330,0.000,Low_SNR,0.153,0.166,Low_SNR,0.135,0.257,0.123,0.22
177,0.290,0.159,0.104,0.160,0.175,Low_SNR,0.194,0.169,0.119,0.087,0.100,0.148,0.277,0.375,0.331,Low_SNR,Low_SNR,0.145,0.166,Low_SNR,0.106,0.263,Low_SNR,0.23
178,0.290,0.162,0.121,0.156,0.156,0.128,0.190,0.167,0.124,0.106,0.071,0.131,0.275,0.381,0.333,Low_SNR,Low_SNR,0.136,0.150,Low_SNR,0.130,0.250,0.123,0.21
179,0.287,0.160,0.129,0.163,0.167,0.122,0.189,0.170,0.123,0.104,0.098,0.153,0.267,0.371,0.319,Low_SNR,Low_SNR,0.153,0.175,Low_SNR,0.136,0.254,0.099,0.21
180,0.292,0.174,0.136,0.161,0.177,0.151,0.184,0.171,0.120,0.096,0.090,0.135,0.279,0.382,0.305,Low_SNR,Low_SNR,0.129,0.154,Low_SNR,0.101,0.251,0.147,0.22
181,0.282,0.119,0.108,0.148,0.162,0.121,0.184,0.156,0.122,0.084,0.087,0.141,0.274,0.391,0.325,Low_SNR,Low_SNR,0.133,0.149,Low_SNR,0.109,0.255,0.111,0.22
182,0.283,0.135,0.127,0.160,0.165,0.134,0.187,0.163,0.126,0.093,0.092,0.157,0.274,0.383,0.322,Low_SNR,Low_SNR,0.150,0.165,Low_SNR,0.125,0.251,Low_SNR,0.21
183,0.281,0.157,0.130,0.164,0.187,0.145,0.189,0.172,0.126,0.098,0.090,0.171,0.270,0.381,0.317,Low_SNR,Low_SNR,0.145,0.169,Low_SNR,0.116,0.237,Low_SNR,0.22
184,0.289,0.161,0.115,0.152,0.166,0.121,0.193,0.161,0.111,0.090,0.086,0.103,0.269,0.383,0.324,Low_SNR,Low_SNR,0.137,0.153,Low_SNR,0.102,0.254,0.141,0.22
185,0.286,0.153,0.122,0.164,0.182,0.139,0.190,0.170,0.115,0.095,0.094,0.156,0.273,0.382,0.318,Low_SNR,Low_SNR,0.141,0.157,Low_SNR,0.114,0.249,Low_SNR,0.21
186,0.292,0.202,0.136,0.159,0.175,0.122,0.179,0.167,0.100,0.099,0.092,0.153,0.277,0.382,0.307,Low_SNR,Low_SNR,0.137,0.157,Low_SNR,0.102,0.238,Low_SNR,0.22
187,0.287,0.185,0.145,0.167,0.169,0.123,0.179,0.172,0.116,0.119,0.106,0.167,0.272,0.381,0.308,Low_SNR,Low_SNR,0.160,0.166,Low_SNR,0.129,0.249,0.127,0.21
188,0.282,0.149,0.127,0.154,0.165,0.106,0.187,0.158,0.108,0.096,0.088,0.143,0.279,0.404,0.307,Low_SNR,Low_SNR,0.146,0.149,Low_SNR,0.114,0.264,Low_SNR,0.21
189,0.284,0.162,0.130,0.161,0.168,0.127,0.177,0.165,0.129,0.105,0.100,0.174,0.274,0.400,0.300,Low_SNR,Low_SNR,0.153,0.163,Low_SNR,0.135,0.244,0.179,0.22
190,0.288,0.226,0.137,0.152,0.142,Low_SNR,0.191,0.166,0.089,0.086,0.081,Low_SNR,0.270,0.401,0.301,Low_SNR,Low_SNR,0.130,0.135,Low_SNR,0.095,0.251,Low_SNR,0.22
191,0.288,0.141,0.125,0.158,0.167,Low_SNR,0.178,0.161,0.139,0.103,0.094,0.105,0.279,0.399,0.301,Low_SNR,Low_SNR,0.151,0.157,Low_SNR,0.136,0.245,0.184,0.21
192,0.280,0.135,0.113,0.162,0.185,Low_SNR,0.183,0.165,0.136,0.101,0.098,0.166,0.269,0.398,0.299,Low_SNR,Low_SNR,0.147,0.168,Low_SNR,0.119,0.250,Low_SNR,0.22
193,0.279,0.112,0.134,0.153,0.138,Low_SNR,0.189,0.154,0.126,0.114,0.090,0.194,0.274,0.400,0.306,0.000,Low_SNR,0.164,0.142,Low_SNR,0.129,0.271,0.125,0.21
194,0.286,0.185,0.138,0.159,0.166,0.147,0.188,0.168,0.115,0.095,0.087,0.134,0.275,0.404,0.294,Low_SNR,Low_SNR,0.152,0.165,Low_SNR,0.106,0.258,Low_SNR,0.22
195,0.289,0.208,0.129,0.156,0.170,0.149,0.187,0.173,0.103,0.093,0.078,0.174,0.275,0.392,0.300,0.000,0.001,0.128,0.150,Low_SNR,0.107,0.252,Low_SNR,0.23
196,0.292,0.181,0.139,0.163,0.182,0.140,0.180,0.171,0.110,0.097,0.088,0.147,0.279,0.387,0.307,Low_SNR,Low_SNR,0.136,0.151,0.043,0.118,0.243,0.181,0.22
197,0.283,0.141,0.138,0.161,0.167,Low_SNR,0.180,0.161,0.121,0.101,0.099,0.134,0.272,0.404,0.306,Low_SNR,Low_SNR,0.151,0.150,Low_SNR,0.117,0.263,Low_SNR,0.21
198,0.278,0.127,0.111,0.151,0.162,Low_SNR,0.197,0.159,0.121,0.094,0.097,0.113,0.264,0.398,0.308,Low_SNR,Low_SNR,0.138,0.167,Low_SNR,0.118,0.271,Low_SNR,0.21
199,0.289,0.178,0.127,0.159,0.180,Low_SNR,0.185,0.166,0.111,0.092,0.089,0.132,0.281,0.399,0.300,Low_SNR,Low_SNR,0.131,0.154,Low_SNR,0.114,0.239,0.212,0.22
200,0.272,Low_SNR,0.132,0.162,0.172,0.162,0.197,0.164,0.128,0.096,0.096,0.176,0.263,0.391,0.309,Low_SNR,Low_SNR,0.144,0.162,Low_SNR,0.118,0.264,Low_SNR,0.21
201,0.283,0.169,0.131,0.155,0.171,Low_SNR,0.185,0.164,0.107,0.083,0.084,0.151,0.272,0.400,0.306,Low_SNR,Low_SNR,0.128,0.157,Low_SNR,0.107,0.250,Low_SNR,0.22
202,0.297,0.223,0.129,0.154,0.163,0.129,0.189,0.170,0.087,0.088,0.084,Low_SNR,0.266,0.392,0.303,Low_SNR,Low_SNR,0.124,0.150,Low_SNR,0.099,0.249,0.083,0.22
203,0.281,0.167,0.097,0.146,0.160,0.150,0.198,0.163,0.113,0.079,0.082,0.144,0.271,0.397,0.299,Low_SNR,Low_SNR,0.106,0.148,Low_SNR,0.105,0.262,0.175,0.21
204,0.286,0.191,0.133,0.157,0.165,0.130,0.196,0.171,0.111,0.085,0.083,Low_SNR,0.270,0.390,0.299,Low_SNR,Low_SNR,0.128,0.141,Low_SNR,0.105,0.252,Low_SNR,0.21
205,0.297,0.226,0.141,0.166,0.179,Low_SNR,0.168,0.170,0.105,0.105,0.093,Low_SNR,0.276,0.394,0.295,Low_SNR,Low_SNR,0.145,0.157,Low_SNR,0.121,0.223,0.146,0.22
206,0.287,0.200,0.136,0.159,0.166,Low_SNR,0.181,0.165,0.103,0.098,0.098,0.121,0.267,0.385,0.297,Low_SNR,Low_SNR,0.153,0.154,Low_SNR,0.125,0.239,0.116,0.22
207,0.291,0.196,0.128,0.160,0.172,Low_SNR,0.177,0.166,0.113,0.102,0.096,0.137,0.275,0.395,0.306,Low_SNR,Low_SNR,0.145,0.166,Low_SNR,0.123,0.245,Low_SNR,0.23
238,0.281,0.183,0.119,0.137,0.154,0.114,0.179,0.156,0.107,0.071,0.078,Low_SNR,0.265,0.396,0.240,Low_SNR,0.000,0.124,0.124,Low_SNR,0.101,0.241,Low_SNR,0.66
209,0.256,0.190,0.139,0.129,0.145,0.130,0.167,0.151,0.082,0.077,0.086,Low_SNR,0.244,0.349,Low_SNR,Low_SNR,Low_SNR,0.130,0.115,Low_SNR,0.086,0.244,Low_SNR,0.19
240,0.260,0.153,0.107,0.145,0.154,0.095,0.170,0.150,0.097,0.108,0.115,0.120,0.249,0.368,0.277,Low_SNR,Low_SNR,0.124,0.171,Low_SNR,0.110,0.226,Low_SNR,0.20
241,0.283,0.161,0.121,0.156,0.168,0.121,0.188,0.163,0.120,0.100,0.089,0.140,0.269,0.405,0.292,Low_SNR,Low_SNR,0.132,0.153,Low_SNR,0.108,0.250,0.112,0.21
242,0.278,0.149,0.111,0.149,0.161,0.136,0.188,0.161,0.105,0.093,0.084,0.121,0.267,0.404,0.300,Low_SNR,Low_SNR,0.125,0.149,Low_SNR,0.094,0.252,Low_SNR,0.21
243,0.275,0.171,0.132,0.161,0.186,Low_SNR,0.191,0.174,0.138,0.078,0.080,0.184,0.266,0.399,0.304,0.001,Low_SNR,Low_SNR,Low_SNR,Low_SNR,0.126,0.264,0.130,0.22
244,0.284,0.144,0.127,0.163,0.175,0.136,0.189,0.168,0.133,0.101,0.095,0.149,0.274,0.394,0.293,Low_SNR,Low_SNR,0.156,0.168,Low_SNR,0.119,0.256,0.125,0.21
245,0.279,0.168,0.131,0.154,0.154,Low_SNR,0.187,0.163,0.115,0.093,0.088,0.150,0.268,0.392,0.303,Low_SNR,Low_SNR,0.133,0.155,Low_SNR,0.115,0.243,Low_SNR,0.21
246,0.284,0.180,0.142,0.165,0.171,0.064,0.178,0.166,0.123,0.103,0.098,0.147,0.276,0.387,0.293,Low_SNR,Low_SNR,0.161,0.171,Low_SNR,0.130,0.243,Low_SNR,0.20
247,0.281,0.169,0.131,0.157,0.163,0.117,0.197,0.165,0.104,0.088,0.088,0.126,0.265,0.388,0.289,Low_SNR,Low_SNR,0.142,0.152,0.036,0.112,0.258,Low_SNR,0.22
248,0.278,0.147,0.128,0.156,0.166,0.122,0.186,0.163,0.110,0.093,0.085,0.151,0.272,0.396,0.300,Low_SNR,Low_SNR,0.143,0.157,Low_SNR,0.113,0.248,0.122,0.22
249,0.289,0.188,0.125,0.157,0.161,0.128,0.186,0.167,0.107,0.089,0.085,0.128,0.275,0.399,0.294,Low_SNR,Low_SNR,0.135,0.148,Low_SNR,0.115,0.250,0.133,0.21
250,0.277,0.160,0.130,0.158,0.170,0.163,0.197,0.169,0.104,0.084,0.090,0.140,0.256,0.380,0.298,Low_SNR,Low_SNR,0.133,0.145,Low_SNR,0.100,0.257,Low_SNR,0.22
251,0.278,0.162,0.124,0.156,0.169,0.127,0.188,0.167,0.115,0.088,0.092,0.135,0.271,0.390,0.299,Low_SNR,Low_SNR,0.135,0.157,Low_SNR,0.115,0.250,0.119,0.21
252,0.278,0.166,0.110,0.146,0.159,0.130,0.189,0.161,0.101,0.085,0.081,0.116,0.265,0.392,0.309,Low_SNR,Low_SNR,0.122,0.147,Low_SNR,0.117,0.256,0.118,0.21
253,0.284,0.171,0.123,0.162,0.179,0.134,0.187,0.168,0.119,0.108,0.103,0.131,0.265,0.383,0.299,Low_SNR,0.000,0.143,0.166,Low_SNR,0.131,0.258,0.161,0.21
254,0.281,0.162,0.124,0.153,0.165,0.116,0.187,0.164,0.115,0.101,0.091,0.131,0.260,0.391,0.294,Low_SNR,Low_SNR,0.141,0.156,Low_SNR,0.120,0.244,0.117,0.22
255,0.284,0.171,0.132,0.166,0.176,0.122,0.189,0.170,0.129,0.106,0.099,0.137,0.266,0.393,0.292,Low_SNR,Low_SNR,0.144,0.164,Low_SNR,0.120,0.254,0.134,0.21
256,0.281,0.161,0.124,0.155,0.163,0.126,0.189,0.165,0.116,0.080,0.085,0.138,0.268,0.392,0.295,Low_SNR,Low_SNR,0.136,0.152,Low_SNR,0.110,0.252,0.110,0.21
257,0.283,0.161,0.125,0.157,0.166,0.125,0.190,0.164,0.107,0.080,0.081,0.136,0.262,0.396,0.290,Low_SNR,Low_SNR,0.132,0.148,0.014,0.105,0.256,0.121,0.20
258,0.279,0.158,0.123,0.159,0.167,0.135,0.191,0.167,0.114,0.086,0.093,0.139,0.269,0.403,0.290,Low_SNR,Low_SNR,0.133,0.152,Low_SNR,0.103,0.251,Low_SNR,0.21
259,0.279,0.163,0.126,0.158,0.166,0.121,0.184,0.163,0.112,0.093,0.095,0.136,0.269,0.400,0.286,Low_SNR,Low_SNR,0.137,0.154,Low_SNR,0.111,0.244,0.105,0.21
260,0.279,0.162,0.124,0.159,0.172,0.130,0.190,0.167,0.118,0.092,0.090,0.135,0.263,0.400,0.286,Low_SNR,Low_SNR,0.139,0.158,Low_SNR,0.115,0.257,0.131,0.21
261,0.282,0.158,0.131,0.167,0.179,0.143,0.181,0.168,0.131,0.102,0.102,0.141,0.267,0.405,0.288,Low_SNR,Low_SNR,0.147,0.170,Low_SNR,0.125,0.247,0.186,0.21
262,0.280,0.163,0.126,0.158,0.165,0.134,0.185,0.165,0.114,0.098,0.090,0.142,0.274,0.408,0.290,Low_SNR,Low_SNR,0.139,0.150,Low_SNR,0.120,0.254,0.129,0.21
263,0.273,0.141,0.114,0.153,0.165,0.142,0.193,0.159,0.117,0.089,0.089,0.129,0.259,0.400,0.301,Low_SNR,Low_SNR,0.136,0.153,Low_SNR,0.108,0.270,Low_SNR,0.20
264,0.281,0.186,0.134,0.159,0.165,0.175,0.200,0.174,0.098,0.090,0.085,0.130,0.269,0.396,0.286,Low_SNR,Low_SNR,0.139,0.145,Low_SNR,0.088,0.251,Low_SNR,0.21
265,0.280,0.165,0.132,0.159,0.163,Low_SNR,0.188,0.167,0.119,0.096,0.093,0.141,0.270,0.395,0.288,Low_SNR,Low_SNR,0.135,0.154,Low_SNR,0.124,0.245,Low_SNR,0.20
266,0.279,0.159,0.131,0.164,0.178,Low_SNR,0.175,0.165,0.126,0.109,0.102,0.144,0.268,0.398,0.290,Low_SNR,Low_SNR,0.161,0.165,Low_SNR,0.130,0.247,0.152,0.22
267,0.274,0.133,0.117,0.150,0.165,Low_SNR,0.193,0.160,0.121,0.087,0.084,0.144,0.266,0.403,0.299,Low_SNR,Low_SNR,0.139,0.146,Low_SNR,0.112,0.260,0.085,0.21
268,0.279,0.172,0.131,0.160,0.165,0.134,0.189,0.167,0.118,0.088,0.090,0.140,0.268,0.396,0.283,Low_SNR,Low_SNR,0.125,0.162,Low_SNR,0.117,0.242,Low_SNR,0.21
269,0.283,0.182,0.138,0.163,0.171,Low_SNR,0.186,0.168,0.115,0.100,0.097,0.145,0.272,0.396,0.289,Low_SNR,Low_SNR,0.148,0.155,Low_SNR,0.121,0.250,Low_SNR,0.21
270,0.276,0.139,0.117,0.152,0.144,Low_SNR,0.190,0.160,0.134,0.094,0.090,0.148,0.273,0.400,0.287,Low_SNR,Low_SNR,0.136,0.142,Low_SNR,0.127,0.260,0.131,0.21
271,0.281,0.155,0.130,0.162,0.163,0.113,0.201,0.169,0.100,0.098,0.086,0.144,0.267,0.392,0.277,Low_SNR,Low_SNR,0.150,0.165,Low_SNR,0.104,0.274,Low_SNR,0.21
272,0.276,0.139,0.123,0.161,0.174,0.150,0.194,0.168,0.115,0.102,0.099,0.138,0.260,0.399,0.287,Low_SNR,Low_SNR,0.138,0.157,Low_SNR,0.112,0.258,Low_SNR,0.21
273,0.283,0.179,0.131,0.165,0.177,0.144,0.183,0.173,0.116,0.100,0.097,0.144,0.269,0.403,0.287,Low_SNR,Low_SNR,0.134,0.153,Low_SNR,0.111,0.236,0.123,0.22
274,0.276,0.145,0.116,0.158,0.165,0.123,0.191,0.165,0.114,0.095,0.093,0.136,0.260,0.396,0.286,Low_SNR,Low_SNR,0.146,0.160,Low_SNR,0.109,0.250,0.071,0.22
275,0.280,0.180,0.128,0.153,0.158,Low_SNR,0.182,0.160,0.107,0.087,0.087,0.130,0.264,0.400,0.292,Low_SNR,Low_SNR,0.126,0.151,Low_SNR,0.118,0.245,Low_SNR,0.21
276,0.275,0.156,0.122,0.155,0.169,0.147,0.192,0.168,0.115,0.088,0.096,0.139,0.258,0.397,0.289,Low_SNR,0.000,0.122,0.156,Low_SNR,0.110,0.250,0.124,0.21
277,0.278,0.144,0.118,0.157,0.170,0.128,0.191,0.164,0.132,0.104,0.093,0.145,0.261,0.397,0.291,Low_SNR,0.001,0.146,0.161,Low_SNR,0.120,0.257,0.126,0.21
278,0.277,0.166,0.128,0.162,0.172,0.138,0.191,0.169,0.121,0.098,0.092,0.141,0.256,0.385,0.286,Low_SNR,Low_SNR,0.143,0.163,Low_SNR,0.109,0.250,0.105,0.21
279,0.282,0.170,0.130,0.159,0.166,0.121,0.188,0.169,0.119,0.093,0.096,0.138,0.274,0.397,0.288,Low_SNR,Low_SNR,0.132,0.150,Low_SNR,0.119,0.256,0.113,0.21
280,0.278,0.171,0.137,0.165,0.170,0.125,0.189,0.169,0.132,0.103,0.097,0.134,0.268,0.399,0.290,Low_SNR,Low_SNR,0.149,0.161,Low_SNR,0.123,0.246,0.106,0.22
281,0.279,0.162,0.128,0.157,0.171,0.130,0.189,0.167,0.095,0.090,0.097,0.131,0.267,0.393,0.297,Low_SNR,0.001,0.140,0.159,Low_SNR,0.109,0.264,0.137,0.21
282,0.282,0.170,0.122,0.155,0.162,0.126,0.189,0.166,0.116,0.092,0.078,0.138,0.270,0.395,0.287,Low_SNR,Low_SNR,0.135,0.151,Low_SNR,0.105,0.249,0.118,0.22
283,0.273,0.169,0.121,0.157,0.168,0.120,0.190,0.165,0.111,0.093,0.090,0.137,0.262,0.393,0.306,Low_SNR,Low_SNR,0.125,0.153,Low_SNR,0.109,0.254,0.113,0.21
284,0.278,0.168,0.137,0.166,0.181,0.127,0.189,0.174,0.117,0.100,0.095,0.141,0.265,0.393,0.288,Low_SNR,Low_SNR,0.137,0.166,Low_SNR,0.112,0.249,0.131,0.21
285,0.277,0.172,0.130,0.164,0.173,0.122,0.188,0.171,0.132,0.097,0.093,0.128,0.257,0.384,0.287,Low_SNR,Low_SNR,0.137,0.164,Low_SNR,0.124,0.246,0.124,0.21
286,0.278,0.163,0.124,0.157,0.167,0.116,0.188,0.167,0.116,0.096,0.093,0.147,0.269,0.387,0.298,Low_SNR,Low_SNR,0.138,0.159,Low_SNR,0.121,0.247,0.107,0.20
287,0.273,0.147,0.129,0.163,0.180,0.143,0.189,0.171,0.121,0.091,0.091,0.150,0.260,0.382,0.302,Low_SNR,Low_SNR,0.121,0.148,Low_SNR,0.133,0.253,0.150,0.21
288,0.273,0.145,0.118,0.160,0.180,0.125,0.194,0.167,0.109,0.091,0.100,0.136,0.261,0.381,0.293,0.001,Low_SNR,0.130,0.166,Low_SNR,0.094,0.248,Low_SNR,0.21
289,0.271,0.145,0.107,0.147,0.166,0.142,0.193,0.161,0.100,0.077,0.081,0.119,0.259,0.392,0.305,Low_SNR,Low_SNR,0.126,0.151,Low_SNR,0.100,0.252,Low_SNR,0.21
290,0.283,0.176,0.128,0.166,0.173,0.118,0.186,0.170,0.132,0.085,0.092,0.144,0.272,0.381,0.290,0.001,Low_SNR,0.145,0.160,Low_SNR,0.111,0.245,0.116,0.22
291,0.279,0.139,0.114,0.158,0.173,0.150,0.197,0.167,0.114,0.089,0.083,0.144,0.270,0.392,0.304,Low_SNR,Low_SNR,0.143,0.149,Low_SNR,0.107,0.248,0.137,0.22
292,0.277,0.150,0.121,0.160,0.169,0.134,0.183,0.168,0.119,0.094,0.096,0.137,0.271,0.390,0.303,Low_SNR,Low_SNR,0.139,0.166,Low_SNR,0.105,0.246,0.150,0.22
293,0.278,0.144,0.119,0.155,0.176,0.125,0.198,0.165,0.108,0.102,0.092,0.124,0.265,0.387,0.302,Low_SNR,Low_SNR,0.134,0.159,0.029,0.100,0.262,0.127,0.22
294,0.284,0.179,0.125,0.159,0.169,0.115,0.187,0.172,0.123,0.100,0.098,0.140,0.271,0.388,0.291,Low_SNR,Low_SNR,0.140,0.160,Low_SNR,0.113,0.244,Low_SNR,0.21
295,0.276,0.161,0.128,0.163,0.165,0.117,0.190,0.167,0.115,0.092,0.090,0.134,0.261,0.379,0.301,Low_SNR,Low_SNR,0.136,0.160,Low_SNR,0.110,0.251,Low_SNR,0.22
296,0.277,0.176,0.117,0.157,0.172,0.144,0.193,0.169,0.104,0.102,0.088,0.123,0.265,0.401,0.283,Low_SNR,Low_SNR,0.146,0.148,Low_SNR,0.112,0.243,Low_SNR,0.21
297,0.280,0.150,0.119,0.158,0.170,0.099,0.176,0.159,0.116,0.092,0.089,0.123,0.273,0.403,0.288,Low_SNR,Low_SNR,0.143,0.167,Low_SNR,0.128,0.235,0.155,0.22
298,0.280,0.158,0.132,0.162,0.172,0.139,0.188,0.170,0.117,0.098,0.091,0.155,0.273,0.405,0.285,Low_SNR,Low_SNR,0.141,0.157,Low_SNR,0.122,0.249,0.132,0.21
299,0.281,0.210,0.130,0.162,0.173,0.129,0.182,0.174,0.114,0.090,0.099,0.128,0.264,0.392,0.282,Low_SNR,Low_SNR,0.129,0.165,Low_SNR,0.116,0.242,Low_SNR,0.20
300,0.276,Low_SNR,0.123,0.154,0.162,0.130,0.195,0.166,0.109,0.088,0.079,0.150,0.268,0.397,0.293,Low_SNR,Low_SNR,0.147,0.139,Low_SNR,0.111,0.262,Low_SNR,0.22
301,0.275,0.151,0.133,0.160,0.170,0.156,0.194,0.171,0.113,0.089,0.091,0.143,0.262,0.397,0.289,Low_SNR,Low_SNR,0.135,0.153,Low_SNR,0.099,0.261,Low_SNR,0.21
302,0.270,0.119,0.112,0.156,0.169,0.116,0.196,0.164,0.118,0.092,0.090,0.139,0.263,0.396,0.286,Low_SNR,Low_SNR,0.149,0.162,Low_SNR,0.110,0.265,Low_SNR,0.22
303,0.290,0.200,0.137,0.169,0.181,0.146,0.176,0.176,0.111,0.097,0.097,0.134,0.279,0.397,0.287,Low_SNR,Low_SNR,0.144,0.177,0.028,0.112,0.236,0.199,0.24
304,0.282,0.197,0.129,0.156,0.162,0.126,0.193,0.170,0.097,0.099,0.087,0.103,0.259,0.390,0.285,Low_SNR,Low_SNR,0.129,0.144,Low_SNR,0.088,0.260,Low_SNR,0.21
305,0.275,0.149,0.115,0.150,0.164,0.149,0.202,0.165,0.115,0.081,0.082,0.126,0.261,0.393,0.289,Low_SNR,Low_SNR,0.112,0.142,Low_SNR,0.099,0.252,Low_SNR,0.21
306,0.277,0.143,0.123,0.158,0.156,Low_SNR,0.185,0.163,0.129,0.099,0.099,0.149,0.270,0.396,0.290,Low_SNR,Low_SNR,0.158,0.152,Low_SNR,0.129,0.261,Low_SNR,0.21
307,0.280,0.184,0.139,0.167,0.176,0.107,0.181,0.171,0.117,0.100,0.103,0.137,0.266,0.395,0.290,Low_SNR,Low_SNR,0.154,0.173,Low_SNR,0.129,0.256,Low_SNR,0.22
308,0.275,0.142,0.125,0.163,0.174,0.134,0.197,0.169,0.115,0.101,0.096,0.121,0.266,0.399,0.288,Low_SNR,Low_SNR,0.143,0.161,Low_SNR,0.115,0.251,0.130,0.20
309,0.280,0.165,0.130,0.164,0.179,0.135,0.177,0.169,0.129,0.102,0.099,0.139,0.265,0.395,0.299,Low_SNR,Low_SNR,0.146,0.165,Low_SNR,0.115,0.248,0.212,0.21
310,0.270,0.147,0.121,0.156,0.165,0.107,0.184,0.163,0.131,0.091,0.088,0.145,0.261,0.392,0.301,Low_SNR,Low_SNR,0.134,0.149,Low_SNR,0.121,0.254,0.117,0.21
311,0.282,0.171,0.115,0.152,0.153,0.079,0.199,0.165,0.119,0.094,0.089,0.137,0.268,0.395,0.289,Low_SNR,Low_SNR,0.129,0.157,Low_SNR,0.127,0.258,Low_SNR,0.22
312,0.274,0.119,0.119,0.156,0.164,Low_SNR,0.189,0.160,0.131,0.107,0.097,0.137,0.268,0.402,0.287,Low_SNR,Low_SNR,0.164,0.159,0.028,0.119,0.255,Low_SNR,0.20
313,0.271,0.145,0.114,0.150,0.157,Low_SNR,0.203,0.162,0.107,0.081,0.079,0.140,0.261,0.390,0.295,Low_SNR,Low_SNR,0.128,0.146,Low_SNR,0.105,0.265,Low_SNR,0.21
314,0.276,0.168,0.127,0.159,0.165,0.143,0.197,0.169,0.110,0.093,0.089,0.148,0.262,0.385,0.291,Low_SNR,0.001,0.135,0.152,Low_SNR,0.108,0.237,0.124,0.21
315,0.277,0.163,0.130,0.158,0.164,Low_SNR,0.194,0.168,0.120,0.099,0.090,0.136,0.261,0.390,0.290,Low_SNR,Low_SNR,0.130,0.144,Low_SNR,0.106,0.260,Low_SNR,0.21
316,0.274,0.155,0.115,0.154,0.164,0.167,0.209,0.172,0.125,0.077,0.078,0.127,0.263,0.389,0.284,Low_SNR,Low_SNR,0.130,0.136,Low_SNR,0.099,0.270,Low_SNR,0.20
317,0.284,0.205,0.140,0.162,0.175,0.126,0.179,0.171,0.102,0.087,0.085,0.120,0.269,0.399,0.286,Low_SNR,Low_SNR,0.129,0.150,Low_SNR,0.109,0.239,Low_SNR,0.21
318,0.281,0.166,0.113,0.157,0.165,0.135,0.177,0.166,0.119,0.093,0.091,0.129,0.270,0.403,0.292,Low_SNR,Low_SNR,0.140,0.147,Low_SNR,0.119,0.245,0.171,0.21
319,0.274,0.155,0.118,0.153,0.159,0.097,0.189,0.164,0.115,0.093,0.087,0.154,0.259,0.389,0.289,Low_SNR,Low_SNR,0.132,0.152,Low_SNR,0.116,0.248,0.109,0.20
320,0.273,0.146,0.119,0.161,0.182,Low_SNR,0.180,0.165,0.133,0.103,0.097,0.136,0.260,0.395,0.299,Low_SNR,Low_SNR,0.147,0.160,Low_SNR,0.119,0.236,0.185,0.22
321,0.279,0.176,0.141,0.165,0.172,0.112,0.187,0.171,0.116,0.100,0.095,0.147,0.265,0.388,0.284,Low_SNR,Low_SNR,0.136,0.155,Low_SNR,0.121,0.257,Low_SNR,0.22
322,0.274,0.158,0.114,0.154,0.165,0.128,0.186,0.163,0.107,0.088,0.084,0.126,0.263,0.399,0.295,Low_SNR,Low_SNR,0.123,0.150,Low_SNR,0.109,0.245,0.149,0.21
323,0.274,0.164,0.129,0.163,0.170,0.114,0.186,0.170,0.120,0.099,0.100,0.148,0.259,0.388,0.291,0.000,Low_SNR,0.142,0.165,Low_SNR,0.127,0.247,0.149,0.21
324,0.282,0.196,0.149,0.170,0.180,0.152,0.186,0.177,0.102,0.101,0.098,0.129,0.261,0.394,0.286,Low_SNR,Low_SNR,0.145,0.174,Low_SNR,0.105,0.244,0.179,0.22
325,0.279,0.172,0.127,0.169,0.181,0.144,0.175,0.172,0.115,0.099,0.104,0.160,0.271,0.392,0.293,0.000,Low_SNR,0.145,0.175,Low_SNR,0.123,0.240,0.190,0.21
326,0.272,0.136,0.127,0.163,0.178,0.156,0.198,0.172,0.128,0.098,0.095,0.134,0.257,0.389,0.287,Low_SNR,Low_SNR,0.146,0.160,Low_SNR,0.108,0.252,0.108,0.22
327,0.281,0.197,0.144,0.161,0.160,0.103,0.187,0.172,0.113,0.096,0.091,0.158,0.269,0.394,0.286,Low_SNR,Low_SNR,0.125,0.156,0.054,0.122,0.251,Low_SNR,0.21
328,0.276,0.156,0.118,0.163,0.183,0.179,0.189,0.170,0.113,0.095,0.091,0.158,0.268,0.396,0.283,Low_SNR,Low_SNR,0.135,0.157,Low_SNR,0.106,0.262,0.158,0.22
329,0.282,0.180,0.139,0.165,0.167,0.114,0.175,0.169,0.126,0.094,0.094,0.143,0.269,0.394,0.284,Low_SNR,Low_SNR,0.144,0.159,Low_SNR,0.123,0.234,Low_SNR,0.20
330,0.275,0.137,0.118,0.158,0.167,0.151,0.197,0.167,0.121,0.095,0.090,0.131,0.261,0.394,0.289,Low_SNR,Low_SNR,0.149,0.156,Low_SNR,0.109,0.253,0.103,0.21
330,0.279,0.179,0.140,0.167,0.176,0.131,0.201,0.175,0.114,0.099,0.099,0.134,0.262,0.389,0.281,Low_SNR,Low_SNR,0.155,0.168,Low_SNR,0.108,0.253,Low_SNR,0.20
331,0.272,0.130,0.107,0.151,0.156,0.139,0.207,0.168,0.129,0.092,0.088,0.146,0.260,0.387,0.291,Low_SNR,Low_SNR,0.137,0.142,Low_SNR,0.113,0.267,Low_SNR,0.21
332,0.268,Low_SNR,0.110,0.162,0.196,Low_SNR,0.194,0.160,0.137,0.114,0.109,0.162,0.259,0.396,0.291,Low_SNR,Low_SNR,0.182,0.219,Low_SNR,0.125,0.255,Low_SNR,0.21
333,0.273,0.145,0.131,0.161,0.166,0.125,0.192,0.168,0.114,0.100,0.093,0.156,0.261,0.390,0.291,Low_SNR,Low_SNR,0.151,0.154,Low_SNR,0.116,0.255,0.113,0.22
334,0.284,0.204,0.133,0.159,0.163,0.102,0.184,0.169,0.105,0.089,0.087,0.123,0.265,0.384,0.292,Low_SNR,Low_SNR,0.123,0.157,Low_SNR,0.103,0.252,0.118,0.21
335,0.276,0.187,0.133,0.159,0.164,0.125,0.198,0.170,0.096,0.092,0.091,0.136,0.254,0.381,0.296,Low_SNR,Low_SNR,0.150,0.157,Low_SNR,0.100,0.246,Low_SNR,0.21
336,0.281,0.166,0.135,0.166,0.169,0.099,0.181,0.168,0.116,0.108,0.105,0.146,0.270,0.388,0.293,Low_SNR,Low_SNR,0.171,0.171,Low_SNR,0.136,0.252,0.196,0.21
337,0.275,0.160,0.123,0.157,0.159,0.102,0.196,0.164,0.118,0.091,0.091,0.134,0.261,0.385,0.299,Low_SNR,Low_SNR,0.138,0.159,Low_SNR,0.102,0.257,Low_SNR,0.20
338,0.275,0.158,0.128,0.158,0.161,0.141,0.196,0.170,0.112,0.092,0.096,0.135,0.264,0.388,0.280,Low_SNR,Low_SNR,0.126,0.143,Low_SNR,0.115,0.253,Low_SNR,0.21
339,0.268,0.148,0.103,0.150,0.155,0.154,0.208,0.166,0.109,0.083,0.079,0.132,0.253,0.380,0.290,Low_SNR,Low_SNR,0.126,0.139,Low_SNR,0.099,0.260,0.095,0.21
340,0.277,0.165,0.124,0.164,0.186,0.148,0.200,0.174,0.110,0.092,0.095,0.145,0.257,0.381,0.287,Low_SNR,Low_SNR,0.135,0.166,Low_SNR,0.110,0.254,Low_SNR,0.21
341,0.274,0.156,0.123,0.154,0.156,0.122,0.206,0.168,0.096,0.089,0.085,0.147,0.256,0.385,0.287,Low_SNR,Low_SNR,0.136,0.147,Low_SNR,0.110,0.265,Low_SNR,0.22
342,0.283,0.196,0.120,0.156,0.162,0.103,0.181,0.168,0.101,0.092,0.089,0.133,0.269,0.393,0.287,Low_SNR,Low_SNR,0.122,0.152,0.026,0.119,0.239,Low_SNR,0.21
343,0.279,0.171,0.131,0.165,0.176,Low_SNR,0.192,0.172,0.127,0.100,0.094,0.133,0.263,0.387,0.289,Low_SNR,Low_SNR,0.130,0.165,Low_SNR,0.104,0.251,0.130,0.21
344,0.282,0.200,0.132,0.159,0.158,0.106,0.198,0.170,0.106,0.089,0.088,0.122,0.263,0.385,0.288,Low_SNR,Low_SNR,0.120,0.157,Low_SNR,0.109,0.258,Low_SNR,0.22
345,0.281,0.180,0.117,0.157,0.157,0.088,0.182,0.163,0.125,0.100,0.097,0.140,0.269,0.390,0.290,Low_SNR,Low_SNR,0.148,0.173,Low_SNR,0.139,0.240,0.188,0.21
346,0.275,0.167,0.127,0.160,0.166,0.105,0.191,0.169,0.117,0.100,0.097,0.149,0.265,0.386,0.294,Low_SNR,Low_SNR,0.154,0.164,Low_SNR,0.120,0.251,Low_SNR,0.21
347,0.278,0.163,0.127,0.163,0.174,Low_SNR,0.188,0.169,0.112,0.095,0.093,0.144,0.264,0.389,0.296,Low_SNR,Low_SNR,0.149,0.155,Low_SNR,0.117,0.240,0.160,0.21
348,0.277,0.162,0.123,0.156,0.160,0.114,0.185,0.165,0.114,0.094,0.094,0.126,0.261,0.389,0.293,Low_SNR,Low_SNR,0.143,0.165,Low_SNR,0.108,0.244,Low_SNR,0.21
349,0.278,0.179,0.124,0.161,0.172,0.159,0.187,0.172,0.110,0.086,0.087,0.127,0.265,0.386,0.286,Low_SNR,Low_SNR,0.131,0.148,Low_SNR,0.101,0.252,0.129,0.22
350,0.289,0.219,0.145,0.171,0.176,0.127,0.172,0.177,0.120,0.101,0.104,0.126,0.269,0.388,0.283,Low_SNR,Low_SNR,0.135,0.180,Low_SNR,0.121,0.231,0.178,0.22
351,0.271,0.136,0.112,0.155,0.165,0.095,0.185,0.163,0.114,0.092,0.097,0.150,0.266,0.385,0.293,Low_SNR,Low_SNR,0.129,0.169,Low_SNR,0.121,0.250,Low_SNR,0.22
352,0.280,0.195,0.127,0.160,0.171,0.110,0.188,0.170,0.104,0.080,0.085,0.130,0.262,0.384,0.289,Low_SNR,Low_SNR,0.123,0.155,Low_SNR,0.109,0.247,Low_SNR,0.22
353,0.277,0.166,0.130,0.159,0.165,0.134,0.188,0.169,0.107,0.087,0.092,0.134,0.268,0.393,0.292,0.001,Low_SNR,0.141,0.161,Low_SNR,0.115,0.241,Low_SNR,0.21
354,0.275,0.164,0.136,0.166,0.176,0.137,0.190,0.173,0.111,0.111,0.095,0.134,0.258,0.382,0.291,Low_SNR,Low_SNR,0.137,0.163,Low_SNR,0.116,0.251,Low_SNR,0.23
355,0.274,0.166,0.118,0.152,0.157,0.134,0.201,0.166,0.104,0.073,0.075,0.132,0.260,0.389,0.290,Low_SNR,Low_SNR,0.109,0.138,Low_SNR,0.099,0.262,Low_SNR,0.21
356,0.279,0.169,0.135,0.165,0.171,0.118,0.180,0.172,0.118,0.102,0.107,0.151,0.270,0.390,0.285,Low_SNR,Low_SNR,0.149,0.168,Low_SNR,0.106,0.243,0.142,0.23
357,0.275,0.149,0.125,0.161,0.172,0.094,0.179,0.164,0.129,0.093,0.104,0.152,0.272,0.393,0.292,Low_SNR,Low_SNR,0.132,0.185,Low_SNR,0.128,0.241,0.173,0.21
358,0.280,0.186,0.137,0.163,0.167,0.097,0.183,0.167,0.110,0.089,0.099,0.148,0.267,0.391,0.287,Low_SNR,Low_SNR,0.137,0.163,0.042,0.114,0.255,0.144,0.22
359,0.278,0.162,0.124,0.164,0.178,0.152,0.189,0.170,0.110,0.096,0.089,0.136,0.265,0.384,0.287,Low_SNR,Low_SNR,0.148,0.160,Low_SNR,0.116,0.243,0.199,0.22
360,0.275,0.166,0.114,0.151,0.155,0.093,0.185,0.164,0.127,0.079,0.081,0.123,0.256,0.391,0.290,Low_SNR,Low_SNR,0.116,0.142,Low_SNR,0.113,0.253,0.131,0.21
361,0.272,0.143,0.117,0.153,0.167,0.123,0.188,0.165,0.112,0.084,0.084,0.146,0.262,0.393,0.297,Low_SNR,Low_SNR,0.134,0.153,Low_SNR,0.115,0.247,0.122,0.21
362,0.274,0.165,0.118,0.154,0.163,0.115,0.187,0.167,0.105,0.087,0.082,0.141,0.263,0.384,0.295,Low_SNR,Low_SNR,0.129,0.153,Low_SNR,0.107,0.253,0.119,0.22
363,0.268,Low_SNR,Low_SNR,Low_SNR,Low_SNR,Low_SNR,0.205,0.164,Low_SNR,Low_SNR,Low_SNR,Low_SNR,0.258,0.393,0.303,Low_SNR,Low_SNR,Low_SNR,Low_SNR,Low_SNR,Low_SNR,0.270,Low_SNR,0.22
364,0.274,0.165,0.126,0.163,0.171,0.128,0.190,0.172,0.113,0.100,0.092,0.130,0.260,0.380,0.289,Low_SNR,Low_SNR,0.141,0.160,Low_SNR,0.114,0.248,0.129,0.21
365,0.277,0.169,0.117,0.154,0.166,0.112,0.192,0.165,0.111,0.088,0.078,0.129,0.272,0.389,0.292,Low_SNR,Low_SNR,0.146,0.151,Low_SNR,0.103,0.253,Low_SNR,0.22
366,0.271,0.129,0.109,0.151,0.159,0.112,0.191,0.162,0.127,0.089,0.092,0.144,0.262,0.386,0.297,Low_SNR,Low_SNR,0.133,0.155,Low_SNR,0.108,0.262,Low_SNR,0.22
367,0.278,0.179,0.127,0.159,0.167,Low_SNR,0.191,0.169,0.100,0.099,0.091,0.117,0.260,0.384,0.297,Low_SNR,Low_SNR,0.137,0.157,Low_SNR,0.095,0.253,Low_SNR,0.21
368,0.270,0.142,0.130,0.162,0.171,0.119,0.191,0.168,0.116,0.100,0.094,0.143,0.266,0.385,0.296,Low_SNR,Low_SNR,0.148,0.158,Low_SNR,0.120,0.250,0.114,0.22
369,0.279,0.175,0.135,0.163,0.170,0.143,0.190,0.172,0.114,0.086,0.096,0.127,0.258,0.379,0.287,0.000,Low_SNR,0.139,0.156,Low_SNR,0.110,0.250,Low_SNR,0.21
370,0.273,0.149,0.130,0.159,0.169,0.103,0.186,0.165,0.126,0.100,0.099,0.142,0.264,0.389,0.293,Low_SNR,Low_SNR,0.139,0.165,Low_SNR,0.120,0.251,0.113,0.21
371,0.280,0.177,0.119,0.153,0.165,0.130,0.186,0.167,0.112,0.085,0.091,0.132,0.270,0.391,0.297,Low_SNR,Low_SNR,0.125,0.162,Low_SNR,0.111,0.252,0.148,0.21
372,0.273,Low_SNR,Low_SNR,0.153,0.151,Low_SNR,0.198,0.164,0.101,Low_SNR,Low_SNR,0.116,0.262,0.389,0.294,Low_SNR,Low_SNR,Low_SNR,Low_SNR,Low_SNR,0.131,0.245,Low_SNR,0.21
373,0.275,0.167,0.134,0.162,0.172,0.134,0.201,0.173,0.114,0.095,0.084,0.138,0.261,0.380,0.290,Low_SNR,Low_SNR,0.137,0.143,Low_SNR,0.100,0.262,0.158,0.21
374,0.277,0.156,0.120,0.159,0.168,0.119,0.181,0.166,0.123,0.089,0.099,0.149,0.271,0.397,0.299,Low_SNR,Low_SNR,0.142,0.168,Low_SNR,0.125,0.247,0.191,0.21
375,0.279,0.196,0.132,0.156,0.166,0.121,0.190,0.170,0.082,0.075,0.079,0.110,0.260,0.380,0.293,Low_SNR,Low_SNR,0.112,0.145,Low_SNR,0.092,0.248,0.146,0.21
376,0.277,0.166,0.133,0.168,0.183,0.113,0.187,0.173,0.125,0.097,0.100,0.141,0.270,0.383,0.292,Low_SNR,0.001,0.151,0.168,Low_SNR,0.131,0.257,0.148,0.23
377,0.283,0.243,Low_SNR,0.173,Low_SNR,Low_SNR,0.195,0.188,Low_SNR,Low_SNR,Low_SNR,0.164,0.262,0.380,0.296,Low_SNR,Low_SNR,Low_SNR,Low_SNR,Low_SNR,Low_SNR,0.250,Low_SNR,0.21
378,0.273,0.145,0.109,0.152,0.155,0.122,0.197,0.166,0.128,0.089,0.087,0.158,0.261,0.379,0.296,Low_SNR,Low_SNR,0.130,0.138,Low_SNR,0.107,0.251,0.097,0.20
379,0.273,0.155,0.127,0.165,0.174,0.135,0.191,0.172,0.113,0.100,0.098,0.134,0.263,0.380,0.293,Low_SNR,Low_SNR,0.141,0.170,Low_SNR,0.121,0.246,0.126,0.22
380,0.273,0.188,Low_SNR,0.155,0.172,Low_SNR,0.191,0.167,Low_SNR,Low_SNR,Low_SNR,0.136,0.260,0.380,0.309,Low_SNR,Low_SNR,Low_SNR,Low_SNR,Low_SNR,Low_SNR,0.248,0.099,0.21
381,0.270,0.179,0.125,0.166,0.184,0.165,0.198,0.179,0.103,0.086,0.106,0.135,0.257,0.370,0.298,Low_SNR,Low_SNR,0.108,0.188,Low_SNR,0.095,0.248,0.101,0.20
382,0.276,0.167,0.122,0.155,0.159,0.096,0.189,0.164,0.100,0.089,0.088,0.127,0.259,0.380,0.306,Low_SNR,Low_SNR,0.147,0.149,Low_SNR,0.106,0.246,0.104,0.22
383,0.278,0.179,0.132,0.161,0.168,0.105,0.188,0.170,0.118,0.091,0.093,0.141,0.264,0.380,0.299,Low_SNR,Low_SNR,0.130,0.161,Low_SNR,0.117,0.249,0.130,0.21
384,0.277,0.176,0.131,0.164,0.176,0.169,0.195,0.176,0.107,0.095,0.093,0.137,0.260,0.370,0.291,Low_SNR,Low_SNR,0.154,0.148,Low_SNR,0.106,0.249,0.137,0.23
385,0.274,0.164,0.107,0.142,0.133,Low_SNR,0.189,0.159,0.119,0.084,0.082,0.138,0.263,0.380,0.307,Low_SNR,Low_SNR,0.113,0.129,0.031,0.130,0.249,0.111,0.23
386,0.275,0.176,0.138,0.163,0.164,0.128,0.198,0.173,0.112,0.096,0.086,0.142,0.256,0.379,0.297,Low_SNR,Low_SNR,0.137,0.154,Low_SNR,0.116,0.252,0.138,0.22
387,0.270,0.152,0.122,0.160,0.168,0.126,0.196,0.171,0.120,0.096,0.094,0.150,0.262,0.373,0.292,Low_SNR,Low_SNR,0.134,0.160,0.029,0.113,0.253,Low_SNR,0.21
388,0.275,0.158,0.120,0.164,0.172,0.143,0.192,0.171,0.114,0.098,0.094,0.141,0.262,0.374,0.298,Low_SNR,Low_SNR,0.135,0.163,Low_SNR,0.111,0.245,Low_SNR,0.22
389,0.276,0.177,0.126,0.160,0.168,0.142,0.191,0.171,0.098,0.089,0.085,0.116,0.257,0.375,0.294,Low_SNR,Low_SNR,0.126,0.149,Low_SNR,0.102,0.246,0.122,0.21
390,0.276,0.184,0.135,0.161,0.164,0.138,0.193,0.174,0.106,0.093,0.087,0.135,0.264,0.378,0.289,Low_SNR,Low_SNR,0.139,0.145,Low_SNR,0.104,0.244,0.093,0.20
391,0.273,0.163,0.125,0.159,0.162,0.124,0.195,0.168,0.112,0.091,0.083,0.134,0.257,0.374,0.296,Low_SNR,Low_SNR,0.136,0.154,Low_SNR,0.115,0.250,0.130,0.22
392,0.271,0.152,0.116,0.156,0.166,0.133,0.193,0.167,0.118,0.088,0.085,0.135,0.259,0.378,0.294,Low_SNR,Low_SNR,0.131,0.153,Low_SNR,0.118,0.253,0.121,0.20
393,0.272,0.157,0.118,0.151,0.143,Low_SNR,0.192,0.164,0.125,0.096,0.085,0.154,0.263,0.379,0.290,Low_SNR,Low_SNR,0.150,0.141,Low_SNR,0.117,0.255,0.133,0.22
394,0.272,0.151,0.126,0.162,0.172,0.165,0.189,0.173,0.108,0.096,0.087,0.142,0.267,0.387,0.288,Low_SNR,Low_SNR,0.154,0.148,Low_SNR,0.102,0.249,0.160,0.23
395,0.275,0.184,0.138,0.164,0.168,0.115,0.186,0.172,0.116,0.099,0.098,0.146,0.258,0.383,0.289,Low_SNR,Low_SNR,0.139,0.159,Low_SNR,0.122,0.251,Low_SNR,0.22
396,0.279,0.170,0.128,0.164,0.170,0.151,0.184,0.174,0.119,0.096,0.093,0.146,0.267,0.381,0.291,Low_SNR,Low_SNR,0.130,0.169,Low_SNR,0.119,0.245,0.201,0.22
397,0.274,0.160,0.128,0.167,0.187,0.203,0.191,0.177,0.107,0.101,0.093,0.136,0.258,0.384,0.289,Low_SNR,Low_SNR,0.156,0.137,Low_SNR,0.109,0.247,0.131,0.21
398,0.279,0.193,0.135,0.156,0.143,0.132,0.192,0.171,0.110,0.088,0.082,0.152,0.268,0.382,0.281,Low_SNR,0.000,0.128,0.127,Low_SNR,0.127,0.249,0.111,0.21
399,0.278,0.167,0.125,0.160,0.172,0.133,0.187,0.172,0.121,0.090,0.087,0.147,0.267,0.375,0.291,Low_SNR,Low_SNR,0.135,0.157,Low_SNR,0.106,0.248,0.175,0.22
400,0.278,0.162,0.123,0.154,0.165,0.127,0.191,0.167,0.117,0.087,0.092,0.135,0.267,0.381,0.294,Low_SNR,Low_SNR,0.127,0.152,Low_SNR,0.092,0.247,Low_SNR,0.21
401,0.283,0.211,0.129,0.155,Low_SNR,Low_SNR,0.186,0.167,Low_SNR,0.091,Low_SNR,0.135,0.269,0.374,0.292,Low_SNR,Low_SNR,Low_SNR,Low_SNR,Low_SNR,Low_SNR,0.251,Low_SNR,0.22
402,0.277,Low_SNR,Low_SNR,0.160,0.145,Low_SNR,0.195,0.172,0.108,0.092,0.096,0.126,0.257,0.364,0.292,Low_SNR,Low_SNR,Low_SNR,0.147,Low_SNR,0.119,0.251,Low_SNR,0.22
403,0.269,0.148,0.124,0.174,0.206,0.215,0.199,0.181,0.098,0.097,0.109,0.141,0.250,0.371,0.286,Low_SNR,Low_SNR,0.137,0.182,Low_SNR,0.091,0.249,0.111,0.21
404,0.270,0.152,0.132,0.162,0.163,0.118,0.193,0.170,0.114,0.098,0.093,0.148,0.258,0.371,0.298,Low_SNR,Low_SNR,0.138,0.154,Low_SNR,0.111,0.249,0.122,0.21
405,0.277,0.166,0.114,0.152,0.159,0.097,0.190,0.166,0.111,0.091,0.090,0.136,0.266,0.382,0.294,Low_SNR,Low_SNR,0.120,0.163,Low_SNR,0.114,0.248,0.124,0.21
406,0.277,0.182,0.129,0.157,0.162,0.130,0.192,0.171,0.105,0.090,0.087,0.133,0.258,0.373,0.296,0.001,Low_SNR,0.139,0.149,Low_SNR,0.108,0.250,0.116,0.22
407,0.273,0.161,0.125,0.166,0.181,0.144,0.195,0.173,0.114,0.103,0.093,0.143,0.257,0.371,0.289,Low_SNR,Low_SNR,0.156,0.160,Low_SNR,0.099,0.249,0.112,0.21
408,0.275,0.170,0.125,0.161,0.170,0.138,0.193,0.173,0.104,0.091,0.088,0.143,0.263,0.381,0.292,Low_SNR,Low_SNR,0.138,0.149,Low_SNR,0.105,0.243,0.124,0.21
409,0.272,0.164,0.129,0.168,0.181,0.157,0.191,0.176,0.112,0.101,0.097,0.149,0.256,0.375,0.286,Low_SNR,Low_SNR,0.142,0.163,Low_SNR,0.112,0.243,0.147,0.21
410,0.276,0.184,0.134,0.169,0.177,0.121,0.176,0.172,0.123,0.100,0.102,0.147,0.264,0.375,0.290,Low_SNR,Low_SNR,0.140,0.173,Low_SNR,0.128,0.247,0.195,0.22
411,0.279,0.193,0.142,0.164,0.166,0.103,0.194,0.174,0.103,0.098,0.095,0.140,0.264,0.374,0.282,Low_SNR,Low_SNR,0.142,0.156,Low_SNR,0.108,0.242,0.100,0.21
412,0.274,0.168,0.127,0.162,0.169,0.119,0.182,0.170,0.121,0.094,0.096,0.138,0.262,0.379,0.291,Low_SNR,Low_SNR,0.135,0.158,Low_SNR,0.112,0.249,0.164,0.22
413,0.269,0.150,0.123,0.160,0.171,0.114,0.197,0.168,0.117,0.099,0.090,0.140,0.261,0.374,0.285,Low_SNR,Low_SNR,0.152,0.161,Low_SNR,0.109,0.258,Low_SNR,0.22
414,0.267,0.158,0.117,0.153,0.163,0.133,0.199,0.168,0.096,0.086,0.085,0.134,0.252,0.379,0.291,Low_SNR,Low_SNR,0.127,0.143,Low_SNR,0.092,0.250,Low_SNR,0.21
415,0.269,0.139,0.111,0.153,0.157,0.122,0.204,0.165,0.101,0.091,0.091,0.129,0.255,0.379,0.289,Low_SNR,Low_SNR,0.137,0.146,Low_SNR,0.102,0.261,Low_SNR,0.22
416,0.276,0.163,0.112,0.153,0.163,0.128,0.196,0.169,0.117,0.088,0.082,0.142,0.268,0.382,0.284,Low_SNR,Low_SNR,0.129,0.146,Low_SNR,0.114,0.251,0.214,0.20
417,0.275,0.177,0.126,0.156,0.153,0.101,0.197,0.169,0.116,0.083,0.084,0.134,0.263,0.372,0.273,Low_SNR,Low_SNR,0.131,0.140,Low_SNR,0.114,0.255,Low_SNR,0.23
418,0.272,0.163,0.126,0.157,0.166,0.109,0.190,0.165,0.112,0.095,0.092,0.133,0.263,0.382,0.290,Low_SNR,Low_SNR,0.149,0.161,Low_SNR,0.114,0.252,0.153,0.22
419,0.281,0.176,0.133,0.168,0.176,0.129,0.176,0.175,0.121,0.099,0.104,0.146,0.271,0.384,0.285,Low_SNR,Low_SNR,0.142,0.168,Low_SNR,0.128,0.248,0.198,0.21
420,0.272,0.167,0.133,0.164,0.169,Low_SNR,0.194,0.173,0.109,0.096,0.095,0.147,0.261,0.375,0.284,0.001,Low_SNR,0.142,0.162,Low_SNR,0.109,0.248,Low_SNR,0.21
421,0.273,0.162,0.120,0.153,0.156,0.114,0.200,0.169,0.106,0.088,0.083,0.130,0.260,0.377,0.288,Low_SNR,Low_SNR,0.132,0.144,0.027,0.106,0.249,Low_SNR,0.22
422,0.273,0.167,0.130,0.162,0.166,0.096,0.195,0.167,0.105,0.098,0.094,0.142,0.256,0.377,0.295,Low_SNR,Low_SNR,0.150,0.167,Low_SNR,0.112,0.249,Low_SNR,0.22
423,0.273,0.162,0.126,0.162,0.167,0.121,0.195,0.170,0.115,0.095,0.093,0.145,0.267,0.375,0.291,Low_SNR,Low_SNR,0.141,0.165,Low_SNR,0.115,0.251,0.151,0.21
424,0.269,0.151,0.113,0.154,0.159,Low_SNR,0.192,0.167,0.122,0.096,0.088,0.140,0.258,0.372,0.299,Low_SNR,Low_SNR,0.142,0.155,Low_SNR,0.117,0.254,0.139,0.23
425,0.274,0.171,0.136,0.165,0.172,0.130,0.187,0.172,0.110,0.094,0.098,0.144,0.263,0.376,0.289,Low_SNR,Low_SNR,0.143,0.162,Low_SNR,0.116,0.249,Low_SNR,0.22
426,0.270,0.152,0.123,0.158,0.166,0.136,0.195,0.171,0.114,0.097,0.088,0.143,0.257,0.381,0.291,Low_SNR,Low_SNR,0.157,0.139,Low_SNR,0.109,0.247,Low_SNR,0.21
427,0.267,0.142,0.121,0.165,0.175,0.153,0.196,0.173,0.116,0.102,0.096,0.149,0.261,0.382,0.286,Low_SNR,Low_SNR,0.147,0.163,Low_SNR,0.109,0.254,Low_SNR,0.21
428,0.275,0.162,0.125,0.161,0.168,0.131,0.188,0.171,0.108,0.101,0.097,0.129,0.262,0.383,0.287,Low_SNR,Low_SNR,0.143,0.158,Low_SNR,0.112,0.246,0.196,0.20
429,0.275,0.173,0.136,0.170,0.176,0.130,0.187,0.174,0.114,0.100,0.097,0.147,0.261,0.374,0.287,Low_SNR,Low_SNR,0.145,0.177,Low_SNR,0.112,0.246,Low_SNR,0.21
430,0.273,0.177,0.127,0.156,0.159,0.132,0.190,0.169,0.108,0.090,0.085,0.142,0.259,0.381,0.289,Low_SNR,Low_SNR,0.127,0.138,Low_SNR,0.110,0.245,Low_SNR,0.21
431,0.281,0.188,0.142,0.168,0.174,0.109,0.176,0.173,0.114,0.099,0.102,0.153,0.273,0.381,0.282,Low_SNR,Low_SNR,0.154,0.169,Low_SNR,0.123,0.245,0.247,0.20
432,0.272,0.160,0.122,0.155,0.160,0.102,0.187,0.164,0.117,0.088,0.086,0.143,0.261,0.383,0.295,Low_SNR,Low_SNR,0.137,0.146,Low_SNR,0.110,0.246,Low_SNR,0.23
433,0.276,0.165,0.121,0.156,0.164,0.141,0.198,0.168,0.108,0.088,0.082,0.136,0.262,0.378,0.288,Low_SNR,Low_SNR,0.129,0.137,Low_SNR,0.110,0.254,0.137,0.22
434,0.273,0.178,0.129,0.155,0.161,0.104,0.194,0.167,0.104,0.093,0.087,0.130,0.264,0.374,0.289,Low_SNR,Low_SNR,0.138,0.140,Low_SNR,0.121,0.248,Low_SNR,0.21
435,0.275,0.179,0.135,0.164,0.177,0.146,0.177,0.173,0.111,0.095,0.094,0.142,0.267,0.385,0.282,Low_SNR,Low_SNR,0.140,0.150,Low_SNR,0.112,0.236,Low_SNR,0.22
436,0.266,0.143,0.115,0.158,0.169,0.127,0.196,0.165,0.118,0.093,0.091,0.135,0.259,0.376,0.295,Low_SNR,Low_SNR,0.146,0.164,Low_SNR,0.108,0.255,Low_SNR,0.21
437,0.264,0.152,0.117,0.153,0.157,0.124,0.211,0.169,0.098,0.087,0.087,0.137,0.252,0.364,0.288,Low_SNR,Low_SNR,0.134,0.144,Low_SNR,0.090,0.252,Low_SNR,0.23
438,0.275,0.164,0.134,0.164,0.168,0.111,0.195,0.170,0.130,0.101,0.097,0.143,0.262,0.378,0.288,Low_SNR,Low_SNR,0.152,0.172,Low_SNR,0.113,0.252,Low_SNR,0.21
439,0.273,0.157,0.130,0.166,0.173,0.136,0.189,0.174,0.122,0.104,0.094,0.152,0.266,0.382,0.287,Low_SNR,Low_SNR,0.151,0.165,Low_SNR,0.124,0.252,0.215,0.20
440,0.269,0.153,0.123,0.160,0.161,Low_SNR,0.187,0.165,0.121,0.093,0.094,0.147,0.259,0.378,0.294,Low_SNR,Low_SNR,0.155,0.151,Low_SNR,0.122,0.243,Low_SNR,0.20
441,0.269,0.166,0.126,0.164,0.178,0.146,0.192,0.175,0.117,0.084,0.096,0.147,0.257,0.373,0.286,Low_SNR,Low_SNR,0.115,0.159,Low_SNR,0.107,0.251,Low_SNR,0.23
442,0.275,0.181,0.120,0.155,0.154,0.108,0.201,0.172,0.109,0.086,0.086,0.127,0.257,0.367,0.283,Low_SNR,Low_SNR,0.133,0.146,Low_SNR,0.106,0.248,Low_SNR,0.21
443,0.273,0.166,0.132,0.162,0.167,0.123,0.194,0.173,0.104,0.106,0.099,0.136,0.260,0.369,0.287,Low_SNR,Low_SNR,0.147,0.157,0.031,0.108,0.249,Low_SNR,0.21
444,0.273,0.171,0.138,0.167,0.167,0.117,0.184,0.170,0.121,0.110,0.100,0.152,0.270,0.378,0.280,Low_SNR,Low_SNR,0.158,0.163,Low_SNR,0.124,0.244,Low_SNR,0.21
445,0.269,0.148,0.114,0.158,0.168,0.141,0.186,0.168,0.121,0.093,0.090,0.144,0.264,0.379,0.289,Low_SNR,Low_SNR,0.139,0.155,Low_SNR,0.116,0.246,Low_SNR,0.22
446,0.266,0.136,0.118,0.156,0.168,0.132,0.203,0.167,0.116,0.093,0.088,0.135,0.252,0.371,0.291,Low_SNR,Low_SNR,0.147,0.151,Low_SNR,0.096,0.253,Low_SNR,0.22
447,0.274,0.159,0.121,0.162,0.169,0.111,0.186,0.166,0.123,0.096,0.095,0.147,0.264,0.368,0.292,Low_SNR,Low_SNR,0.140,0.171,Low_SNR,0.131,0.254,Low_SNR,0.21
448,0.274,0.162,0.122,0.156,0.159,0.112,0.196,0.165,0.106,0.082,0.084,0.140,0.263,0.380,0.292,Low_SNR,Low_SNR,0.138,0.151,Low_SNR,0.106,0.250,Low_SNR,0.21
449,0.271,0.163,0.120,0.158,0.162,Low_SNR,0.192,0.168,0.105,0.086,0.088,0.158,0.259,0.372,0.294,Low_SNR,Low_SNR,0.133,0.148,Low_SNR,0.104,0.248,Low_SNR,0.22
450,0.275,0.174,0.128,0.170,0.184,0.117,0.175,0.172,0.118,0.103,0.105,0.133,0.263,0.376,0.278,Low_SNR,Low_SNR,0.150,0.174,Low_SNR,0.119,0.240,0.199,0.23
451,0.272,0.171,0.121,0.155,0.158,0.116,0.196,0.169,0.109,0.088,0.087,0.137,0.262,0.371,0.292,Low_SNR,0.000,0.128,0.144,Low_SNR,0.106,0.247,Low_SNR,0.21
452,0.271,0.163,0.127,0.163,0.177,0.122,0.188,0.170,0.120,0.097,0.102,0.143,0.262,0.376,0.299,Low_SNR,Low_SNR,0.136,0.166,Low_SNR,0.111,0.246,Low_SNR,0.22
453,0.276,0.169,0.126,0.162,0.171,0.113,0.180,0.170,0.108,0.091,0.093,0.149,0.270,0.383,0.291,Low_SNR,Low_SNR,0.132,0.169,Low_SNR,0.110,0.243,0.197,0.22
454,0.268,0.149,0.120,0.159,0.170,Low_SNR,0.181,0.167,0.118,0.092,0.091,0.128,0.259,0.373,0.301,Low_SNR,Low_SNR,0.144,0.158,Low_SNR,0.123,0.249,0.199,0.22
455,0.274,0.165,0.119,0.152,0.155,0.109,0.186,0.167,0.108,0.093,0.090,0.146,0.269,0.381,0.299,Low_SNR,Low_SNR,0.131,0.152,Low_SNR,0.103,0.240,0.120,0.21
456,0.272,0.183,0.129,0.157,0.173,0.093,0.195,0.169,0.085,0.088,0.094,0.136,0.265,0.372,0.289,Low_SNR,Low_SNR,0.114,0.182,Low_SNR,0.097,0.243,Low_SNR,0.22
457,0.271,0.171,0.125,0.160,0.173,0.143,0.192,0.172,0.096,0.093,0.080,0.129,0.259,0.374,0.290,Low_SNR,Low_SNR,0.133,0.152,Low_SNR,0.107,0.250,Low_SNR,0.21
458,0.273,0.168,0.118,0.158,0.162,0.098,0.188,0.169,0.121,0.106,0.096,0.151,0.269,0.368,0.292,Low_SNR,Low_SNR,0.148,0.161,Low_SNR,0.123,0.248,0.118,0.21
459,0.272,0.164,0.123,0.156,0.160,0.105,0.185,0.167,0.120,0.086,0.087,0.148,0.266,0.378,0.292,Low_SNR,Low_SNR,0.127,0.147,Low_SNR,0.119,0.248,Low_SNR,0.22
460,0.270,0.166,0.121,0.150,0.154,0.097,0.202,0.167,0.102,0.080,0.081,0.135,0.256,0.370,0.293,Low_SNR,Low_SNR,0.126,0.144,Low_SNR,0.101,0.250,Low_SNR,0.21
461,0.276,0.169,0.137,0.170,0.177,0.121,0.185,0.174,0.126,0.101,0.101,0.155,0.262,0.369,0.296,Low_SNR,Low_SNR,0.145,0.179,Low_SNR,0.130,0.250,Low_SNR,0.24
462,0.274,0.201,0.134,0.158,0.157,0.153,0.196,0.177,0.103,0.088,0.077,0.136,0.254,0.363,0.290,Low_SNR,Low_SNR,0.126,0.135,Low_SNR,0.096,0.250,Low_SNR,0.21
463,0.272,0.159,0.125,0.157,0.165,0.113,0.194,0.170,0.122,0.092,0.092,0.138,0.257,0.371,0.296,Low_SNR,Low_SNR,0.136,0.152,Low_SNR,0.103,0.245,Low_SNR,0.22
464,0.272,0.173,0.133,0.164,0.174,Low_SNR,0.186,0.170,0.116,0.097,0.099,0.139,0.258,0.369,0.295,0.000,Low_SNR,0.143,0.169,Low_SNR,0.104,0.239,Low_SNR,0.22
465,0.270,0.172,0.126,0.160,0.164,0.131,0.195,0.175,0.090,0.102,0.100,0.138,0.265,0.374,0.303,Low_SNR,Low_SNR,0.141,0.153,Low_SNR,0.100,0.258,0.129,0.22
466,0.275,0.168,0.128,0.164,0.174,0.123,0.195,0.176,0.112,0.090,0.098,0.103,0.261,0.374,0.297,Low_SNR,Low_SNR,0.134,0.165,Low_SNR,0.127,0.243,Low_SNR,0.21
467,0.273,0.171,0.132,0.168,0.177,0.130,0.193,0.176,0.118,0.102,0.104,0.148,0.255,0.356,0.303,Low_SNR,Low_SNR,0.145,0.173,Low_SNR,0.107,0.249,0.106,0.22
468,0.270,0.166,0.124,0.161,0.166,0.127,0.195,0.173,0.125,0.097,0.090,0.136,0.257,0.357,0.312,Low_SNR,Low_SNR,0.138,0.152,Low_SNR,0.118,0.255,0.108,0.20
469,0.270,0.165,0.125,0.162,0.170,0.122,0.191,0.175,0.107,0.099,0.096,0.145,0.260,0.367,0.294,Low_SNR,Low_SNR,0.144,0.160,Low_SNR,0.123,0.248,0.133,0.21
470,0.273,0.164,0.123,0.158,0.165,0.140,0.192,0.173,0.114,0.082,0.086,0.135,0.265,0.372,0.306,Low_SNR,Low_SNR,0.128,0.148,Low_SNR,0.107,0.244,Low_SNR,0.23
471,0.267,0.134,0.109,0.153,0.158,Low_SNR,0.187,0.162,0.129,0.093,0.088,0.147,0.258,0.370,0.310,Low_SNR,Low_SNR,0.137,0.168,Low_SNR,0.126,0.247,Low_SNR,0.22
472,0.269,0.155,0.132,0.158,0.155,0.115,0.196,0.170,0.113,0.098,0.089,0.154,0.262,0.366,0.301,Low_SNR,Low_SNR,0.152,0.147,Low_SNR,0.105,0.255,0.126,0.22
473,0.264,0.134,0.104,0.150,0.163,0.144,0.209,0.168,0.104,0.075,0.077,0.143,0.255,0.372,0.302,Low_SNR,Low_SNR,0.110,0.147,Low_SNR,0.098,0.258,Low_SNR,0.22
474,0.271,0.165,0.126,0.164,0.178,0.129,0.186,0.172,0.125,0.094,0.095,0.140,0.264,0.368,0.290,Low_SNR,Low_SNR,0.131,0.163,Low_SNR,0.111,0.242,0.144,0.22
475,0.272,0.167,0.126,0.158,0.165,0.117,0.192,0.171,0.104,0.096,0.096,0.139,0.255,0.376,0.287,Low_SNR,Low_SNR,0.132,0.153,Low_SNR,0.104,0.245,0.104,0.20
476,0.267,0.161,0.123,0.158,0.161,0.125,0.194,0.168,0.113,0.088,0.090,0.140,0.257,0.372,0.300,Low_SNR,Low_SNR,0.125,0.146,Low_SNR,0.104,0.255,Low_SNR,0.21
477,0.274,0.171,0.131,0.160,0.161,Low_SNR,0.180,0.168,0.102,0.104,0.098,0.140,0.264,0.378,0.297,Low_SNR,Low_SNR,0.151,0.157,Low_SNR,0.128,0.243,Low_SNR,0.21
478,0.270,0.174,0.132,0.162,0.162,0.138,0.199,0.175,0.106,0.096,0.081,0.148,0.259,0.364,0.294,Low_SNR,Low_SNR,0.145,0.138,Low_SNR,0.099,0.254,Low_SNR,0.21
479,0.271,0.164,0.126,0.163,0.164,Low_SNR,0.189,0.168,0.118,0.100,0.097,0.140,0.261,0.368,0.290,Low_SNR,Low_SNR,0.150,0.168,Low_SNR,0.119,0.254,0.144,0.22
480,0.270,0.167,0.120,0.155,0.160,0.112,0.194,0.167,0.119,0.090,0.087,0.140,0.263,0.367,0.284,Low_SNR,Low_SNR,0.138,0.146,Low_SNR,0.110,0.240,Low_SNR,0.22
481,0.272,0.177,0.135,0.161,0.161,Low_SNR,0.181,0.168,0.109,0.093,0.090,0.140,0.264,0.373,0.293,Low_SNR,Low_SNR,0.144,0.158,Low_SNR,0.108,0.243,Low_SNR,0.21
482,0.267,0.159,0.124,0.155,0.154,0.114,0.204,0.169,0.113,0.088,0.082,0.136,0.262,0.371,0.298,Low_SNR,Low_SNR,0.138,0.140,Low_SNR,0.100,0.253,Low_SNR,0.22
483,0.274,0.172,0.126,0.165,0.169,0.122,0.178,0.172,0.120,0.102,0.100,0.147,0.273,0.376,0.292,Low_SNR,Low_SNR,0.136,0.165,Low_SNR,0.111,0.243,Low_SNR,0.22
484,0.271,0.166,0.127,0.162,0.170,0.139,0.185,0.171,0.109,0.097,0.092,0.143,0.262,0.373,0.291,Low_SNR,Low_SNR,0.145,0.153,Low_SNR,0.117,0.243,Low_SNR,0.22
485,0.277,0.181,0.138,0.165,0.175,0.152,0.189,0.178,0.107,0.095,0.088,0.135,0.262,0.374,0.290,Low_SNR,Low_SNR,0.139,0.150,Low_SNR,0.107,0.243,Low_SNR,0.21
486,0.272,0.171,0.125,0.156,0.164,0.120,0.198,0.170,0.106,0.091,0.088,0.135,0.262,0.375,0.297,Low_SNR,Low_SNR,0.139,0.155,Low_SNR,0.099,0.249,Low_SNR,0.23
487,0.277,0.186,0.136,0.167,0.171,0.129,0.174,0.172,0.127,0.099,0.101,0.144,0.270,0.374,0.293,Low_SNR,Low_SNR,0.135,0.170,0.032,0.135,0.241,0.198,0.22
488,0.273,0.181,0.123,0.156,0.150,0.122,0.188,0.170,0.117,0.086,0.082,0.142,0.264,0.375,0.289,Low_SNR,Low_SNR,0.147,0.153,Low_SNR,0.110,0.246,0.169,0.21
489,0.271,0.168,0.120,0.159,0.167,0.116,0.192,0.171,Low_SNR,0.101,0.099,0.144,0.259,0.374,0.293,Low_SNR,Low_SNR,0.144,0.155,Low_SNR,0.105,0.246,0.139,0.22
490,0.270,0.185,0.128,0.159,0.163,0.109,0.190,0.171,0.112,0.085,0.091,0.135,0.258,0.361,0.301,Low_SNR,Low_SNR,0.134,0.153,Low_SNR,0.114,0.246,0.120,0.21
491,0.263,0.144,0.107,0.151,0.158,0.107,0.198,0.164,0.104,0.087,0.090,0.135,0.249,0.360,0.304,Low_SNR,Low_SNR,0.132,0.159,Low_SNR,0.114,0.250,Low_SNR,0.23
492,0.273,0.180,0.130,0.161,0.158,0.091,0.188,0.171,0.109,0.096,0.099,0.146,0.268,0.369,0.296,Low_SNR,Low_SNR,0.138,0.152,0.025,0.120,0.241,Low_SNR,0.22
493,0.273,0.172,0.122,0.159,0.164,Low_SNR,0.195,0.171,0.115,0.090,0.090,0.139,0.262,0.365,0.290,Low_SNR,Low_SNR,0.123,0.156,Low_SNR,0.114,0.253,0.173,0.22
494,0.278,0.175,0.131,0.166,0.167,Low_SNR,0.174,0.172,0.116,0.104,0.104,0.147,0.266,0.375,0.295,Low_SNR,Low_SNR,0.158,0.168,Low_SNR,0.131,0.243,0.232,0.22
495,0.269,0.166,0.132,0.162,0.159,0.108,0.189,0.171,0.124,0.104,0.100,0.140,0.256,0.361,0.293,Low_SNR,Low_SNR,0.138,0.151,Low_SNR,0.128,0.245,Low_SNR,0.23
496,0.273,0.173,0.134,0.165,0.171,0.143,0.198,0.177,0.109,0.095,0.093,0.143,0.260,0.357,0.292,Low_SNR,Low_SNR,0.137,0.155,Low_SNR,0.106,0.255,0.140,0.22
497,0.274,0.167,0.126,0.160,0.165,0.127,0.195,0.174,0.097,0.095,0.091,0.138,0.262,0.369,0.288,Low_SNR,Low_SNR,0.145,0.155,Low_SNR,0.112,0.248,Low_SNR,0.22
498,0.272,0.175,0.126,0.157,0.162,0.108,0.193,0.170,0.112,0.089,0.085,0.124,0.258,0.372,0.291,Low_SNR,Low_SNR,0.135,0.151,Low_SNR,0.116,0.245,Low_SNR,0.22
499,0.268,0.149,0.130,0.168,0.185,0.182,0.190,0.177,0.118,0.099,0.096,0.143,0.262,0.370,0.290,Low_SNR,Low_SNR,0.150,0.159,Low_SNR,0.113,0.242,Low_SNR,0.22
500,0.271,0.160,0.114,0.153,0.158,0.119,0.186,0.167,0.117,0.101,0.085,0.137,0.266,0.375,0.292,Low_SNR,Low_SNR,0.137,0.142,Low_SNR,0.108,0.241,Low_SNR,0.22
501,0.269,0.168,0.127,0.160,0.168,0.130,0.193,0.173,0.108,0.103,0.086,0.141,0.259,0.387,0.282,Low_SNR,Low_SNR,0.142,0.152,Low_SNR,0.108,0.248,0.118,0.21
502,0.272,0.177,0.125,0.157,0.158,0.099,0.186,0.167,0.105,0.098,0.090,0.143,0.263,0.383,0.284,Low_SNR,Low_SNR,0.146,0.145,Low_SNR,0.112,0.250,0.122,0.22
503,0.269,0.152,0.107,0.154,0.163,0.110,0.193,0.168,0.124,0.090,0.089,0.127,0.264,0.386,0.286,Low_SNR,0.001,0.131,0.156,Low_SNR,0.099,0.250,Low_SNR,0.21
504,0.267,0.156,0.116,0.158,0.164,0.127,0.196,0.171,0.119,0.091,0.086,0.142,0.259,0.374,0.289,Low_SNR,Low_SNR,0.139,0.145,Low_SNR,0.105,0.248,Low_SNR,0.23
505,0.269,0.173,0.131,0.170,0.175,0.127,0.187,0.178,0.119,0.106,0.105,0.145,0.255,0.361,0.289,Low_SNR,Low_SNR,0.145,0.167,Low_SNR,0.116,0.246,0.168,0.22
506,0.261,0.148,0.131,0.164,0.166,Low_SNR,0.190,0.165,0.125,0.107,0.106,0.151,0.254,0.378,0.287,Low_SNR,0.001,0.161,0.168,Low_SNR,0.125,0.246,Low_SNR,0.21
507,0.274,0.195,0.137,0.166,0.170,Low_SNR,0.177,0.174,0.108,0.099,0.097,0.138,0.256,0.375,0.291,Low_SNR,Low_SNR,0.139,0.155,Low_SNR,0.115,0.233,0.194,0.22
508,0.271,0.188,0.132,0.160,0.162,0.120,0.203,0.176,0.104,0.087,0.085,0.141,0.255,0.366,0.287,Low_SNR,Low_SNR,0.133,0.145,Low_SNR,0.101,0.252,Low_SNR,0.20
509,0.265,0.145,0.116,0.154,0.156,Low_SNR,0.199,0.167,0.102,0.083,0.085,0.145,0.254,0.376,0.291,Low_SNR,Low_SNR,0.122,0.149,Low_SNR,0.096,0.260,Low_SNR,0.22
510,0.270,0.182,0.131,0.161,0.163,0.098,0.183,0.172,0.113,0.089,0.090,0.146,0.259,0.372,0.299,Low_SNR,Low_SNR,0.137,0.158,Low_SNR,0.111,0.238,0.170,0.21
511,0.265,0.156,0.132,0.166,0.171,0.097,0.183,0.171,0.118,0.107,0.100,0.154,0.250,0.369,0.291,Low_SNR,Low_SNR,0.157,0.159,Low_SNR,0.119,0.240,0.164,0.23
512,0.275,0.173,0.131,0.167,0.177,0.138,0.177,0.174,0.117,0.100,0.101,0.146,0.264,0.377,0.290,0.001,Low_SNR,0.143,0.163,Low_SNR,0.113,0.236,0.218,0.21
513,0.264,0.153,0.116,0.156,0.160,Low_SNR,0.201,0.169,0.113,0.090,0.087,0.140,0.249,0.365,0.289,Low_SNR,Low_SNR,0.138,0.147,0.023,0.108,0.261,Low_SNR,0.22
514,0.276,0.193,0.132,0.157,0.152,Low_SNR,0.179,0.168,0.097,0.090,0.089,0.139,0.268,0.385,0.283,Low_SNR,Low_SNR,0.134,0.165,Low_SNR,0.099,0.226,Low_SNR,0.22
515,0.272,0.189,0.146,0.172,0.171,Low_SNR,0.185,0.180,0.143,0.105,0.101,0.143,0.263,0.353,0.280,Low_SNR,Low_SNR,0.150,0.175,Low_SNR,0.133,0.246,0.182,0.25
516,0.277,0.187,0.128,0.156,0.159,0.103,0.188,0.174,0.099,0.085,0.091,0.145,0.270,0.373,0.284,Low_SNR,Low_SNR,0.117,0.160,Low_SNR,0.106,0.246,Low_SNR,0.22
517,0.261,0.142,0.118,0.156,0.162,0.125,0.194,0.170,0.119,0.094,0.091,0.139,0.251,0.373,0.293,0.000,Low_SNR,0.139,0.154,Low_SNR,0.117,0.255,Low_SNR,0.21
518,0.270,0.180,0.126,0.161,0.170,0.148,0.187,0.176,0.089,0.092,0.087,0.147,0.253,0.367,0.296,Low_SNR,Low_SNR,0.134,0.155,Low_SNR,0.096,0.238,0.154,0.23
519,0.271,0.165,0.123,0.161,0.167,0.127,0.184,0.173,0.111,0.093,0.092,0.141,0.254,0.367,0.297,Low_SNR,0.001,0.136,0.154,Low_SNR,0.118,0.244,Low_SNR,0.23
520,0.267,0.162,0.119,0.158,0.167,0.136,0.196,0.175,0.113,0.091,0.090,0.135,0.259,0.362,0.290,Low_SNR,Low_SNR,0.139,0.148,Low_SNR,0.105,0.250,Low_SNR,0.23
521,0.269,0.164,0.121,0.157,0.162,Low_SNR,0.191,0.170,0.114,0.092,0.092,0.128,0.261,0.368,0.299,Low_SNR,Low_SNR,0.128,0.158,Low_SNR,0.102,0.236,0.135,0.22
522,0.271,0.172,0.129,0.160,0.169,0.132,0.190,0.174,0.110,0.092,0.092,0.141,0.257,0.358,0.298,Low_SNR,Low_SNR,0.135,0.152,Low_SNR,0.110,0.254,Low_SNR,0.23
523,0.266,0.155,0.113,0.150,0.157,0.079,0.187,0.162,0.110,0.092,0.085,0.131,0.256,0.359,0.298,Low_SNR,Low_SNR,0.137,0.151,Low_SNR,0.118,0.256,0.122,0.23
524,0.259,0.121,0.111,0.158,0.172,0.142,0.204,0.170,0.120,0.094,0.089,0.133,0.251,0.362,0.288,0.000,Low_SNR,0.138,0.154,Low_SNR,0.106,0.259,Low_SNR,0.22
525,0.272,0.176,0.116,0.153,0.155,0.117,0.179,0.167,0.105,0.086,0.080,0.136,0.265,0.363,0.298,Low_SNR,Low_SNR,0.127,0.142,Low_SNR,0.104,0.240,Low_SNR,0.21
526,0.263,0.141,0.121,0.159,0.167,0.124,0.193,0.171,0.111,0.093,0.090,0.140,0.253,0.366,0.293,Low_SNR,Low_SNR,0.138,0.156,Low_SNR,0.104,0.246,Low_SNR,0.22
527,0.264,0.144,0.118,0.156,0.164,0.110,0.185,0.166,0.121,0.086,0.085,0.145,0.259,0.370,0.293,Low_SNR,Low_SNR,0.131,0.157,Low_SNR,0.108,0.247,Low_SNR,0.22
528,0.266,0.170,0.127,0.165,0.172,0.169,0.199,0.179,0.112,0.092,0.087,0.136,0.252,0.359,0.288,Low_SNR,Low_SNR,0.136,0.151,Low_SNR,0.107,0.241,Low_SNR,0.23
529,0.271,0.166,0.118,0.156,0.161,0.141,0.203,0.175,0.108,0.086,0.084,0.131,0.256,0.355,0.295,Low_SNR,Low_SNR,0.133,0.147,Low_SNR,0.099,0.260,Low_SNR,0.22
530,0.266,Low_SNR,0.117,0.153,0.162,Low_SNR,0.192,0.164,0.126,0.091,0.092,0.146,0.259,0.366,0.290,Low_SNR,Low_SNR,0.135,0.160,Low_SNR,0.115,0.240,Low_SNR,0.22
531,0.273,0.195,0.134,0.166,0.171,0.128,0.185,0.177,0.119,0.099,0.095,0.136,0.261,0.356,0.292,Low_SNR,Low_SNR,0.134,0.153,Low_SNR,0.120,0.247,Low_SNR,0.22
532,0.269,0.167,0.127,0.167,0.173,0.129,0.191,0.177,0.123,0.104,0.104,0.144,0.263,0.356,0.283,Low_SNR,Low_SNR,0.153,0.171,Low_SNR,0.130,0.250,0.127,0.22
533,0.265,0.152,0.116,0.157,0.162,0.136,0.199,0.174,0.103,0.089,0.084,0.135,0.256,0.358,0.295,Low_SNR,Low_SNR,0.137,0.141,Low_SNR,0.104,0.253,Low_SNR,0.21
534,0.271,0.179,0.131,0.160,0.164,Low_SNR,0.184,0.172,0.105,0.094,0.084,0.141,0.263,0.366,0.295,Low_SNR,Low_SNR,0.146,0.146,Low_SNR,0.110,0.232,Low_SNR,0.22
535,0.274,0.183,0.135,0.172,0.178,0.142,0.186,0.181,0.121,0.101,0.102,0.136,0.256,0.349,0.291,Low_SNR,Low_SNR,0.140,0.166,Low_SNR,0.122,0.240,0.230,0.21
536,0.265,0.150,0.130,0.164,0.165,0.107,0.174,0.170,0.124,0.104,0.102,0.151,0.256,0.366,0.300,Low_SNR,Low_SNR,0.152,0.164,Low_SNR,0.126,0.245,0.241,0.21
537,0.269,0.161,0.124,0.160,0.165,0.125,0.191,0.174,0.118,0.094,0.094,0.157,0.262,0.358,0.285,Low_SNR,Low_SNR,0.135,0.154,Low_SNR,0.119,0.243,Low_SNR,0.21
538,0.267,0.144,0.123,0.166,0.179,0.159,0.189,0.176,0.114,0.091,0.094,0.144,0.255,0.365,0.294,Low_SNR,Low_SNR,0.132,0.169,Low_SNR,0.103,0.244,Low_SNR,0.21
539,0.269,0.156,0.126,0.166,0.183,0.161,0.190,0.180,0.115,0.094,0.087,0.140,0.254,0.353,0.290,Low_SNR,Low_SNR,0.135,0.158,Low_SNR,0.099,0.246,Low_SNR,0.22
540,0.271,0.174,0.126,0.162,0.168,0.122,0.186,0.175,0.103,0.092,0.096,0.133,0.265,0.363,0.289,Low_SNR,Low_SNR,0.139,0.152,Low_SNR,0.106,0.249,Low_SNR,0.20
541,0.263,0.153,0.121,0.158,0.163,0.120,0.188,0.172,0.100,0.097,0.095,0.130,0.253,0.362,0.294,Low_SNR,Low_SNR,0.143,0.151,Low_SNR,0.121,0.243,Low_SNR,0.22
542,0.266,0.155,0.114,0.155,0.163,Low_SNR,0.191,0.167,0.106,0.089,0.092,0.143,0.252,0.364,0.297,Low_SNR,Low_SNR,0.132,0.158,Low_SNR,0.109,0.236,Low_SNR,0.22
543,0.270,0.188,0.123,0.158,0.160,0.134,0.193,0.174,0.097,0.082,0.085,0.132,0.253,0.357,0.303,Low_SNR,Low_SNR,0.121,0.146,Low_SNR,0.102,0.246,0.137,0.22
544,0.267,0.146,0.127,0.169,0.181,0.110,0.191,0.177,0.129,0.105,0.105,0.151,0.259,0.356,0.282,Low_SNR,Low_SNR,0.149,0.168,Low_SNR,0.113,0.245,Low_SNR,0.22
545,0.268,0.178,0.129,0.162,0.164,Low_SNR,0.197,0.175,0.113,0.096,0.092,0.157,0.257,0.355,0.279,Low_SNR,Low_SNR,0.140,0.154,Low_SNR,0.117,0.259,Low_SNR,0.22
546,0.274,0.190,0.147,0.181,0.198,0.166,0.190,0.189,0.117,0.104,0.104,0.171,0.257,0.337,0.278,Low_SNR,Low_SNR,0.149,0.175,0.041,0.115,0.243,0.191,0.22
547,0.258,0.139,0.124,0.166,0.179,0.133,0.198,0.178,0.125,0.102,0.101,0.156,0.238,0.346,0.299,Low_SNR,Low_SNR,0.148,0.163,Low_SNR,0.117,0.251,Low_SNR,0.22
548,0.269,0.185,0.127,0.162,0.173,0.166,0.192,0.180,0.099,0.088,0.088,0.154,0.250,0.352,0.297,0.000,Low_SNR,0.128,0.148,Low_SNR,0.091,0.237,Low_SNR,0.22
549,0.263,0.144,0.116,0.149,0.156,0.110,0.186,0.165,0.101,0.083,0.075,0.138,0.258,0.376,0.306,Low_SNR,Low_SNR,0.131,0.146,Low_SNR,0.097,0.248,0.161,0.21
550,0.270,0.191,0.136,0.162,0.157,0.106,0.200,0.178,0.110,0.096,0.094,0.132,0.249,0.351,0.295,Low_SNR,Low_SNR,0.131,0.152,Low_SNR,0.117,0.240,Low_SNR,0.23
551,0.270,0.176,0.125,0.162,0.160,0.120,0.200,0.177,0.108,0.089,0.090,0.133,0.261,0.356,0.285,0.001,Low_SNR,0.132,0.140,Low_SNR,0.097,0.255,Low_SNR,0.22
552,0.267,0.164,0.125,0.157,0.163,0.118,0.187,0.170,0.116,0.088,0.084,0.134,0.252,0.356,0.294,Low_SNR,Low_SNR,0.130,0.151,Low_SNR,0.101,0.244,0.135,0.21
553,0.269,0.167,0.143,0.178,0.192,0.112,0.192,0.184,0.128,0.112,0.114,0.161,0.255,0.336,0.283,Low_SNR,Low_SNR,0.166,0.185,Low_SNR,0.128,0.248,Low_SNR,0.21
554,0.269,0.172,0.133,0.166,0.165,0.124,0.188,0.180,0.118,0.100,0.099,0.144,0.258,0.340,0.295,Low_SNR,Low_SNR,0.143,0.157,Low_SNR,0.120,0.238,Low_SNR,0.22
555,0.270,0.170,0.129,0.161,0.165,0.116,0.193,0.173,0.096,0.085,0.088,0.138,0.264,0.363,0.292,Low_SNR,Low_SNR,0.131,0.153,Low_SNR,0.106,0.244,Low_SNR,0.23
556,0.266,0.167,0.127,0.165,0.165,0.128,0.195,0.178,0.113,0.093,0.100,0.130,0.252,0.357,0.294,Low_SNR,Low_SNR,0.139,0.160,Low_SNR,0.114,0.248,0.126,0.22
557,0.270,0.175,0.126,0.161,0.167,0.123,0.186,0.175,0.100,0.097,0.094,0.153,0.258,0.356,0.299,Low_SNR,Low_SNR,0.139,0.156,Low_SNR,0.103,0.236,0.128,0.22
558,0.271,0.164,0.135,0.163,0.164,0.140,0.192,0.179,0.112,0.103,0.094,0.156,0.262,0.361,0.293,Low_SNR,Low_SNR,0.153,0.153,Low_SNR,0.109,0.241,0.138,0.23
559,0.271,0.186,0.131,0.161,0.162,0.125,0.189,0.177,0.101,0.088,0.092,0.122,0.257,0.353,0.296,Low_SNR,Low_SNR,0.130,0.152,0.020,0.112,0.250,0.129,0.23
560,0.268,0.165,0.122,0.157,0.166,0.152,0.196,0.178,0.114,0.086,0.083,0.138,0.261,0.363,0.297,Low_SNR,Low_SNR,0.120,0.146,Low_SNR,0.090,0.263,Low_SNR,0.22
561,0.262,0.169,0.129,0.158,0.158,0.125,0.198,0.175,0.098,0.089,0.086,0.140,0.244,0.348,0.300,Low_SNR,Low_SNR,0.139,0.143,Low_SNR,0.110,0.257,Low_SNR,0.23
562,0.261,0.146,0.119,0.163,0.174,0.144,0.199,0.178,0.117,0.099,0.098,0.167,0.253,0.339,0.297,Low_SNR,Low_SNR,0.144,0.156,Low_SNR,0.118,0.253,Low_SNR,0.24
563,0.264,0.163,0.118,0.155,0.166,0.134,0.199,0.174,0.096,0.087,0.079,0.123,0.249,0.363,0.293,Low_SNR,Low_SNR,0.127,0.142,Low_SNR,0.090,0.243,Low_SNR,0.23
564,0.271,0.162,0.132,0.160,0.160,Low_SNR,0.192,0.173,0.102,0.098,0.094,0.148,0.263,0.360,0.291,Low_SNR,Low_SNR,0.154,0.157,Low_SNR,0.110,0.247,Low_SNR,0.21
565,0.267,0.166,0.134,0.166,0.173,0.113,0.195,0.179,0.112,0.101,0.098,0.139,0.251,0.354,0.300,Low_SNR,Low_SNR,0.140,0.166,Low_SNR,0.111,0.254,Low_SNR,0.23
566,0.275,0.191,0.121,0.161,0.170,0.120,0.184,0.176,0.119,0.089,0.091,0.140,0.263,0.353,0.292,Low_SNR,Low_SNR,0.126,0.163,Low_SNR,0.115,0.236,Low_SNR,0.22
567,0.267,0.148,0.116,0.156,0.164,0.134,0.198,0.175,0.120,0.089,0.091,0.145,0.261,0.351,0.300,Low_SNR,Low_SNR,0.140,0.147,Low_SNR,0.100,0.261,0.130,0.23
568,0.269,0.167,0.128,0.164,0.167,0.131,0.180,0.177,0.126,0.095,0.095,0.161,0.265,0.366,0.292,Low_SNR,Low_SNR,0.144,0.170,Low_SNR,0.121,0.237,0.199,0.22
569,0.261,0.142,0.114,0.153,0.156,Low_SNR,0.193,0.167,0.125,0.095,0.086,0.139,0.249,0.354,0.304,Low_SNR,Low_SNR,0.137,0.157,Low_SNR,0.115,0.259,Low_SNR,0.22
570,0.271,0.163,0.123,0.162,0.167,0.117,0.189,0.177,0.130,0.100,0.098,0.162,0.270,0.367,0.292,Low_SNR,Low_SNR,0.147,0.160,Low_SNR,0.126,0.240,0.198,0.22
571,0.271,0.186,0.127,0.158,0.159,0.115,0.190,0.178,0.104,0.089,0.089,0.136,0.263,0.366,0.291,Low_SNR,Low_SNR,0.128,0.151,Low_SNR,0.108,0.239,Low_SNR,0.23
572,0.267,0.158,0.121,0.161,0.167,0.129,0.192,0.178,0.108,0.091,0.087,0.141,0.256,0.352,0.300,Low_SNR,Low_SNR,0.136,0.151,Low_SNR,0.117,0.246,0.163,0.23
573,0.263,0.180,0.121,0.152,0.158,0.138,0.203,0.177,0.099,0.083,0.084,0.132,0.249,0.351,0.298,Low_SNR,Low_SNR,0.117,0.137,0.033,0.102,0.256,Low_SNR,0.23
574,0.268,0.174,0.124,0.159,0.164,0.096,0.189,0.174,0.114,0.096,0.095,0.146,0.258,0.353,0.295,Low_SNR,Low_SNR,0.138,0.158,Low_SNR,0.113,0.242,Low_SNR,0.22
575,0.268,0.164,0.112,0.156,0.161,0.141,0.195,0.174,0.119,0.081,0.085,0.120,0.258,0.352,0.303,Low_SNR,Low_SNR,0.131,0.151,Low_SNR,0.114,0.254,Low_SNR,0.22
576,0.261,0.155,0.123,0.163,0.178,0.161,0.188,0.177,0.099,0.088,0.090,0.148,0.250,0.346,0.300,Low_SNR,Low_SNR,0.127,0.155,Low_SNR,0.101,0.244,Low_SNR,0.24
577,0.260,0.136,0.112,0.156,0.159,0.105,0.203,0.172,0.127,0.099,0.087,0.145,0.250,0.349,0.297,Low_SNR,Low_SNR,0.143,0.153,Low_SNR,0.114,0.260,Low_SNR,0.22
578,0.264,0.150,0.118,0.153,0.151,0.103,0.202,0.168,0.102,0.089,0.091,0.137,0.252,0.351,0.304,Low_SNR,Low_SNR,0.130,0.145,Low_SNR,0.111,0.257,Low_SNR,0.21
579,0.266,0.154,0.124,0.161,0.171,0.136,0.199,0.177,0.104,0.090,0.091,0.144,0.255,0.355,0.288,Low_SNR,Low_SNR,0.137,0.156,Low_SNR,0.098,0.258,Low_SNR,0.20
580,0.265,0.161,0.118,0.156,0.158,0.103,0.199,0.173,0.113,0.090,0.086,0.150,0.259,0.353,0.297,Low_SNR,Low_SNR,0.127,0.149,Low_SNR,0.113,0.248,Low_SNR,0.23
581,0.272,0.170,0.128,0.159,0.162,0.109,0.189,0.174,0.110,0.089,0.089,0.148,0.260,0.355,0.297,Low_SNR,Low_SNR,0.134,0.150,Low_SNR,0.115,0.248,Low_SNR,0.23
582,0.262,0.153,0.118,0.160,0.170,0.128,0.192,0.175,0.113,0.092,0.089,0.132,0.249,0.346,0.307,Low_SNR,Low_SNR,0.137,0.154,Low_SNR,0.100,0.250,Low_SNR,0.21
583,0.269,0.165,0.123,0.156,0.159,0.115,0.187,0.173,0.109,0.088,0.085,0.157,0.266,0.361,0.295,Low_SNR,Low_SNR,0.129,0.146,Low_SNR,0.100,0.237,0.116,0.23
584,0.267,0.160,0.120,0.157,0.161,0.120,0.188,0.173,0.095,0.094,0.088,0.140,0.259,0.363,0.303,Low_SNR,Low_SNR,0.137,0.145,Low_SNR,0.103,0.243,0.128,0.22
585,0.265,0.155,0.126,0.166,0.175,0.133,0.193,0.178,0.125,0.094,0.095,0.146,0.253,0.343,0.304,0.000,Low_SNR,0.139,0.164,Low_SNR,0.120,0.242,0.152,0.22
586,0.269,0.162,0.119,0.153,0.150,Low_SNR,0.188,0.169,0.118,0.089,0.086,0.131,0.258,0.366,0.291,Low_SNR,Low_SNR,0.134,0.150,Low_SNR,0.110,0.240,0.108,0.22
587,0.272,0.185,0.143,0.175,0.175,0.125,0.187,0.187,0.131,0.107,0.106,0.171,0.264,0.342,0.288,Low_SNR,Low_SNR,0.145,0.171,Low_SNR,0.132,0.236,0.184,0.22
588,0.260,0.119,0.118,0.157,0.160,0.155,0.196,0.173,0.122,0.094,0.087,0.158,0.256,0.356,0.300,Low_SNR,Low_SNR,0.142,0.143,Low_SNR,0.093,0.241,Low_SNR,0.24
589,0.266,0.163,0.132,0.163,0.162,0.117,0.189,0.176,0.111,0.097,0.096,0.147,0.249,0.354,0.302,Low_SNR,Low_SNR,0.135,0.161,Low_SNR,0.108,0.241,0.136,0.23
590,0.269,0.176,0.126,0.163,0.168,0.124,0.198,0.180,0.122,0.096,0.097,0.147,0.256,0.344,0.300,Low_SNR,Low_SNR,0.141,0.153,Low_SNR,0.112,0.252,0.118,0.22
591,0.264,0.165,0.126,0.161,0.161,0.125,0.197,0.175,0.115,0.093,0.091,0.141,0.248,0.348,0.300,Low_SNR,Low_SNR,0.140,0.154,Low_SNR,0.106,0.253,0.126,0.23
592,0.266,0.210,0.135,0.162,0.164,0.123,0.191,0.181,0.105,0.088,0.089,0.136,0.251,0.347,0.301,Low_SNR,Low_SNR,0.120,0.154,Low_SNR,0.109,0.245,0.150,0.21
593,0.271,0.189,0.141,0.164,0.154,0.108,0.182,0.178,0.103,0.104,0.093,0.147,0.259,0.357,0.293,Low_SNR,Low_SNR,0.146,0.151,Low_SNR,0.111,0.230,0.149,0.21
594,0.264,0.161,0.134,0.165,0.168,0.155,0.199,0.183,0.110,0.096,0.092,0.142,0.252,0.341,0.293,Low_SNR,Low_SNR,0.145,0.154,Low_SNR,0.103,0.252,Low_SNR,0.22
595,0.266,0.160,0.118,0.157,0.162,0.136,0.195,0.175,0.106,0.082,0.083,0.144,0.256,0.348,0.305,Low_SNR,Low_SNR,0.124,0.146,Low_SNR,0.097,0.245,Low_SNR,0.22
596,0.272,0.183,0.131,0.165,0.165,0.106,0.193,0.180,0.108,0.096,0.093,0.150,0.260,0.344,0.290,Low_SNR,Low_SNR,0.140,0.155,Low_SNR,0.119,0.247,0.127,0.23
597,0.266,0.170,0.124,0.161,0.163,0.126,0.192,0.178,0.112,0.095,0.094,0.136,0.253,0.346,0.299,Low_SNR,Low_SNR,0.136,0.153,Low_SNR,0.111,0.238,0.133,0.24
598,0.265,0.157,0.132,0.168,0.173,0.117,0.190,0.179,0.116,0.101,0.102,0.150,0.254,0.340,0.294,Low_SNR,Low_SNR,0.146,0.160,Low_SNR,0.128,0.244,0.142,0.22
599,0.266,0.165,0.130,0.165,0.177,0.124,0.195,0.179,0.117,0.094,0.083,0.142,0.254,0.344,0.289,Low_SNR,Low_SNR,0.142,0.157,Low_SNR,0.115,0.242,Low_SNR,0.22
600,0.271,0.184,0.122,0.160,0.161,0.121,0.192,0.179,0.090,0.094,0.091,0.146,0.261,0.349,0.292,Low_SNR,Low_SNR,0.136,0.149,0.041,0.111,0.249,0.117,0.22
601,0.268,0.169,0.136,0.162,0.170,0.127,0.196,0.176,0.097,0.092,0.092,0.130,0.252,0.350,0.299,Low_SNR,Low_SNR,0.136,0.154,Low_SNR,0.092,0.252,Low_SNR,0.22
602,0.268,0.176,0.129,0.159,0.159,Low_SNR,0.194,0.175,0.100,0.103,0.095,0.153,0.256,0.332,0.295,Low_SNR,Low_SNR,0.139,0.161,Low_SNR,0.114,0.248,0.123,0.22
603,0.261,0.143,0.108,0.151,0.156,0.119,0.191,0.167,0.117,0.080,0.081,0.132,0.256,0.351,0.305,Low_SNR,Low_SNR,0.126,0.149,Low_SNR,0.096,0.251,0.125,0.22
604,0.264,0.160,0.126,0.160,0.169,0.138,0.196,0.177,0.103,0.091,0.092,0.135,0.254,0.346,0.298,Low_SNR,Low_SNR,0.137,0.154,Low_SNR,0.095,0.249,Low_SNR,0.23
605,0.266,0.152,0.113,0.160,0.167,0.144,0.199,0.177,0.126,0.092,0.095,0.152,0.258,0.344,0.293,Low_SNR,Low_SNR,0.148,0.163,Low_SNR,0.100,0.251,Low_SNR,0.22
606,0.264,0.150,0.137,0.171,0.182,0.113,0.202,0.182,0.110,0.097,0.104,0.152,0.249,0.325,0.301,Low_SNR,Low_SNR,0.143,0.171,Low_SNR,0.132,0.252,0.098,0.22
607,0.277,0.192,0.135,0.168,0.178,0.132,0.190,0.182,0.116,0.100,0.103,0.139,0.263,0.338,0.279,Low_SNR,0.001,0.141,0.165,Low_SNR,0.105,0.234,0.146,0.22
608,0.267,0.165,0.119,0.154,0.159,0.122,0.193,0.175,0.111,0.097,0.093,0.137,0.264,0.352,0.304,Low_SNR,Low_SNR,0.132,0.144,Low_SNR,0.095,0.246,0.117,0.23
609,0.269,0.171,0.124,0.164,0.167,0.129,0.194,0.180,0.122,0.092,0.091,0.136,0.256,0.349,0.299,Low_SNR,0.000,0.136,0.154,Low_SNR,0.102,0.244,0.116,0.22
610,0.267,0.168,0.126,0.160,0.165,0.125,0.193,0.176,0.110,0.090,0.091,0.144,0.258,0.346,0.297,Low_SNR,Low_SNR,0.137,0.156,Low_SNR,0.108,0.242,0.114,0.22
611,0.263,0.166,0.122,0.160,0.166,0.128,0.194,0.176,0.107,0.086,0.085,0.133,0.240,0.346,0.306,Low_SNR,Low_SNR,0.135,0.151,Low_SNR,0.103,0.244,0.116,0.22
612,0.267,0.168,0.127,0.163,0.168,0.129,0.196,0.180,0.114,0.095,0.093,0.145,0.256,0.342,0.304,Low_SNR,Low_SNR,0.144,0.155,Low_SNR,0.119,0.251,0.114,0.22
613,0.264,0.162,0.123,0.162,0.164,0.128,0.195,0.176,0.110,0.094,0.095,0.136,0.254,0.338,0.312,Low_SNR,Low_SNR,0.139,0.152,Low_SNR,0.111,0.248,0.124,0.21
614,0.269,0.169,0.127,0.161,0.168,0.133,0.193,0.179,0.106,0.097,0.091,0.144,0.260,0.348,0.297,Low_SNR,Low_SNR,0.137,0.153,Low_SNR,0.111,0.248,0.131,0.23
615,0.268,0.170,0.126,0.161,0.167,0.127,0.194,0.178,0.110,0.092,0.096,0.155,0.267,0.350,0.294,Low_SNR,Low_SNR,0.138,0.154,0.022,0.117,0.245,0.109,0.22
616,0.269,0.170,0.128,0.163,0.167,0.124,0.193,0.179,0.110,0.097,0.094,0.147,0.261,0.341,0.293,Low_SNR,Low_SNR,0.139,0.158,Low_SNR,0.107,0.250,0.124,0.23
617,0.268,0.169,0.124,0.162,0.165,0.129,0.196,0.179,0.099,0.089,0.088,0.135,0.260,0.336,0.304,Low_SNR,Low_SNR,0.131,0.154,Low_SNR,0.106,0.253,0.109,0.22
618,0.271,0.169,0.128,0.162,0.166,0.114,0.188,0.179,0.113,0.093,0.096,0.154,0.265,0.355,0.294,Low_SNR,Low_SNR,0.136,0.156,Low_SNR,0.111,0.239,0.123,0.23
619,0.269,0.169,0.126,0.161,0.165,0.124,0.189,0.177,0.116,0.090,0.090,0.140,0.265,0.355,0.291,Low_SNR,Low_SNR,0.131,0.154,Low_SNR,0.103,0.242,0.130,0.22
620,0.263,0.159,0.124,0.162,0.162,0.120,0.196,0.176,0.111,0.097,0.097,0.147,0.257,0.332,0.301,Low_SNR,0.000,0.147,0.158,Low_SNR,0.109,0.255,0.117,0.22
621,0.267,0.163,0.121,0.160,0.165,0.124,0.189,0.175,0.108,0.093,0.088,0.136,0.262,0.343,0.299,Low_SNR,Low_SNR,0.135,0.151,Low_SNR,0.113,0.244,0.131,0.22
622,0.265,0.166,0.125,0.160,0.164,0.124,0.197,0.177,0.109,0.090,0.091,0.152,0.247,0.344,0.300,Low_SNR,Low_SNR,0.133,0.152,Low_SNR,0.109,0.251,0.106,0.22
623,0.268,0.171,0.127,0.164,0.167,0.129,0.196,0.181,0.115,0.092,0.089,0.150,0.261,0.334,0.294,Low_SNR,Low_SNR,0.138,0.155,Low_SNR,0.114,0.249,0.120,0.22
624,0.269,0.175,0.133,0.163,0.167,0.113,0.183,0.179,0.109,0.094,0.093,0.154,0.260,0.355,0.295,Low_SNR,Low_SNR,0.136,0.149,Low_SNR,0.109,0.230,0.138,0.23
625,0.274,0.193,0.126,0.163,0.164,0.107,0.191,0.178,0.101,0.093,0.090,0.119,0.255,0.350,0.296,Low_SNR,Low_SNR,0.131,0.156,0.042,0.104,0.236,0.124,0.22
626,0.268,0.159,0.124,0.163,0.175,0.136,0.195,0.180,0.103,0.097,0.093,0.137,0.255,0.342,0.298,Low_SNR,Low_SNR,0.141,0.153,Low_SNR,0.105,0.242,0.136,0.22
627,0.263,0.162,0.121,0.155,0.160,0.121,0.194,0.176,0.113,0.094,0.091,0.127,0.252,0.345,0.302,Low_SNR,Low_SNR,0.131,0.149,Low_SNR,0.100,0.254,0.116,0.22
628,0.267,0.164,0.121,0.159,0.161,0.119,0.191,0.176,0.108,0.087,0.088,0.142,0.260,0.345,0.294,0.001,Low_SNR,0.128,0.154,0.025,0.108,0.244,0.108,0.22
629,0.267,0.163,0.122,0.155,0.160,0.111,0.188,0.175,0.114,0.090,0.088,0.133,0.262,0.353,0.297,Low_SNR,Low_SNR,0.136,0.150,0.018,0.103,0.242,0.109,0.22
630,0.268,0.169,0.130,0.166,0.170,0.120,0.195,0.182,0.118,0.104,0.095,0.145,0.250,0.331,0.303,Low_SNR,Low_SNR,0.143,0.158,Low_SNR,0.115,0.247,0.139,0.23
631,0.266,0.166,0.125,0.162,0.169,0.119,0.194,0.179,0.111,0.095,0.091,0.155,0.253,0.335,0.306,Low_SNR,Low_SNR,0.139,0.156,Low_SNR,0.115,0.247,0.126,0.23
632,0.266,0.158,0.122,0.159,0.166,0.123,0.194,0.177,0.113,0.095,0.089,0.125,0.257,0.344,0.299,Low_SNR,Low_SNR,0.136,0.152,Low_SNR,0.108,0.249,0.122,0.23
633,0.269,0.169,0.128,0.167,0.174,0.138,0.199,0.185,0.116,0.099,0.097,0.152,0.257,0.328,0.303,Low_SNR,Low_SNR,0.144,0.158,Low_SNR,0.114,0.251,0.129,0.22
634,0.268,0.168,0.124,0.159,0.160,0.122,0.191,0.178,0.101,0.088,0.084,0.143,0.259,0.349,0.302,Low_SNR,0.001,0.132,0.149,Low_SNR,0.106,0.244,0.114,0.23
635,0.267,0.181,0.129,0.162,0.175,Low_SNR,0.198,0.183,0.103,0.094,0.095,0.138,0.251,0.337,0.299,Low_SNR,Low_SNR,0.127,0.154,Low_SNR,0.113,0.245,0.095,0.21
636,0.261,0.158,0.117,0.160,0.173,0.146,0.202,0.181,0.100,0.086,0.084,0.128,0.244,0.335,0.308,Low_SNR,0.000,0.131,0.146,Low_SNR,0.088,0.255,0.090,0.23
637,0.266,0.168,0.128,0.168,0.171,0.128,0.192,0.182,0.118,0.100,0.097,0.149,0.260,0.347,0.298,Low_SNR,Low_SNR,0.140,0.161,Low_SNR,0.115,0.240,0.147,0.21
638,0.265,0.160,0.119,0.155,0.158,0.120,0.187,0.175,0.105,0.095,0.089,0.151,0.257,0.354,0.301,Low_SNR,Low_SNR,0.132,0.143,Low_SNR,0.102,0.237,0.133,0.22
639,0.269,0.171,0.132,0.161,0.163,0.129,0.195,0.180,0.104,0.089,0.089,0.142,0.258,0.348,0.296,Low_SNR,0.000,0.135,0.158,Low_SNR,0.101,0.249,0.114,0.20
640,0.268,0.171,0.128,0.163,0.164,0.136,0.193,0.181,0.108,0.092,0.089,0.145,0.265,0.341,0.298,Low_SNR,Low_SNR,0.136,0.145,Low_SNR,0.109,0.246,0.140,0.25
641,0.267,0.184,0.127,0.159,0.162,0.121,0.194,0.179,0.091,0.084,0.082,0.140,0.243,0.340,0.305,Low_SNR,Low_SNR,0.132,0.150,Low_SNR,0.101,0.251,0.119,0.22
642,0.266,0.162,0.125,0.164,0.170,0.131,0.196,0.180,0.126,0.096,0.087,0.148,0.253,0.329,0.298,Low_SNR,Low_SNR,0.141,0.155,Low_SNR,0.111,0.250,0.111,0.22
643,0.269,0.173,0.135,0.172,0.175,0.160,0.197,0.187,0.109,0.102,0.098,0.147,0.257,0.331,0.301,Low_SNR,Low_SNR,0.146,0.157,Low_SNR,0.103,0.244,0.133,0.23
644,0.272,0.170,0.126,0.165,0.170,0.107,0.189,0.180,0.120,0.098,0.097,0.153,0.259,0.345,0.296,Low_SNR,Low_SNR,0.143,0.164,Low_SNR,0.122,0.236,0.144,0.22
645,0.272,0.168,0.124,0.162,0.166,0.126,0.195,0.180,0.109,0.097,0.091,0.146,0.261,0.350,0.294,Low_SNR,Low_SNR,0.139,0.150,Low_SNR,0.111,0.251,0.135,0.22
646,0.263,0.164,0.123,0.157,0.164,0.122,0.193,0.175,0.103,0.089,0.088,0.133,0.253,0.337,0.303,Low_SNR,Low_SNR,0.131,0.149,Low_SNR,0.112,0.247,0.112,0.24
647,0.262,0.152,0.120,0.157,0.162,0.112,0.191,0.174,0.113,0.089,0.088,0.138,0.248,0.343,0.299,Low_SNR,Low_SNR,0.137,0.148,Low_SNR,0.109,0.242,0.128,0.23
648,0.268,0.158,0.120,0.162,0.169,0.130,0.196,0.179,0.123,0.092,0.092,0.140,0.260,0.348,0.289,Low_SNR,Low_SNR,0.136,0.156,Low_SNR,0.113,0.246,0.121,0.22
649,0.271,0.184,0.133,0.166,0.167,0.127,0.195,0.184,0.102,0.101,0.095,0.154,0.264,0.336,0.292,0.000,Low_SNR,0.143,0.152,Low_SNR,0.102,0.249,0.129,0.22
650,0.262,0.152,0.116,0.148,0.133,Low_SNR,0.191,0.167,0.106,0.090,0.079,0.148,0.263,0.355,0.296,Low_SNR,Low_SNR,0.144,0.133,Low_SNR,0.123,0.258,0.121,0.22
651,0.269,0.191,0.154,0.171,0.176,Low_SNR,0.186,0.184,0.093,0.109,0.104,0.157,0.255,0.344,0.301,Low_SNR,Low_SNR,0.160,0.173,Low_SNR,0.104,0.221,0.165,0.22
652,0.261,0.132,0.114,0.160,0.164,Low_SNR,0.193,0.172,0.128,0.095,0.095,0.155,0.256,0.337,0.307,Low_SNR,Low_SNR,0.147,0.160,Low_SNR,0.128,0.246,0.163,0.23
653,0.262,0.146,0.112,0.157,0.170,0.142,0.197,0.176,0.119,0.085,0.086,0.138,0.248,0.335,0.298,Low_SNR,Low_SNR,0.129,0.142,Low_SNR,0.113,0.247,Low_SNR,0.23
654,0.266,0.173,0.119,0.155,0.155,0.118,0.191,0.174,0.091,0.084,0.080,0.152,0.256,0.343,0.299,Low_SNR,Low_SNR,0.124,0.140,Low_SNR,0.098,0.236,0.122,0.22
655,0.265,0.160,0.117,0.154,0.159,0.129,0.194,0.176,0.102,0.086,0.090,0.142,0.253,0.351,0.296,Low_SNR,Low_SNR,0.126,0.145,Low_SNR,0.095,0.249,Low_SNR,0.22
656,0.264,0.152,0.113,0.150,0.154,0.114,0.194,0.173,0.110,0.096,0.079,0.131,0.257,0.348,0.296,Low_SNR,Low_SNR,0.133,0.143,Low_SNR,0.109,0.251,0.092,0.22
657,0.271,0.200,0.137,0.163,0.165,0.158,0.187,0.186,0.088,0.090,0.086,0.133,0.254,0.333,0.292,Low_SNR,Low_SNR,0.133,0.158,Low_SNR,0.091,0.229,0.102,0.23
658,0.262,0.178,0.131,0.171,0.192,0.180,0.196,0.189,0.103,0.089,0.101,0.169,0.251,0.337,0.299,Low_SNR,Low_SNR,0.125,0.164,Low_SNR,0.106,0.249,0.155,0.23
659,0.247,Low_SNR,0.123,0.159,0.160,Low_SNR,0.207,0.172,0.134,0.100,0.090,0.168,0.248,0.343,0.304,Low_SNR,Low_SNR,0.179,0.157,Low_SNR,0.105,0.269,Low_SNR,0.22
660,0.250,0.086,0.125,0.169,0.185,Low_SNR,0.204,0.177,0.129,0.107,0.099,0.204,0.246,0.341,0.307,Low_SNR,Low_SNR,0.179,0.162,Low_SNR,0.111,0.262,Low_SNR,0.23
661,0.274,0.184,0.126,0.160,0.158,0.123,0.191,0.180,0.096,0.095,0.088,0.132,0.263,0.363,0.289,Low_SNR,Low_SNR,0.140,0.144,Low_SNR,0.111,0.238,0.128,0.22
662,0.261,0.168,0.128,0.168,0.173,0.140,0.200,0.184,0.124,0.102,0.103,0.149,0.247,0.327,0.302,Low_SNR,Low_SNR,0.141,0.158,0.026,0.109,0.252,0.111,0.22
663,0.266,0.169,0.126,0.160,0.163,0.130,0.196,0.179,0.103,0.094,0.087,0.142,0.260,0.346,0.299,Low_SNR,Low_SNR,0.135,0.151,Low_SNR,0.099,0.249,0.103,0.23
664,0.259,0.150,0.124,0.161,0.167,0.141,0.196,0.180,0.111,0.095,0.095,0.148,0.250,0.338,0.298,Low_SNR,Low_SNR,0.136,0.154,Low_SNR,0.115,0.242,0.118,0.22
665,0.266,0.197,0.136,0.163,0.160,Low_SNR,0.193,0.180,0.107,0.094,0.088,0.132,0.254,0.323,0.302,Low_SNR,Low_SNR,0.139,0.157,Low_SNR,0.117,0.242,Low_SNR,0.23
666,0.269,0.162,0.126,0.161,0.166,0.099,0.195,0.177,0.104,0.094,0.097,0.144,0.263,0.344,0.297,0.000,Low_SNR,0.139,0.163,Low_SNR,0.108,0.251,Low_SNR,0.23
667,0.268,0.166,0.123,0.161,0.155,Low_SNR,0.197,0.177,0.117,0.094,0.096,0.136,0.261,0.346,0.292,Low_SNR,Low_SNR,0.133,0.160,Low_SNR,0.111,0.264,0.111,0.23
668,0.267,0.172,0.111,0.148,0.147,0.115,0.194,0.172,0.091,0.078,0.075,0.139,0.257,0.356,0.304,Low_SNR,Low_SNR,0.119,0.131,Low_SNR,0.088,0.246,0.106,0.23
669,0.264,0.143,0.124,0.156,0.156,0.119,0.189,0.176,0.102,0.092,0.089,0.146,0.260,0.348,0.304,Low_SNR,Low_SNR,0.145,0.146,Low_SNR,0.111,0.234,0.186,0.23
670,0.271,0.168,0.132,0.165,0.168,0.107,0.184,0.180,0.130,0.095,0.093,0.149,0.262,0.342,0.294,Low_SNR,Low_SNR,0.136,0.163,Low_SNR,0.122,0.230,0.184,0.23
671,0.267,0.166,0.127,0.164,0.165,0.120,0.190,0.180,0.110,0.098,0.096,0.129,0.250,0.345,0.299,Low_SNR,Low_SNR,0.144,0.154,Low_SNR,0.115,0.244,0.132,0.23
672,0.271,0.225,0.124,0.159,0.165,0.157,0.200,0.186,0.091,0.082,0.080,0.103,0.250,0.325,0.295,Low_SNR,Low_SNR,0.119,0.134,Low_SNR,0.087,0.256,0.090,0.21
673,0.273,0.204,0.132,0.168,0.170,0.151,0.193,0.189,0.105,0.096,0.094,0.131,0.261,0.340,0.295,Low_SNR,Low_SNR,0.128,0.153,Low_SNR,0.114,0.241,0.132,0.23
674,0.267,0.192,0.120,0.158,0.154,0.098,0.198,0.179,0.117,0.087,0.089,0.131,0.242,0.332,0.301,Low_SNR,Low_SNR,0.120,0.151,Low_SNR,0.116,0.258,Low_SNR,0.23
675,0.265,0.156,0.127,0.164,0.164,0.117,0.191,0.179,0.111,0.097,0.095,0.132,0.253,0.350,0.296,Low_SNR,Low_SNR,0.146,0.155,Low_SNR,0.120,0.242,0.148,0.22
676,0.264,0.155,0.125,0.165,0.170,0.126,0.191,0.180,0.114,0.097,0.097,0.150,0.257,0.341,0.297,Low_SNR,Low_SNR,0.147,0.163,Low_SNR,0.119,0.243,Low_SNR,0.22
677,0.263,0.168,0.125,0.159,0.163,0.128,0.194,0.177,0.103,0.091,0.091,0.151,0.253,0.335,0.302,Low_SNR,Low_SNR,0.134,0.149,Low_SNR,0.095,0.244,0.116,0.22
678,0.264,0.158,0.123,0.160,0.159,0.111,0.192,0.175,0.114,0.088,0.088,0.164,0.256,0.335,0.300,Low_SNR,Low_SNR,0.132,0.150,Low_SNR,0.113,0.247,0.113,0.22
679,0.267,0.159,0.119,0.157,0.158,0.125,0.194,0.180,0.114,0.095,0.081,0.149,0.256,0.342,0.310,Low_SNR,Low_SNR,0.131,0.149,Low_SNR,0.117,0.246,0.138,0.23
680,0.267,0.163,0.125,0.162,0.174,0.142,0.197,0.183,0.121,0.087,0.095,0.142,0.254,0.343,0.304,Low_SNR,Low_SNR,0.128,0.161,Low_SNR,0.118,0.247,0.115,0.22
681,0.270,0.169,0.120,0.159,0.154,0.117,0.193,0.180,0.119,0.103,0.105,0.150,0.262,0.349,0.320,Low_SNR,Low_SNR,0.131,0.153,Low_SNR,0.110,0.246,0.128,0.23
682,0.261,0.147,0.118,0.156,0.162,0.126,0.195,0.176,0.107,0.091,0.087,0.137,0.257,0.347,0.319,Low_SNR,Low_SNR,0.133,0.151,Low_SNR,0.097,0.243,0.116,0.22
683,0.267,Low_SNR,Low_SNR,0.169,0.189,0.205,0.209,0.191,Low_SNR,0.090,0.072,0.129,0.247,0.332,0.322,Low_SNR,Low_SNR,0.160,0.107,Low_SNR,0.088,0.264,0.094,0.22
684,0.264,0.183,0.125,0.156,0.160,Low_SNR,0.186,0.172,0.108,0.091,0.094,0.155,0.258,0.346,0.312,Low_SNR,Low_SNR,0.154,0.157,Low_SNR,0.116,0.241,0.128,0.22
685,0.261,0.155,0.124,0.161,0.173,Low_SNR,0.193,0.178,0.126,0.098,0.092,0.150,0.250,0.338,0.309,Low_SNR,Low_SNR,0.145,0.143,Low_SNR,0.110,0.249,0.144,0.23
686,0.263,0.159,0.130,0.168,0.170,0.160,0.204,0.185,0.127,0.101,0.096,0.125,0.247,0.315,0.304,Low_SNR,Low_SNR,0.142,0.159,Low_SNR,0.124,0.256,0.133,0.21
687,0.269,0.175,0.129,0.166,0.170,0.116,0.191,0.179,0.109,0.099,0.094,0.147,0.262,0.336,0.303,Low_SNR,Low_SNR,0.147,0.158,Low_SNR,0.103,0.240,0.131,0.22
688,0.263,0.164,0.124,0.160,0.164,0.129,0.195,0.180,0.107,0.092,0.090,0.151,0.251,0.341,0.308,Low_SNR,Low_SNR,0.133,0.147,Low_SNR,0.103,0.246,0.118,0.22
689,0.265,0.164,0.122,0.158,0.160,0.118,0.193,0.177,0.116,0.089,0.085,0.140,0.263,0.341,0.308,Low_SNR,Low_SNR,0.130,0.149,Low_SNR,0.099,0.246,0.123,0.23
690,0.264,0.161,0.117,0.157,0.162,0.122,0.194,0.178,0.107,0.084,0.086,0.136,0.251,0.341,0.320,Low_SNR,Low_SNR,0.127,0.145,Low_SNR,0.099,0.248,0.127,0.22
691,0.264,0.170,0.126,0.166,0.169,0.135,0.196,0.181,0.108,0.097,0.092,0.137,0.249,0.328,0.309,Low_SNR,Low_SNR,0.140,0.156,Low_SNR,0.112,0.249,0.135,0.23
692,0.265,0.167,0.119,0.158,0.164,0.137,0.195,0.178,0.096,0.081,0.084,0.131,0.256,0.339,0.313,Low_SNR,Low_SNR,0.126,0.147,Low_SNR,0.090,0.246,0.112,0.22
693,0.261,0.164,0.126,0.162,0.162,0.124,0.196,0.180,0.115,0.094,0.095,0.150,0.245,0.329,0.315,Low_SNR,Low_SNR,0.138,0.155,Low_SNR,0.111,0.249,0.130,0.22
694,0.264,0.163,0.120,0.159,0.166,0.133,0.195,0.179,0.113,0.088,0.088,0.125,0.248,0.341,0.314,Low_SNR,Low_SNR,0.131,0.150,Low_SNR,0.113,0.246,0.125,0.22
695,0.262,0.168,0.128,0.163,0.167,0.124,0.196,0.181,0.114,0.097,0.094,0.149,0.252,0.331,0.307,Low_SNR,Low_SNR,0.141,0.158,Low_SNR,0.114,0.250,0.128,0.22
696,0.263,0.167,0.124,0.163,0.165,0.122,0.192,0.179,0.109,0.094,0.092,0.149,0.253,0.344,0.304,Low_SNR,Low_SNR,0.133,0.154,Low_SNR,0.111,0.245,0.106,0.21
697,0.265,0.163,0.120,0.157,0.162,0.127,0.195,0.179,0.108,0.089,0.089,0.141,0.251,0.338,0.309,Low_SNR,Low_SNR,0.133,0.148,Low_SNR,0.105,0.248,0.107,0.22
698,0.268,0.169,0.126,0.162,0.166,0.125,0.194,0.181,0.105,0.094,0.092,0.149,0.250,0.337,0.309,Low_SNR,Low_SNR,0.136,0.153,Low_SNR,0.113,0.243,0.124,0.22
699,0.265,0.160,0.123,0.165,0.167,0.125,0.195,0.181,0.126,0.095,0.090,0.137,0.249,0.331,0.313,Low_SNR,Low_SNR,0.141,0.154,Low_SNR,0.113,0.249,0.125,0.23
700,0.270,0.187,0.127,0.166,0.167,0.132,0.196,0.184,0.108,0.096,0.096,0.150,0.254,0.328,0.304,Low_SNR,Low_SNR,0.135,0.157,Low_SNR,0.098,0.244,0.132,0.22
701,0.264,0.160,0.123,0.161,0.163,0.120,0.193,0.179,0.118,0.098,0.094,0.146,0.261,0.346,0.312,Low_SNR,Low_SNR,0.134,0.153,Low_SNR,0.117,0.238,0.128,0.22
702,0.262,0.164,0.123,0.161,0.165,0.126,0.198,0.179,0.117,0.092,0.091,0.145,0.244,0.326,0.311,Low_SNR,Low_SNR,0.137,0.153,Low_SNR,0.109,0.251,0.116,0.22
703,0.262,0.166,0.125,0.159,0.158,0.126,0.196,0.180,0.109,0.097,0.093,0.141,0.251,0.340,0.315,Low_SNR,Low_SNR,0.135,0.147,Low_SNR,0.111,0.245,0.119,0.23
704,0.264,0.165,0.123,0.158,0.163,0.134,0.195,0.180,0.107,0.089,0.089,0.143,0.249,0.335,0.305,0.001,Low_SNR,0.130,0.149,Low_SNR,0.104,0.247,0.112,0.22
705,0.263,0.171,0.125,0.162,0.171,0.138,0.196,0.183,0.107,0.086,0.092,0.143,0.249,0.329,0.295,Low_SNR,Low_SNR,0.130,0.162,Low_SNR,0.112,0.246,0.124,0.22
706,0.268,0.171,0.126,0.163,0.168,0.137,0.197,0.182,0.116,0.100,0.095,0.140,0.260,0.343,0.302,Low_SNR,Low_SNR,0.135,0.155,Low_SNR,0.105,0.245,0.130,0.23
707,0.264,0.161,0.126,0.163,0.170,0.126,0.196,0.178,0.113,0.094,0.095,0.142,0.250,0.336,0.304,Low_SNR,Low_SNR,0.141,0.160,Low_SNR,0.113,0.245,0.128,0.22
708,0.263,0.173,0.130,0.161,0.171,0.185,0.202,0.185,0.096,0.080,0.077,0.133,0.246,0.331,0.304,Low_SNR,Low_SNR,0.130,0.137,Low_SNR,0.092,0.252,Low_SNR,0.22
709,0.267,0.165,0.126,0.160,0.166,0.132,0.195,0.181,0.108,0.090,0.085,0.148,0.259,0.338,0.290,Low_SNR,Low_SNR,0.134,0.149,Low_SNR,0.106,0.240,0.112,0.22
710,0.261,Low_SNR,0.113,0.157,0.165,0.105,0.196,0.172,0.111,0.094,0.091,0.150,0.251,0.329,0.310,Low_SNR,Low_SNR,0.144,0.160,Low_SNR,0.106,0.258,Low_SNR,0.23
711,0.261,0.212,0.127,0.152,0.149,Low_SNR,0.202,0.183,Low_SNR,0.073,0.069,0.145,0.249,0.328,0.315,Low_SNR,Low_SNR,Low_SNR,0.123,Low_SNR,Low_SNR,0.261,Low_SNR,0.23
712,0.263,Low_SNR,0.121,0.163,0.176,Low_SNR,0.200,0.179,0.097,0.093,0.101,Low_SNR,0.248,0.324,0.299,0.001,Low_SNR,0.130,0.189,Low_SNR,0.095,0.273,Low_SNR,0.25
713,0.268,0.221,0.129,0.159,0.148,0.094,0.181,0.179,0.094,0.091,0.096,0.187,0.255,0.381,0.263,Low_SNR,Low_SNR,0.133,0.167,Low_SNR,0.117,0.209,Low_SNR,0.21
714,0.275,Low_SNR,0.129,0.159,0.153,Low_SNR,0.193,0.188,Low_SNR,0.088,0.083,Low_SNR,0.248,0.365,0.281,Low_SNR,0.001,0.111,0.104,Low_SNR,0.091,0.233,Low_SNR,0.24
715,0.264,0.212,0.137,0.159,0.145,Low_SNR,0.191,0.183,0.105,0.093,0.082,0.197,0.258,0.390,0.273,Low_SNR,Low_SNR,0.138,0.128,Low_SNR,0.130,0.236,Low_SNR,0.22
716,0.268,Low_SNR,0.140,0.175,0.186,Low_SNR,0.159,0.185,0.133,0.111,0.111,Low_SNR,0.269,0.385,0.291,Low_SNR,Low_SNR,0.150,0.186,Low_SNR,0.148,0.176,Low_SNR,0.23
717,0.262,0.166,0.124,0.160,0.162,0.109,0.201,0.187,0.112,0.094,0.094,0.156,0.259,0.353,0.290,Low_SNR,Low_SNR,0.138,0.155,Low_SNR,0.118,0.248,0.099,0.22
718,0.263,0.176,0.125,0.158,0.159,0.112,0.198,0.185,0.107,0.092,0.088,0.153,0.246,0.339,0.297,Low_SNR,Low_SNR,0.135,0.149,Low_SNR,0.101,0.260,0.070,0.23
719,0.257,0.160,0.116,0.154,0.156,0.109,0.195,0.177,0.113,0.087,0.085,0.124,0.245,0.361,0.299,Low_SNR,Low_SNR,0.129,0.144,Low_SNR,0.099,0.248,Low_SNR,0.22
720,0.268,0.212,0.157,0.179,0.172,Low_SNR,0.191,0.194,0.105,0.114,0.106,0.161,0.248,0.339,0.281,Low_SNR,Low_SNR,0.162,0.169,Low_SNR,0.131,0.230,0.171,0.23
721,0.260,0.120,0.138,0.178,0.178,0.127,0.196,0.188,0.120,0.120,0.116,0.181,0.252,0.369,0.289,Low_SNR,Low_SNR,0.162,0.166,Low_SNR,0.128,0.248,Low_SNR,0.21
722,0.275,0.212,0.125,0.156,0.158,0.118,0.187,0.184,0.099,0.091,0.080,Low_SNR,0.254,0.355,0.283,Low_SNR,Low_SNR,0.127,0.145,Low_SNR,0.100,0.230,0.127,0.22
723,0.264,0.154,0.121,0.158,0.163,0.124,0.196,0.180,0.104,0.089,0.087,0.140,0.253,0.370,0.283,Low_SNR,Low_SNR,0.134,0.151,Low_SNR,0.109,0.251,Low_SNR,0.21
724,0.273,0.182,0.123,0.158,0.162,0.113,0.194,0.183,0.097,0.089,0.084,0.138,0.252,0.351,0.287,Low_SNR,Low_SNR,0.131,0.145,Low_SNR,0.101,0.253,Low_SNR,0.22
725,0.267,0.195,0.136,0.168,0.170,0.120,0.186,0.187,0.109,0.097,0.094,0.159,0.252,0.356,0.286,Low_SNR,Low_SNR,0.135,0.161,Low_SNR,0.114,0.208,0.203,0.22
726,0.265,0.176,0.118,0.156,0.159,0.123,0.196,0.183,0.099,0.085,0.087,Low_SNR,0.254,0.354,0.283,Low_SNR,Low_SNR,0.126,0.148,Low_SNR,0.099,0.251,Low_SNR,0.22
727,0.263,0.146,0.117,0.158,0.162,0.139,0.208,0.182,0.114,0.097,0.095,Low_SNR,0.249,0.359,0.292,Low_SNR,Low_SNR,0.142,0.146,Low_SNR,0.102,0.267,Low_SNR,0.21
728,0.269,0.194,0.124,0.156,0.159,0.121,0.188,0.181,0.092,0.086,0.083,0.150,0.259,0.362,0.294,Low_SNR,Low_SNR,0.127,0.142,Low_SNR,0.091,0.224,0.145,0.22
729,0.276,0.202,0.129,0.165,0.167,0.133,0.189,0.189,0.108,0.089,0.088,0.133,0.263,0.363,0.279,Low_SNR,Low_SNR,0.136,0.153,Low_SNR,0.106,0.221,0.184,0.21
730,0.256,0.141,0.132,0.172,0.181,0.146,0.196,0.185,0.131,0.104,0.103,0.180,0.251,0.360,0.287,Low_SNR,Low_SNR,0.156,0.171,Low_SNR,0.125,0.236,Low_SNR,0.22
731,0.261,0.138,0.117,0.161,0.166,0.127,0.198,0.182,0.125,0.097,0.099,0.126,0.244,0.353,0.295,Low_SNR,Low_SNR,0.140,0.157,Low_SNR,0.113,0.246,0.133,0.21
732,0.262,0.161,0.130,0.167,0.170,0.137,0.200,0.187,0.110,0.102,0.097,0.153,0.255,0.350,0.283,Low_SNR,Low_SNR,0.144,0.152,Low_SNR,0.111,0.248,Low_SNR,0.22
733,0.263,0.180,0.125,0.162,0.163,0.127,0.189,0.183,0.101,0.087,0.086,0.169,0.256,0.347,0.302,Low_SNR,Low_SNR,0.127,0.155,Low_SNR,0.107,0.226,Low_SNR,0.22
734,0.250,0.126,0.128,0.169,0.174,0.142,0.194,0.184,0.131,0.107,0.102,0.200,0.248,0.358,0.298,Low_SNR,Low_SNR,0.150,0.163,Low_SNR,0.123,0.239,0.165,0.21
735,0.266,0.173,0.124,0.161,0.164,0.130,0.193,0.182,0.103,0.096,0.091,0.109,0.256,0.354,0.310,Low_SNR,Low_SNR,0.139,0.150,0.012,0.102,0.226,Low_SNR,0.23
736,0.263,0.174,0.123,0.161,0.164,0.122,0.193,0.184,0.106,0.087,0.089,0.139,0.250,0.343,0.301,Low_SNR,Low_SNR,0.127,0.148,Low_SNR,0.109,0.236,Low_SNR,0.22
737,0.267,0.169,0.116,0.156,0.155,0.120,0.192,0.179,0.101,0.081,0.082,0.132,0.262,0.360,0.299,Low_SNR,Low_SNR,0.124,0.144,Low_SNR,0.098,0.242,Low_SNR,0.22
738,0.266,0.172,0.125,0.161,0.168,0.128,0.193,0.185,0.109,0.093,0.091,0.118,0.253,0.348,0.293,Low_SNR,Low_SNR,0.139,0.158,Low_SNR,0.110,0.239,0.134,0.22
739,0.274,0.170,0.121,0.158,0.166,0.129,0.192,0.182,0.106,0.096,0.089,0.120,0.263,0.360,0.287,Low_SNR,Low_SNR,0.130,0.152,Low_SNR,0.111,0.224,0.175,0.22
740,0.261,0.168,0.123,0.158,0.159,0.123,0.195,0.180,0.109,0.091,0.089,0.160,0.255,0.355,0.293,Low_SNR,Low_SNR,0.130,0.147,Low_SNR,0.105,0.249,0.105,0.21
741,0.260,0.156,0.122,0.161,0.166,0.132,0.200,0.182,0.123,0.095,0.094,0.128,0.252,0.342,0.303,Low_SNR,Low_SNR,0.137,0.155,Low_SNR,0.109,0.248,0.130,0.22
742,0.258,0.165,0.125,0.162,0.166,0.130,0.197,0.184,0.111,0.090,0.091,0.145,0.247,0.352,0.305,Low_SNR,Low_SNR,0.132,0.152,Low_SNR,0.109,0.240,Low_SNR,0.23
743,0.256,0.149,0.127,0.165,0.166,0.136,0.190,0.183,0.115,0.102,0.097,0.161,0.250,0.354,0.299,Low_SNR,Low_SNR,0.140,0.159,Low_SNR,0.118,0.226,0.162,0.22
744,0.263,0.170,0.124,0.164,0.168,0.134,0.190,0.184,0.113,0.096,0.095,0.148,0.258,0.352,0.295,Low_SNR,Low_SNR,0.132,0.154,Low_SNR,0.112,0.223,0.164,0.22
745,0.266,0.169,0.126,0.164,0.166,0.129,0.196,0.188,0.123,0.084,0.090,0.150,0.258,0.345,0.285,Low_SNR,Low_SNR,0.132,0.152,Low_SNR,0.136,0.249,0.123,0.22
746,0.263,0.164,0.130,0.167,0.170,0.134,0.193,0.188,0.117,0.098,0.095,0.162,0.250,0.348,0.297,Low_SNR,Low_SNR,0.139,0.158,0.021,0.115,0.234,0.148,0.23
747,0.268,0.157,0.129,0.171,0.176,0.148,0.189,0.188,0.118,0.101,0.099,0.124,0.257,0.351,0.297,Low_SNR,Low_SNR,0.147,0.160,Low_SNR,0.125,0.224,0.200,0.22
748,0.259,0.150,0.121,0.160,0.164,0.118,0.188,0.180,0.112,0.093,0.090,0.158,0.254,0.351,0.310,Low_SNR,Low_SNR,0.137,0.156,Low_SNR,0.111,0.224,0.163,0.23
749,0.264,0.159,0.116,0.156,0.164,0.125,0.193,0.181,0.102,0.082,0.084,0.140,0.252,0.347,0.292,Low_SNR,Low_SNR,0.128,0.148,Low_SNR,0.101,0.238,0.142,0.22
750,0.252,0.132,0.130,0.168,0.173,0.141,0.199,0.185,0.127,0.104,0.103,0.162,0.247,0.336,0.294,Low_SNR,Low_SNR,0.155,0.162,Low_SNR,0.119,0.253,0.130,0.21
751,0.254,0.135,0.126,0.167,0.174,0.165,0.191,0.182,0.124,0.092,0.095,0.147,0.244,0.348,0.302,Low_SNR,Low_SNR,0.145,0.156,Low_SNR,0.111,0.212,0.208,0.21
752,0.260,0.152,0.124,0.162,0.162,0.130,0.199,0.182,0.112,0.096,0.094,0.149,0.245,0.338,0.302,Low_SNR,Low_SNR,0.139,0.149,Low_SNR,0.103,0.256,Low_SNR,0.22
753,0.263,0.178,0.125,0.158,0.155,0.123,0.201,0.183,0.111,0.090,0.090,0.151,0.251,0.336,0.302,Low_SNR,Low_SNR,0.130,0.147,Low_SNR,0.113,0.263,Low_SNR,0.22
754,0.273,0.211,0.138,0.171,0.185,0.195,0.190,0.197,0.092,0.092,0.094,0.131,0.256,0.348,0.289,Low_SNR,Low_SNR,0.126,0.161,Low_SNR,0.100,0.208,0.185,0.21
755,0.269,0.175,0.116,0.159,0.171,0.154,0.189,0.185,0.097,0.088,0.088,Low_SNR,0.248,0.334,0.300,Low_SNR,Low_SNR,0.122,0.154,Low_SNR,0.106,0.217,Low_SNR,0.23
756,0.263,0.183,0.119,0.158,0.163,0.135,0.208,0.186,0.099,0.089,0.086,0.121,0.247,0.328,0.290,Low_SNR,Low_SNR,0.124,0.142,Low_SNR,0.090,0.274,Low_SNR,0.23
757,0.257,0.158,0.126,0.162,0.161,0.117,0.192,0.183,0.119,0.094,0.090,0.136,0.240,0.335,0.311,Low_SNR,Low_SNR,0.137,0.154,Low_SNR,0.109,0.233,0.132,0.22
758,0.260,0.157,0.127,0.168,0.170,0.105,0.184,0.182,0.132,0.103,0.103,0.150,0.249,0.344,0.298,Low_SNR,Low_SNR,0.151,0.172,Low_SNR,0.125,0.223,0.220,0.23
759,0.262,0.163,0.112,0.159,0.169,0.177,0.201,0.186,0.112,0.084,0.084,0.129,0.245,0.336,0.295,Low_SNR,Low_SNR,0.127,0.139,Low_SNR,0.086,0.239,Low_SNR,0.22
760,0.266,0.184,0.120,0.157,0.156,0.103,0.200,0.181,0.103,0.080,0.079,0.110,0.253,0.342,0.300,Low_SNR,Low_SNR,0.115,0.148,Low_SNR,0.100,0.260,Low_SNR,0.24
761,0.268,0.185,0.119,0.157,0.156,0.145,0.191,0.183,0.102,0.085,0.078,0.135,0.252,0.340,0.294,Low_SNR,Low_SNR,0.126,0.137,Low_SNR,0.107,0.231,0.163,0.22
762,0.264,0.159,0.119,0.163,0.168,0.120,0.194,0.182,0.125,0.088,0.099,0.128,0.257,0.341,0.289,Low_SNR,Low_SNR,0.136,0.160,Low_SNR,0.134,0.237,Low_SNR,0.21
763,0.269,0.175,0.120,0.160,0.162,Low_SNR,0.186,0.180,0.094,0.091,0.088,0.125,0.256,0.347,0.295,Low_SNR,Low_SNR,0.130,0.147,Low_SNR,0.118,0.216,0.223,0.22
764,0.275,0.182,0.123,0.162,0.162,0.111,0.182,0.180,0.109,0.091,0.093,0.113,0.260,0.345,0.291,Low_SNR,Low_SNR,0.139,0.155,Low_SNR,0.123,0.227,Low_SNR,0.22
765,0.258,0.161,0.132,0.164,0.160,Low_SNR,0.202,0.181,0.106,0.096,0.093,0.152,0.246,0.337,0.302,Low_SNR,0.001,0.146,0.154,Low_SNR,0.104,0.244,Low_SNR,0.22
766,0.246,Low_SNR,Low_SNR,0.172,0.190,Low_SNR,0.194,0.177,0.159,0.124,0.127,0.175,0.232,0.336,0.327,Low_SNR,Low_SNR,Low_SNR,0.244,Low_SNR,0.166,0.271,0.197,0.24
767,0.258,0.148,0.120,0.161,0.165,0.144,0.208,0.186,0.115,0.094,0.094,0.134,0.248,0.338,0.310,Low_SNR,Low_SNR,0.130,0.142,Low_SNR,0.101,0.273,Low_SNR,0.22
768,0.254,0.156,0.111,0.154,0.158,0.113,0.207,0.178,0.114,0.086,0.084,Low_SNR,0.241,0.336,0.301,Low_SNR,Low_SNR,0.126,0.151,Low_SNR,0.090,0.288,Low_SNR,0.23
769,0.264,0.176,0.125,0.166,0.174,0.127,0.189,0.185,0.110,0.095,0.095,0.157,0.259,0.340,0.297,Low_SNR,Low_SNR,0.137,0.164,Low_SNR,0.115,0.204,0.204,0.23
770,0.259,0.162,0.132,0.167,0.165,0.126,0.186,0.182,0.119,0.097,0.096,0.174,0.250,0.341,0.303,Low_SNR,Low_SNR,0.137,0.161,Low_SNR,0.135,0.211,0.200,0.22
771,0.266,0.175,0.130,0.162,0.169,0.143,0.195,0.185,0.102,0.090,0.088,0.130,0.250,0.339,0.304,Low_SNR,Low_SNR,0.138,0.147,Low_SNR,0.106,0.223,0.144,0.21
772,0.255,0.159,0.122,0.162,0.175,0.131,0.198,0.182,0.107,0.095,0.086,0.171,0.249,0.346,0.291,Low_SNR,Low_SNR,0.141,0.149,Low_SNR,0.097,0.251,Low_SNR,0.22
773,0.251,0.159,0.131,0.172,0.182,0.155,0.201,0.187,0.111,0.099,0.097,0.177,0.244,0.337,0.301,Low_SNR,Low_SNR,0.142,0.159,Low_SNR,0.119,0.238,0.150,0.22
774,0.256,0.150,0.126,0.169,0.178,0.144,0.197,0.187,0.112,0.104,0.098,0.163,0.253,0.341,0.303,Low_SNR,Low_SNR,0.140,0.157,Low_SNR,0.119,0.235,0.145,0.22
775,0.268,0.178,0.133,0.160,0.164,Low_SNR,0.190,0.184,0.109,0.096,0.088,Low_SNR,0.257,0.346,0.304,Low_SNR,Low_SNR,0.140,0.141,Low_SNR,0.108,0.218,0.173,0.22
776,0.256,0.171,0.123,0.160,0.160,0.139,0.199,0.183,0.110,0.092,0.086,0.154,0.249,0.337,0.311,Low_SNR,Low_SNR,0.135,0.140,Low_SNR,0.109,0.254,Low_SNR,0.22
777,0.253,0.158,0.125,0.157,0.155,0.130,0.202,0.180,0.119,0.088,0.084,0.149,0.247,0.335,0.308,Low_SNR,Low_SNR,0.127,0.143,Low_SNR,0.102,0.259,0.106,0.22
778,0.268,0.169,0.120,0.160,0.161,0.132,0.195,0.184,0.103,0.092,0.087,0.095,0.254,0.336,0.295,Low_SNR,Low_SNR,0.130,0.144,Low_SNR,0.098,0.236,Low_SNR,0.21
779,0.254,0.164,0.141,0.171,0.169,0.101,0.200,0.186,0.117,0.106,0.100,0.203,0.252,0.342,0.299,Low_SNR,Low_SNR,0.156,0.165,0.029,0.123,0.246,0.152,0.21
780,0.268,0.188,0.131,0.165,0.165,0.128,0.201,0.189,0.107,0.097,0.095,0.131,0.251,0.330,0.302,Low_SNR,Low_SNR,0.139,0.154,Low_SNR,0.098,0.247,0.114,0.22
781,0.269,0.176,0.125,0.161,0.159,0.146,0.199,0.186,0.093,0.095,0.088,Low_SNR,0.253,0.340,0.303,Low_SNR,Low_SNR,0.134,0.139,Low_SNR,0.109,0.233,Low_SNR,0.22
782,0.239,Low_SNR,Low_SNR,0.159,0.178,Low_SNR,0.209,0.173,0.144,0.095,0.121,0.235,0.251,0.347,0.298,Low_SNR,Low_SNR,0.139,0.190,Low_SNR,0.104,0.263,Low_SNR,0.25
783,0.264,0.183,0.133,0.168,0.173,0.131,0.192,0.188,0.103,0.099,0.098,0.124,0.248,0.329,0.301,Low_SNR,0.001,0.142,0.159,Low_SNR,0.109,0.226,Low_SNR,0.22
784,0.255,0.159,0.126,0.165,0.172,0.124,0.200,0.184,0.126,0.097,0.097,Low_SNR,0.250,0.334,0.300,Low_SNR,Low_SNR,0.141,0.163,Low_SNR,0.114,0.250,Low_SNR,0.22
785,0.262,0.145,0.122,0.166,0.167,0.138,0.199,0.185,0.119,0.104,0.100,0.132,0.255,0.343,0.298,Low_SNR,Low_SNR,0.145,0.148,Low_SNR,0.113,0.254,Low_SNR,0.22
786,0.253,0.144,0.113,0.156,0.156,0.124,0.206,0.178,0.109,0.087,0.083,0.150,0.246,0.335,0.310,Low_SNR,Low_SNR,0.129,0.143,Low_SNR,0.093,0.284,0.050,0.21
787,0.266,0.176,0.127,0.164,0.166,0.112,0.187,0.182,0.110,0.102,0.095,0.141,0.260,0.348,0.298,Low_SNR,Low_SNR,0.145,0.152,Low_SNR,0.114,0.218,0.162,0.21
788,0.259,0.166,0.122,0.161,0.160,0.125,0.200,0.183,0.106,0.090,0.087,0.155,0.245,0.337,0.302,Low_SNR,Low_SNR,0.132,0.148,Low_SNR,0.103,0.253,Low_SNR,0.22
789,0.261,0.154,0.111,0.155,0.164,0.124,0.195,0.180,0.105,0.086,0.086,0.149,0.254,0.340,0.303,Low_SNR,Low_SNR,0.126,0.146,Low_SNR,0.105,0.236,Low_SNR,0.22
790,0.261,0.160,0.118,0.155,0.152,0.114,0.200,0.179,0.116,0.086,0.083,0.127,0.251,0.340,0.304,Low_SNR,Low_SNR,0.130,0.144,Low_SNR,0.104,0.257,Low_SNR,0.20
791,0.248,Low_SNR,0.119,0.153,0.146,0.081,0.201,0.173,0.120,0.093,0.090,0.173,0.247,0.336,0.321,Low_SNR,Low_SNR,0.135,0.147,Low_SNR,0.108,0.267,Low_SNR,0.22
792,0.258,0.165,0.137,0.172,0.171,0.122,0.191,0.188,0.121,0.102,0.099,0.166,0.250,0.333,0.298,Low_SNR,Low_SNR,0.149,0.162,Low_SNR,0.118,0.231,0.172,0.22
793,0.261,0.206,0.130,0.160,0.154,Low_SNR,0.194,0.185,0.108,0.091,0.082,0.194,0.257,0.335,0.303,Low_SNR,Low_SNR,0.136,0.143,Low_SNR,0.115,0.230,Low_SNR,0.22
794,0.260,0.153,0.134,0.169,0.173,0.137,0.196,0.186,0.113,0.104,0.097,0.146,0.247,0.333,0.298,Low_SNR,Low_SNR,0.149,0.164,Low_SNR,0.110,0.230,0.171,0.22
795,0.251,0.146,0.116,0.159,0.157,0.101,0.199,0.177,0.110,0.094,0.085,0.169,0.248,0.334,0.307,Low_SNR,Low_SNR,0.142,0.149,Low_SNR,0.112,0.260,Low_SNR,0.23
796,0.266,0.178,0.123,0.164,0.168,0.133,0.196,0.186,0.113,0.093,0.092,0.159,0.254,0.336,0.304,Low_SNR,Low_SNR,0.129,0.151,Low_SNR,0.112,0.230,Low_SNR,0.24
797,0.268,0.188,0.121,0.158,0.154,0.098,0.196,0.183,0.104,0.089,0.086,0.107,0.251,0.328,0.298,Low_SNR,Low_SNR,0.124,0.148,Low_SNR,0.108,0.250,Low_SNR,0.25
798,0.263,0.156,0.113,0.154,0.161,0.134,0.202,0.180,0.103,0.083,0.076,0.130,0.254,0.340,0.300,Low_SNR,Low_SNR,0.134,0.140,Low_SNR,0.099,0.251,Low_SNR,0.22
799,0.275,0.208,0.116,0.156,0.159,0.130,0.194,0.185,0.094,0.081,0.078,0.103,0.260,0.334,0.302,Low_SNR,Low_SNR,0.115,0.150,Low_SNR,0.090,0.237,Low_SNR,0.22
800,0.266,0.190,0.123,0.160,0.165,0.109,0.190,0.185,0.096,0.087,0.093,0.146,0.261,0.353,0.292,Low_SNR,Low_SNR,0.126,0.166,Low_SNR,0.102,0.232,Low_SNR,0.22
801,0.268,0.180,0.110,0.158,0.163,0.118,0.193,0.182,0.117,0.088,0.092,0.140,0.256,0.335,0.299,Low_SNR,Low_SNR,0.121,0.155,Low_SNR,0.111,0.237,0.144,0.23
802,0.257,0.149,0.115,0.153,0.151,0.121,0.205,0.177,0.104,0.075,0.071,0.140,0.252,0.343,0.316,Low_SNR,Low_SNR,0.128,0.143,Low_SNR,0.097,0.271,Low_SNR,0.22
803,0.253,0.126,0.108,0.155,0.151,0.116,0.206,0.174,0.110,0.087,0.071,0.127,0.247,0.333,0.319,Low_SNR,0.000,0.142,0.148,Low_SNR,0.095,0.271,Low_SNR,0.21
804,0.262,0.166,0.128,0.171,0.176,0.119,0.199,0.187,0.107,0.097,0.103,0.162,0.254,0.342,0.303,Low_SNR,Low_SNR,0.148,0.162,Low_SNR,0.110,0.248,0.151,0.24
805,0.256,0.162,0.114,0.148,0.148,0.120,0.198,0.177,0.093,0.088,0.067,0.113,0.250,0.335,0.324,Low_SNR,0.001,0.128,0.122,Low_SNR,0.099,0.257,Low_SNR,0.22
806,0.266,0.191,0.123,0.158,0.151,0.089,0.192,0.181,0.108,0.094,0.087,0.142,0.254,0.331,0.320,Low_SNR,Low_SNR,0.139,0.159,Low_SNR,0.113,0.235,0.194,0.23
807,0.261,0.199,0.145,0.174,0.168,0.130,0.197,0.192,0.109,0.100,0.092,0.190,0.250,0.332,0.300,0.001,Low_SNR,0.152,0.157,Low_SNR,0.109,0.244,0.137,0.23
808,0.254,0.131,0.121,0.164,0.167,0.122,0.198,0.182,0.131,0.100,0.100,0.175,0.251,0.336,0.314,Low_SNR,Low_SNR,0.147,0.155,Low_SNR,0.118,0.243,0.137,0.22
809,0.267,0.196,0.118,0.154,0.147,0.130,0.203,0.183,0.092,0.073,0.072,0.134,0.251,0.334,0.310,Low_SNR,Low_SNR,0.119,0.138,Low_SNR,0.095,0.257,0.075,0.23
810,0.259,0.147,0.127,0.166,0.171,0.119,0.193,0.183,0.114,0.104,0.098,0.151,0.249,0.331,0.310,Low_SNR,Low_SNR,0.151,0.162,Low_SNR,0.122,0.228,Low_SNR,0.22
811,0.271,0.189,0.135,0.169,0.174,0.131,0.188,0.192,0.115,0.097,0.101,0.124,0.256,0.336,0.305,Low_SNR,Low_SNR,0.140,0.162,Low_SNR,0.124,0.209,0.205,0.24
812,0.267,0.171,0.117,0.162,0.167,0.128,0.199,0.185,0.112,0.097,0.093,Low_SNR,0.253,0.337,0.296,Low_SNR,Low_SNR,0.131,0.148,Low_SNR,0.111,0.236,Low_SNR,0.22
813,0.260,0.173,0.120,0.164,0.172,0.144,0.194,0.182,0.104,0.093,0.095,0.138,0.246,0.330,0.311,Low_SNR,Low_SNR,0.125,0.161,Low_SNR,0.092,0.237,Low_SNR,0.22
814,0.261,0.168,0.114,0.170,0.195,Low_SNR,0.197,0.187,0.104,0.097,0.110,0.142,0.244,0.320,0.301,Low_SNR,Low_SNR,0.137,0.198,Low_SNR,0.091,0.251,Low_SNR,0.22
815,0.249,0.147,0.133,0.165,Low_SNR,Low_SNR,0.189,0.181,0.148,0.079,Low_SNR,Low_SNR,0.255,0.342,0.308,Low_SNR,Low_SNR,Low_SNR,Low_SNR,Low_SNR,Low_SNR,0.243,Low_SNR,0.22
816,0.259,0.168,0.139,0.170,0.162,0.117,0.191,0.185,0.116,0.098,0.091,0.174,0.253,0.335,0.306,Low_SNR,Low_SNR,0.147,0.173,Low_SNR,0.105,0.229,0.172,0.23
817,0.261,0.149,0.126,0.166,0.171,0.121,0.192,0.182,0.131,0.127,0.113,0.173,0.255,0.343,0.309,Low_SNR,Low_SNR,0.156,0.178,Low_SNR,0.118,0.224,0.159,0.22
818,0.264,0.179,0.108,0.153,0.156,0.141,0.200,0.182,0.090,0.078,Low_SNR,0.108,0.245,0.325,0.307,Low_SNR,Low_SNR,0.100,0.133,Low_SNR,0.093,0.262,Low_SNR,0.21
819,0.263,0.155,0.110,0.161,0.174,Low_SNR,0.203,0.185,0.113,0.096,0.098,0.130,0.245,0.320,0.300,Low_SNR,Low_SNR,0.145,0.165,Low_SNR,0.100,0.273,0.080,0.23
820,0.251,0.135,0.112,0.157,0.168,0.187,0.214,0.187,0.105,0.077,0.079,0.149,0.239,0.329,0.313,0.000,Low_SNR,0.112,0.132,0.029,0.083,0.279,0.075,0.23
821,0.264,0.177,0.126,0.160,0.161,0.157,0.207,0.187,0.102,0.087,0.091,0.125,0.247,0.331,0.291,Low_SNR,Low_SNR,0.121,0.148,Low_SNR,0.088,0.267,Low_SNR,0.25
822,0.266,0.212,0.150,0.163,0.151,0.099,0.200,0.189,0.098,0.088,0.086,Low_SNR,0.252,0.331,0.296,0.000,Low_SNR,0.131,0.141,Low_SNR,0.096,0.260,0.059,0.22
823,0.270,0.207,0.126,0.155,0.151,0.133,0.193,0.187,0.091,0.083,0.074,0.116,0.257,0.336,0.303,0.000,Low_SNR,0.124,0.138,Low_SNR,0.100,0.230,Low_SNR,0.21
824,0.261,0.171,0.110,0.162,0.163,0.141,0.199,0.184,0.112,0.093,0.090,0.139,0.244,0.329,0.301,0.001,Low_SNR,0.135,0.148,Low_SNR,0.104,0.236,0.174,0.23
825,0.254,0.151,0.106,0.158,0.173,0.162,0.205,0.185,0.123,0.084,0.091,0.159,0.240,0.332,0.302,Low_SNR,Low_SNR,0.123,0.160,Low_SNR,0.103,0.266,0.128,0.22
826,0.261,0.185,0.137,0.168,0.164,Low_SNR,0.187,0.180,0.111,0.110,0.098,0.163,0.257,0.335,0.303,Low_SNR,Low_SNR,0.191,0.174,Low_SNR,0.112,0.232,Low_SNR,0.22
827,0.251,0.131,0.121,0.171,0.189,0.155,0.206,0.189,0.135,0.096,0.096,0.153,0.239,0.323,0.305,Low_SNR,Low_SNR,0.142,0.155,Low_SNR,0.102,0.254,0.138,0.22
828,0.254,0.157,0.114,0.156,0.165,0.124,0.203,0.183,0.117,0.086,0.085,0.153,0.250,0.336,0.298,Low_SNR,Low_SNR,0.125,0.149,Low_SNR,0.107,0.271,Low_SNR,0.22
829,0.265,0.159,0.128,0.161,0.164,Low_SNR,0.194,0.184,0.100,0.084,0.088,0.129,0.251,0.334,0.299,Low_SNR,Low_SNR,0.126,0.147,Low_SNR,0.097,0.245,0.113,0.23
830,0.262,0.187,0.127,0.161,0.159,0.109,0.186,0.184,0.096,0.094,0.086,Low_SNR,0.249,0.333,0.301,Low_SNR,Low_SNR,0.133,0.157,Low_SNR,0.114,0.217,Low_SNR,0.23
831,0.257,0.164,0.127,0.160,0.159,0.184,0.204,0.188,0.090,0.086,0.078,0.125,0.240,0.322,0.309,Low_SNR,Low_SNR,0.145,0.126,Low_SNR,0.092,0.262,Low_SNR,0.22
832,0.260,0.163,0.127,0.169,0.180,0.138,0.191,0.187,0.116,0.101,0.093,0.150,0.249,0.331,0.300,Low_SNR,Low_SNR,0.145,0.158,Low_SNR,0.112,0.217,0.176,0.22
833,0.254,0.153,0.113,0.151,0.149,Low_SNR,0.199,0.177,0.104,0.088,0.085,0.167,0.246,0.339,0.305,Low_SNR,Low_SNR,0.119,0.145,Low_SNR,0.109,0.254,Low_SNR,0.22
834,0.256,0.164,0.126,0.164,0.164,0.131,0.199,0.185,0.109,0.095,0.091,0.160,0.243,0.335,0.299,Low_SNR,Low_SNR,0.152,0.151,Low_SNR,0.104,0.251,0.108,0.23
835,0.256,0.164,0.139,0.169,0.176,0.146,0.195,0.186,0.096,0.100,0.091,0.161,0.240,0.329,0.303,Low_SNR,Low_SNR,0.148,0.146,Low_SNR,0.098,0.226,Low_SNR,0.22
836,0.268,0.155,0.126,0.169,0.177,Low_SNR,0.204,0.190,0.114,0.101,0.095,0.116,0.251,0.333,0.299,Low_SNR,Low_SNR,0.145,0.139,Low_SNR,0.114,0.240,0.134,0.23
837,0.261,0.169,0.132,0.163,0.167,Low_SNR,0.201,0.187,0.117,0.091,0.090,0.159,0.248,0.332,0.298,Low_SNR,Low_SNR,0.131,0.150,Low_SNR,0.107,0.263,Low_SNR,0.22
838,0.257,0.190,0.137,0.167,0.164,0.076,0.190,0.184,0.100,0.094,0.093,0.172,0.253,0.336,0.303,Low_SNR,Low_SNR,0.143,0.156,Low_SNR,0.117,0.242,Low_SNR,0.22
839,0.251,0.114,0.111,0.155,0.145,0.124,0.204,0.178,0.117,0.097,0.094,0.181,0.247,0.335,0.301,Low_SNR,Low_SNR,0.156,0.144,Low_SNR,0.101,0.266,Low_SNR,0.23
840,0.254,0.123,0.101,0.156,0.170,Low_SNR,0.200,0.178,0.115,0.087,0.086,0.181,0.249,0.335,0.301,Low_SNR,Low_SNR,0.144,0.165,Low_SNR,0.103,0.264,0.113,0.22
841,0.260,0.168,0.137,0.172,0.173,Low_SNR,0.188,0.188,0.115,0.103,0.100,0.162,0.255,0.339,0.293,Low_SNR,Low_SNR,0.149,0.158,Low_SNR,0.128,0.209,0.185,0.23
842,0.259,0.164,0.131,0.164,0.163,0.100,0.191,0.183,0.113,0.101,0.098,0.163,0.248,0.326,0.300,Low_SNR,Low_SNR,0.144,0.147,Low_SNR,0.112,0.242,0.120,0.22
843,0.261,0.170,0.122,0.162,0.158,0.102,0.197,0.183,0.108,0.097,0.090,0.129,0.254,0.337,0.298,Low_SNR,Low_SNR,0.139,0.151,Low_SNR,0.110,0.244,0.145,0.22
844,0.263,0.175,0.106,0.154,0.157,0.170,0.201,0.183,0.091,0.073,0.075,0.142,0.248,0.330,0.302,Low_SNR,Low_SNR,0.098,0.134,Low_SNR,0.090,0.225,0.186,0.22
845,0.267,0.185,0.107,0.161,0.170,0.183,0.194,0.189,0.107,0.089,0.084,0.135,0.260,0.339,0.292,Low_SNR,Low_SNR,0.139,0.147,Low_SNR,0.103,0.219,0.149,0.23
846,0.269,0.221,0.137,0.163,0.157,0.152,0.199,0.192,0.089,0.088,0.084,0.102,0.248,0.317,0.293,Low_SNR,Low_SNR,0.119,0.143,Low_SNR,0.084,0.254,Low_SNR,0.23
847,0.253,0.172,0.131,0.164,0.166,0.168,0.202,0.190,0.113,0.091,0.088,0.149,0.239,0.326,0.304,Low_SNR,Low_SNR,0.123,0.133,Low_SNR,0.106,0.240,Low_SNR,0.22
848,0.262,0.165,0.130,0.165,0.159,0.153,0.191,0.190,0.111,0.085,0.092,0.136,0.253,0.332,0.295,Low_SNR,Low_SNR,0.129,0.150,Low_SNR,0.114,0.219,Low_SNR,0.23
849,0.249,0.138,0.121,0.166,0.169,0.143,0.201,0.185,0.109,0.108,0.100,0.163,0.241,0.330,0.318,Low_SNR,0.001,0.145,0.155,Low_SNR,0.121,0.254,Low_SNR,0.23
850,0.268,0.176,0.116,0.156,0.154,Low_SNR,0.194,0.179,0.103,0.097,0.091,0.102,0.256,0.329,0.300,Low_SNR,Low_SNR,0.133,0.153,Low_SNR,0.114,0.254,0.129,0.23
851,0.259,0.166,0.122,0.161,0.163,0.138,0.202,0.187,0.113,0.094,0.089,0.154,0.246,0.323,0.304,Low_SNR,Low_SNR,0.130,0.156,Low_SNR,0.111,0.253,Low_SNR,0.23
852,0.262,0.152,0.127,0.168,0.178,0.160,0.185,0.190,0.115,0.099,0.097,0.123,0.248,0.336,0.302,Low_SNR,Low_SNR,0.140,0.155,Low_SNR,0.118,0.198,0.215,0.23
853,0.264,0.174,0.131,0.167,0.168,0.114,0.180,0.185,0.121,0.102,0.098,0.165,0.261,0.346,0.292,Low_SNR,Low_SNR,0.148,0.166,Low_SNR,0.121,0.200,0.208,0.22
854,0.263,0.193,0.123,0.161,0.167,0.148,0.203,0.191,0.085,0.088,0.085,0.125,0.245,0.319,0.294,Low_SNR,Low_SNR,0.130,0.133,Low_SNR,0.090,0.245,Low_SNR,0.22
855,0.275,0.218,0.126,0.158,0.157,0.153,0.195,0.189,0.085,0.081,0.083,Low_SNR,0.257,0.331,0.298,Low_SNR,Low_SNR,0.120,0.137,Low_SNR,0.092,0.228,Low_SNR,0.22
856,0.256,0.150,0.130,0.169,0.170,0.147,0.199,0.190,0.122,0.095,0.095,0.155,0.242,0.329,0.301,Low_SNR,Low_SNR,0.135,0.162,Low_SNR,0.114,0.235,Low_SNR,0.22
857,0.262,0.165,0.129,0.168,0.174,0.125,0.195,0.189,0.116,0.093,0.089,0.127,0.254,0.330,0.302,Low_SNR,Low_SNR,0.135,0.153,Low_SNR,0.123,0.223,0.179,0.22
858,0.263,0.195,0.131,0.170,0.173,0.154,0.194,0.193,0.106,0.097,0.095,0.146,0.248,0.333,0.304,Low_SNR,Low_SNR,0.136,0.155,Low_SNR,0.105,0.216,0.197,0.22
859,0.264,0.164,0.122,0.168,0.170,0.133,0.189,0.187,0.114,0.107,0.098,0.157,0.262,0.335,0.284,Low_SNR,Low_SNR,0.147,0.160,Low_SNR,0.125,0.231,Low_SNR,0.23
860,0.265,0.167,0.118,0.155,0.146,0.097,0.198,0.180,0.103,0.090,0.084,0.147,0.253,0.332,0.306,Low_SNR,Low_SNR,0.128,0.146,Low_SNR,0.097,0.249,Low_SNR,0.23
861,0.257,0.175,0.120,0.159,0.163,0.160,0.206,0.188,0.101,0.086,0.082,Low_SNR,0.246,0.329,0.301,Low_SNR,Low_SNR,0.125,0.140,Low_SNR,0.084,0.267,Low_SNR,0.23
862,0.262,0.181,0.116,0.156,0.156,0.101,0.202,0.181,0.099,0.083,0.080,0.134,0.244,0.319,0.303,Low_SNR,Low_SNR,0.127,0.145,Low_SNR,0.103,0.248,0.111,0.22
863,0.260,0.148,0.127,0.164,0.167,0.152,0.200,0.187,0.111,0.087,0.085,0.141,0.249,0.333,0.293,Low_SNR,Low_SNR,0.138,0.143,Low_SNR,0.103,0.246,Low_SNR,0.22
864,0.259,0.156,0.123,0.163,0.156,0.116,0.193,0.183,0.109,0.096,0.093,0.162,0.255,0.333,0.298,0.000,Low_SNR,0.146,0.155,Low_SNR,0.114,0.234,Low_SNR,0.22
865,0.260,0.175,0.118,0.162,Low_SNR,0.150,0.199,0.186,0.100,0.100,0.085,0.149,0.247,0.322,0.296,Low_SNR,Low_SNR,0.129,0.137,Low_SNR,0.103,0.232,0.145,0.24
866,0.256,0.167,0.131,0.164,0.162,0.129,0.206,0.185,0.100,0.090,0.084,0.175,0.246,0.333,0.298,Low_SNR,Low_SNR,0.129,0.146,Low_SNR,0.107,0.270,Low_SNR,0.22
867,0.255,0.160,0.128,0.163,0.160,0.111,0.194,0.183,0.109,0.094,0.095,0.182,0.250,0.328,0.311,Low_SNR,Low_SNR,0.142,0.151,Low_SNR,0.113,0.242,Low_SNR,0.22
868,0.266,0.176,0.123,0.158,0.157,0.095,0.199,0.181,0.094,0.083,0.090,0.106,0.246,0.329,0.310,Low_SNR,Low_SNR,0.137,0.156,Low_SNR,0.096,0.262,Low_SNR,0.22
869,0.258,0.150,0.131,0.168,0.171,0.148,0.192,0.186,0.119,0.093,0.096,0.167,0.253,0.344,0.297,Low_SNR,Low_SNR,0.135,0.159,Low_SNR,0.117,0.219,0.165,0.22
870,0.264,0.175,0.130,0.168,0.163,Low_SNR,0.198,0.184,0.112,0.099,0.103,0.160,0.253,0.324,0.290,Low_SNR,Low_SNR,0.142,0.168,Low_SNR,0.112,0.265,Low_SNR,0.22
871,0.268,0.189,0.124,0.163,0.161,0.137,0.196,0.187,0.090,0.090,0.086,0.107,0.252,0.331,0.306,Low_SNR,0.001,0.134,0.141,Low_SNR,0.110,0.234,Low_SNR,0.23
872,0.253,0.154,0.120,0.163,0.169,0.175,0.204,0.188,0.118,0.098,0.093,0.152,0.245,0.329,0.298,Low_SNR,Low_SNR,0.138,0.140,Low_SNR,0.102,0.247,Low_SNR,0.23
873,0.262,0.178,0.132,0.170,0.168,Low_SNR,0.195,0.189,0.111,0.097,0.101,0.149,0.250,0.324,0.298,Low_SNR,Low_SNR,0.138,0.156,Low_SNR,0.105,0.227,0.145,0.23
874,0.243,0.127,0.111,0.161,0.165,Low_SNR,0.205,0.181,0.124,0.099,0.088,0.183,0.241,0.330,0.310,Low_SNR,Low_SNR,0.144,0.151,Low_SNR,0.113,0.253,Low_SNR,0.22
875,0.257,0.133,0.110,0.151,0.148,0.082,0.204,0.174,0.112,0.086,0.080,0.149,0.252,0.337,0.302,Low_SNR,Low_SNR,0.144,0.149,Low_SNR,0.093,0.278,Low_SNR,0.21
876,0.260,0.150,0.130,0.170,0.168,0.136,0.202,0.188,0.122,0.104,0.104,0.155,0.256,0.324,0.297,Low_SNR,0.001,0.152,0.157,Low_SNR,0.100,0.256,Low_SNR,0.21
877,0.264,0.207,0.129,0.158,0.148,Low_SNR,0.184,0.183,0.085,0.079,0.081,0.131,0.249,0.332,0.319,Low_SNR,Low_SNR,0.127,0.137,0.043,0.100,0.210,Low_SNR,0.23
878,0.259,0.164,0.125,0.170,0.177,0.155,0.196,0.189,0.106,0.093,0.094,0.138,0.250,0.331,0.292,Low_SNR,Low_SNR,0.126,0.158,Low_SNR,0.108,0.237,0.142,0.23
879,0.263,0.171,0.130,0.168,0.162,0.103,0.197,0.187,0.120,0.097,0.096,0.155,0.252,0.327,0.287,Low_SNR,Low_SNR,0.139,0.159,Low_SNR,0.120,0.245,0.142,0.21
880,0.248,0.136,0.118,0.159,0.160,0.134,0.205,0.184,0.118,0.095,0.090,0.167,0.237,0.310,0.322,Low_SNR,Low_SNR,0.136,0.149,Low_SNR,0.108,0.259,Low_SNR,0.22
881,0.261,0.163,0.124,0.165,0.163,0.121,0.204,0.186,0.116,0.099,0.090,0.156,0.253,0.333,0.290,Low_SNR,Low_SNR,0.137,0.156,Low_SNR,0.109,0.262,0.118,0.22
882,0.251,0.135,0.116,0.165,0.173,0.176,0.208,0.187,0.120,0.090,0.087,0.141,0.243,0.333,0.306,Low_SNR,Low_SNR,0.143,0.146,Low_SNR,0.089,0.268,Low_SNR,0.25
883,0.265,0.178,0.119,0.161,0.161,0.158,0.199,0.188,0.089,0.093,0.089,0.132,0.249,0.324,0.310,Low_SNR,Low_SNR,0.133,0.138,Low_SNR,0.102,0.224,0.149,0.24
884,0.268,0.191,0.128,0.169,0.169,0.133,0.200,0.191,0.110,0.098,0.094,0.139,0.256,0.328,0.291,Low_SNR,Low_SNR,0.137,0.150,Low_SNR,0.111,0.245,0.111,0.22
885,0.266,0.183,0.129,0.167,0.166,Low_SNR,0.193,0.188,0.116,0.095,0.096,0.143,0.256,0.323,0.296,Low_SNR,Low_SNR,0.135,0.156,Low_SNR,0.119,0.240,Low_SNR,0.21
886,0.253,0.145,0.121,0.164,0.168,0.147,0.198,0.183,0.110,0.098,0.097,0.142,0.243,0.321,0.304,Low_SNR,Low_SNR,0.142,0.162,Low_SNR,0.111,0.249,Low_SNR,0.23
887,0.267,0.212,0.130,0.162,0.154,0.109,0.197,0.187,0.099,0.095,0.085,0.129,0.249,0.322,0.293,Low_SNR,Low_SNR,0.136,0.146,Low_SNR,0.105,0.250,Low_SNR,0.23
888,0.259,0.157,0.131,0.170,0.174,0.157,0.196,0.191,0.117,0.101,0.097,0.169,0.251,0.331,0.294,Low_SNR,Low_SNR,0.150,0.156,Low_SNR,0.114,0.215,Low_SNR,0.22
889,0.264,0.197,0.120,0.162,0.161,0.109,0.206,0.188,0.099,0.093,0.089,0.116,0.242,0.310,0.297,Low_SNR,Low_SNR,0.127,0.149,Low_SNR,0.101,0.270,Low_SNR,0.23
890,0.269,0.215,0.139,0.169,0.158,0.126,0.193,0.193,0.112,0.099,0.091,0.160,0.261,0.335,0.285,Low_SNR,Low_SNR,0.141,0.155,Low_SNR,0.118,0.223,0.149,0.22
891,0.261,0.171,0.130,0.170,0.168,0.132,0.196,0.190,0.116,0.095,0.093,0.150,0.247,0.321,0.305,Low_SNR,Low_SNR,0.142,0.153,Low_SNR,0.119,0.232,0.143,0.22
892,0.251,0.127,0.128,0.166,0.164,0.137,0.209,0.187,0.126,0.100,0.094,0.171,0.239,0.324,0.298,Low_SNR,Low_SNR,0.147,0.155,Low_SNR,0.114,0.275,Low_SNR,0.23
893,0.260,0.163,0.116,0.161,0.166,0.148,0.197,0.186,0.112,0.086,0.084,0.135,0.252,0.323,0.304,Low_SNR,Low_SNR,0.121,0.148,Low_SNR,0.100,0.241,Low_SNR,0.23
894,0.258,Low_SNR,0.128,0.161,0.161,0.129,0.198,0.184,0.103,0.088,0.090,0.142,0.246,0.327,0.305,Low_SNR,Low_SNR,0.128,0.144,Low_SNR,0.100,0.246,0.127,0.22
895,0.225,Low_SNR,Low_SNR,0.103,Low_SNR,Low_SNR,0.223,0.148,Low_SNR,Low_SNR,Low_SNR,Low_SNR,0.245,0.340,0.330,Low_SNR,Low_SNR,Low_SNR,Low_SNR,Low_SNR,Low_SNR,0.286,Low_SNR,0.24
896,0.252,0.147,0.102,0.158,0.169,0.146,0.204,0.186,0.113,0.086,0.090,0.158,0.242,0.321,0.310,Low_SNR,Low_SNR,0.108,0.153,Low_SNR,0.104,0.247,0.109,0.22
897,0.262,0.177,0.129,0.167,0.168,0.152,0.204,0.192,0.116,0.098,0.093,0.169,0.255,0.328,0.290,Low_SNR,Low_SNR,0.138,0.149,Low_SNR,0.105,0.250,Low_SNR,0.24
898,0.261,0.170,0.123,0.165,0.167,0.145,0.196,0.189,0.099,0.095,0.091,0.140,0.247,0.320,0.299,Low_SNR,Low_SNR,0.132,0.149,Low_SNR,0.103,0.230,0.147,0.22
899,0.257,0.186,0.123,0.156,0.148,0.081,0.197,0.183,0.093,0.093,0.086,0.144,0.245,0.314,0.323,Low_SNR,Low_SNR,0.130,0.146,Low_SNR,0.102,0.240,0.110,0.22
900,0.260,0.171,0.127,0.165,0.164,0.141,0.195,0.188,0.102,0.092,0.094,0.151,0.248,0.317,0.311,Low_SNR,Low_SNR,0.136,0.149,Low_SNR,0.116,0.225,0.161,0.23
901,0.250,0.157,0.117,0.159,0.154,0.109,0.205,0.182,0.108,0.090,0.093,0.138,0.238,0.312,0.319,Low_SNR,Low_SNR,0.135,0.150,Low_SNR,0.102,0.273,Low_SNR,0.23
902,0.253,0.178,0.123,0.161,0.162,0.144,0.209,0.187,0.111,0.089,0.086,0.136,0.239,0.322,0.309,Low_SNR,Low_SNR,0.135,0.144,Low_SNR,0.096,0.273,0.096,0.22
903,0.257,0.178,0.123,0.163,0.161,0.119,0.194,0.185,0.103,0.093,0.093,0.142,0.245,0.320,0.307,Low_SNR,Low_SNR,0.131,0.156,Low_SNR,0.114,0.234,0.130,0.23
904,0.270,0.191,0.124,0.160,0.160,0.145,0.199,0.191,0.109,0.082,0.083,0.140,0.259,0.334,0.286,0.000,Low_SNR,0.118,0.137,Low_SNR,0.102,0.251,Low_SNR,0.22
905,0.264,0.190,0.131,0.164,0.165,Low_SNR,0.201,0.190,0.116,0.088,0.091,0.151,0.250,0.320,0.300,Low_SNR,Low_SNR,0.127,0.153,Low_SNR,0.114,0.250,Low_SNR,0.23
906,0.259,0.180,0.130,0.166,0.167,0.129,0.194,0.188,0.104,0.093,0.094,0.149,0.248,0.326,0.291,Low_SNR,Low_SNR,0.136,0.150,Low_SNR,0.104,0.244,Low_SNR,0.22
907,0.262,0.185,0.119,0.159,0.162,0.118,0.207,0.185,0.098,0.086,0.079,0.144,0.249,0.324,0.305,Low_SNR,Low_SNR,0.122,0.145,Low_SNR,0.090,0.266,Low_SNR,0.22
908,0.263,0.190,0.122,0.166,0.171,0.133,0.194,0.190,0.104,0.094,0.094,0.132,0.246,0.316,0.298,Low_SNR,Low_SNR,0.137,0.166,Low_SNR,0.116,0.220,Low_SNR,0.22
909,0.259,0.164,0.128,0.165,0.162,0.126,0.194,0.182,0.108,0.096,0.094,0.154,0.255,0.322,0.302,Low_SNR,Low_SNR,0.150,0.154,Low_SNR,0.111,0.234,Low_SNR,0.22
910,0.257,0.173,0.125,0.165,0.163,Low_SNR,0.209,0.188,0.117,0.099,0.097,0.161,0.244,0.312,0.305,Low_SNR,Low_SNR,0.139,0.158,Low_SNR,0.110,0.282,Low_SNR,0.23
911,0.260,0.176,0.122,0.154,0.143,Low_SNR,0.198,0.180,0.099,0.079,0.078,0.140,0.252,0.331,0.309,Low_SNR,Low_SNR,0.120,0.147,Low_SNR,0.108,0.254,0.126,0.23
912,0.259,0.166,0.117,0.159,0.163,0.163,0.211,0.188,0.102,0.085,0.078,0.123,0.248,0.324,0.301,Low_SNR,0.000,0.129,0.136,Low_SNR,0.092,0.258,Low_SNR,0.23
913,0.257,0.167,0.127,0.164,0.158,0.114,0.203,0.186,0.108,0.096,0.092,0.144,0.244,0.319,0.301,Low_SNR,Low_SNR,0.137,0.153,Low_SNR,0.106,0.256,Low_SNR,0.22
914,0.257,0.140,0.107,0.155,0.156,0.089,0.194,0.178,0.114,0.093,0.091,0.121,0.251,0.324,0.302,0.001,Low_SNR,0.135,0.150,Low_SNR,0.111,0.244,0.120,0.22
915,0.261,0.187,0.111,0.153,0.149,0.115,0.206,0.182,0.099,0.081,0.080,0.148,0.248,0.323,0.308,Low_SNR,Low_SNR,0.123,0.142,Low_SNR,0.092,0.268,Low_SNR,0.22
916,0.256,0.141,0.114,0.154,0.146,0.112,0.199,0.179,0.107,0.088,0.084,0.125,0.252,0.337,0.303,Low_SNR,Low_SNR,0.131,0.137,Low_SNR,0.097,0.244,Low_SNR,0.22
917,0.255,0.159,0.130,0.167,0.171,0.130,0.197,0.189,0.127,0.095,0.094,0.143,0.241,0.311,0.300,Low_SNR,Low_SNR,0.151,0.156,Low_SNR,0.106,0.240,0.127,0.22
918,0.262,0.157,0.122,0.167,0.178,0.168,0.190,0.191,0.117,0.094,0.099,0.155,0.258,0.331,0.296,Low_SNR,Low_SNR,0.141,0.160,Low_SNR,0.119,0.193,0.202,0.22
919,0.256,0.156,0.117,0.160,0.160,0.162,0.212,0.190,0.128,0.086,0.084,0.131,0.235,0.303,0.312,Low_SNR,Low_SNR,0.124,0.145,Low_SNR,0.106,0.271,Low_SNR,0.23
920,0.258,0.167,0.114,0.156,0.156,0.150,0.201,0.185,0.087,0.086,0.083,0.133,0.249,0.321,0.302,0.001,Low_SNR,0.120,0.141,Low_SNR,0.096,0.252,Low_SNR,0.22
921,0.255,0.129,0.119,0.165,0.167,0.150,0.197,0.186,0.123,0.092,0.098,0.142,0.246,0.320,0.305,Low_SNR,Low_SNR,0.146,0.158,Low_SNR,0.113,0.231,0.157,0.21
922,0.254,0.166,0.124,0.168,0.169,0.133,0.201,0.190,0.122,0.101,0.095,0.167,0.252,0.312,0.288,Low_SNR,Low_SNR,0.138,0.154,Low_SNR,0.128,0.243,Low_SNR,0.22
923,0.258,0.161,0.109,0.150,0.143,0.112,0.201,0.178,0.094,0.082,0.078,0.145,0.248,0.327,0.312,Low_SNR,Low_SNR,0.124,0.139,Low_SNR,0.098,0.262,Low_SNR,0.22
924,0.265,0.209,0.123,0.159,0.158,0.124,0.197,0.189,0.101,0.084,0.081,0.156,0.248,0.317,0.310,Low_SNR,Low_SNR,0.126,0.151,Low_SNR,0.099,0.233,0.198,0.23
925,0.253,0.149,0.115,0.153,0.147,0.105,0.208,0.180,0.109,0.081,0.079,0.128,0.239,0.321,0.309,Low_SNR,Low_SNR,0.113,0.138,Low_SNR,0.100,0.277,Low_SNR,0.23
926,0.260,0.186,0.122,0.158,0.154,0.091,0.200,0.186,0.111,0.080,0.078,0.146,0.253,0.313,0.308,Low_SNR,Low_SNR,0.134,0.145,Low_SNR,0.105,0.252,Low_SNR,0.23
927,0.250,0.113,0.129,0.168,0.169,0.112,0.193,0.185,0.123,0.098,0.106,0.175,0.247,0.326,0.302,Low_SNR,Low_SNR,0.141,0.165,Low_SNR,0.125,0.222,0.176,0.23
928,0.261,0.166,0.127,0.166,0.163,Low_SNR,0.203,0.187,0.105,0.096,0.096,0.143,0.250,0.317,0.289,Low_SNR,Low_SNR,0.143,0.156,Low_SNR,0.104,0.257,Low_SNR,0.23
928,0.263,0.180,0.125,0.168,0.172,0.173,0.212,0.193,0.084,0.100,0.088,0.152,0.250,0.321,0.287,Low_SNR,Low_SNR,0.145,0.146,Low_SNR,0.088,0.265,Low_SNR,0.22
929,0.247,0.131,0.105,0.156,0.161,0.147,0.210,0.181,0.108,0.087,0.083,0.139,0.237,0.320,0.308,Low_SNR,Low_SNR,0.133,0.145,Low_SNR,0.093,0.261,Low_SNR,0.22
930,0.267,0.198,0.121,0.157,0.155,Low_SNR,0.194,0.183,0.090,0.087,0.087,0.142,0.253,0.330,0.292,Low_SNR,Low_SNR,0.121,0.149,Low_SNR,0.093,0.227,Low_SNR,0.23
931,0.252,0.151,0.128,0.171,0.171,0.167,0.211,0.193,0.117,0.101,0.097,0.131,0.234,0.303,0.302,0.001,Low_SNR,0.137,0.151,Low_SNR,0.105,0.253,Low_SNR,0.23
932,0.265,0.200,0.127,0.167,0.168,0.128,0.189,0.193,0.101,0.090,0.094,0.136,0.246,0.310,0.297,Low_SNR,Low_SNR,0.128,0.163,Low_SNR,0.110,0.218,Low_SNR,0.22
933,0.266,0.213,0.137,0.166,0.166,0.124,0.199,0.193,0.099,0.090,0.082,0.138,0.247,0.319,0.290,Low_SNR,Low_SNR,0.132,0.145,Low_SNR,0.106,0.232,0.149,0.22
934,0.262,0.181,0.127,0.165,0.164,0.143,0.204,0.194,0.113,0.094,0.089,0.144,0.242,0.315,0.290,Low_SNR,Low_SNR,0.140,0.144,Low_SNR,0.124,0.241,0.109,0.21
935,0.240,0.103,0.120,0.166,0.172,0.170,0.211,0.187,0.120,0.095,0.093,0.163,0.232,0.308,0.307,Low_SNR,Low_SNR,0.142,0.148,Low_SNR,0.111,0.255,Low_SNR,0.22
936,0.255,0.154,0.118,0.160,0.165,0.137,0.208,0.185,0.099,0.093,0.086,0.126,0.244,0.311,0.306,Low_SNR,Low_SNR,0.138,0.138,Low_SNR,0.097,0.266,Low_SNR,0.23
937,0.269,0.204,0.136,0.174,0.173,0.133,0.186,0.197,0.119,0.097,0.100,0.163,0.255,0.321,0.292,Low_SNR,Low_SNR,0.140,0.164,Low_SNR,0.132,0.194,0.235,0.22
938,0.266,0.204,0.125,0.160,0.155,0.116,0.204,0.190,0.100,0.089,0.080,0.138,0.251,0.310,0.296,Low_SNR,Low_SNR,0.135,0.141,Low_SNR,0.103,0.257,Low_SNR,0.22
939,0.257,0.183,0.127,0.163,0.163,0.155,0.200,0.192,0.100,0.085,0.086,0.159,0.244,0.323,0.300,Low_SNR,Low_SNR,0.118,0.138,Low_SNR,0.083,0.236,0.136,0.22
940,0.271,0.224,0.140,0.169,0.162,0.082,0.185,0.192,0.105,0.092,0.092,0.150,0.258,0.329,0.286,Low_SNR,Low_SNR,0.127,0.163,0.040,0.126,0.207,Low_SNR,0.22
941,0.261,0.184,0.131,0.168,0.165,0.140,0.198,0.192,0.115,0.094,0.092,0.169,0.253,0.320,0.291,Low_SNR,Low_SNR,0.135,0.155,Low_SNR,0.114,0.227,Low_SNR,0.23
942,0.253,0.134,0.122,0.165,0.166,0.111,0.197,0.182,0.129,0.101,0.096,0.153,0.252,0.321,0.293,Low_SNR,Low_SNR,0.146,0.158,Low_SNR,0.114,0.242,0.149,0.23
943,0.258,0.141,0.120,0.164,0.166,0.116,0.200,0.186,0.105,0.097,0.097,0.140,0.255,0.315,0.295,Low_SNR,Low_SNR,0.138,0.158,Low_SNR,0.116,0.253,0.124,0.24
944,0.256,0.154,0.117,0.160,0.159,0.144,0.202,0.186,0.113,0.085,0.081,0.153,0.250,0.321,0.307,Low_SNR,Low_SNR,0.127,0.137,Low_SNR,0.090,0.249,Low_SNR,0.22
945,0.255,0.123,0.112,0.162,0.162,0.134,0.198,0.183,0.124,0.096,0.092,0.149,0.250,0.330,0.298,Low_SNR,Low_SNR,0.146,0.148,Low_SNR,0.110,0.240,0.154,0.22
946,0.262,0.200,0.117,0.163,0.170,0.154,0.205,0.193,0.095,0.086,0.082,0.131,0.245,0.314,0.300,Low_SNR,Low_SNR,0.130,0.143,Low_SNR,0.114,0.242,Low_SNR,0.22
947,0.259,0.186,0.123,0.165,0.173,0.173,0.205,0.194,0.105,0.085,0.084,0.143,0.248,0.309,0.290,Low_SNR,Low_SNR,0.128,0.145,Low_SNR,0.102,0.253,Low_SNR,0.23
948,0.257,0.151,0.116,0.157,0.151,Low_SNR,0.195,0.181,0.096,0.091,0.091,0.138,0.252,0.326,0.299,Low_SNR,Low_SNR,0.133,0.152,Low_SNR,0.108,0.239,0.133,0.22
949,0.254,0.172,0.119,0.158,0.149,Low_SNR,0.203,0.185,0.125,0.088,0.084,0.144,0.242,0.320,0.302,Low_SNR,Low_SNR,0.123,0.139,Low_SNR,0.102,0.244,Low_SNR,0.24
950,0.259,0.173,0.138,0.167,0.165,Low_SNR,0.199,0.193,0.110,0.093,0.093,0.150,0.247,0.317,0.299,Low_SNR,Low_SNR,0.132,0.142,Low_SNR,0.108,0.240,Low_SNR,0.22
951,0.260,0.169,0.117,0.159,0.162,0.101,0.205,0.183,0.118,0.088,0.088,0.132,0.247,0.319,0.297,Low_SNR,Low_SNR,0.131,0.154,Low_SNR,0.106,0.249,0.135,0.24
952,0.251,0.128,0.110,0.153,0.151,0.113,0.202,0.177,0.107,0.086,0.083,0.146,0.246,0.326,0.302,Low_SNR,Low_SNR,0.134,0.147,Low_SNR,0.091,0.257,Low_SNR,0.22
953,0.265,0.199,0.122,0.160,0.161,0.155,0.201,0.190,0.086,0.082,0.081,0.146,0.254,0.318,0.286,Low_SNR,Low_SNR,0.128,0.134,Low_SNR,0.080,0.251,Low_SNR,0.21
954,0.265,0.215,0.121,0.154,0.147,Low_SNR,0.197,0.184,0.099,0.077,0.079,0.125,0.249,0.320,0.303,Low_SNR,Low_SNR,0.106,0.140,Low_SNR,0.090,0.253,Low_SNR,0.23
955,0.259,0.177,0.124,0.168,0.174,0.137,0.197,0.190,0.125,0.096,0.097,0.148,0.253,0.315,0.292,Low_SNR,Low_SNR,0.134,0.164,Low_SNR,0.119,0.236,0.162,0.22
956,0.248,Low_SNR,0.113,0.163,0.168,0.140,0.200,0.186,0.125,0.098,0.091,0.149,0.244,0.325,0.296,Low_SNR,Low_SNR,0.136,0.155,Low_SNR,0.115,0.230,0.166,0.23
957,0.257,0.143,0.123,0.170,0.173,0.123,0.196,0.188,0.122,0.103,0.099,0.171,0.253,0.325,0.301,Low_SNR,Low_SNR,0.150,0.161,Low_SNR,0.118,0.228,0.183,0.24
958,0.257,0.187,0.136,0.173,0.173,0.151,0.202,0.196,0.092,0.101,0.099,0.160,0.244,0.316,0.292,Low_SNR,Low_SNR,0.149,0.162,Low_SNR,0.098,0.224,0.131,0.24
959,0.258,0.188,0.110,0.151,0.153,0.149,0.216,0.186,0.084,0.075,0.071,0.128,0.242,0.311,0.295,0.001,Low_SNR,0.112,0.124,Low_SNR,0.078,0.280,Low_SNR,0.22
960,0.255,0.135,0.114,0.155,0.145,0.109,0.204,0.180,0.113,0.093,0.084,0.147,0.252,0.334,0.306,Low_SNR,Low_SNR,0.136,0.141,Low_SNR,0.105,0.255,0.137,0.24
961,0.253,0.140,0.112,0.155,0.157,0.140,0.214,0.183,0.100,0.082,0.080,0.144,0.243,0.324,0.301,Low_SNR,Low_SNR,0.130,0.134,Low_SNR,0.082,0.271,Low_SNR,0.22
962,0.250,0.126,0.114,0.161,0.160,0.125,0.205,0.183,0.121,0.095,0.095,0.146,0.244,0.313,0.303,Low_SNR,Low_SNR,0.133,0.147,Low_SNR,0.103,0.257,Low_SNR,0.22
963,0.261,0.174,0.130,0.165,0.156,0.113,0.192,0.187,0.112,0.102,0.094,0.140,0.251,0.321,0.306,Low_SNR,0.001,0.140,0.146,Low_SNR,0.120,0.225,Low_SNR,0.22
964,0.257,0.156,0.121,0.167,0.171,0.150,0.201,0.188,0.114,0.095,0.088,0.149,0.248,0.315,0.302,Low_SNR,Low_SNR,0.132,0.152,Low_SNR,0.106,0.235,0.205,0.21
965,0.254,0.147,0.117,0.166,0.172,0.153,0.202,0.189,0.115,0.097,0.095,0.136,0.245,0.315,0.289,Low_SNR,Low_SNR,0.145,0.156,Low_SNR,0.104,0.237,Low_SNR,0.23
966,0.257,0.143,0.121,0.168,0.169,0.149,0.203,0.188,0.117,0.098,0.098,0.159,0.257,0.319,0.286,Low_SNR,Low_SNR,0.147,0.155,Low_SNR,0.106,0.247,Low_SNR,0.22
967,0.257,0.149,0.118,0.164,0.168,0.121,0.205,0.187,0.113,0.092,0.090,0.165,0.254,0.316,0.286,Low_SNR,Low_SNR,0.139,0.157,Low_SNR,0.112,0.268,Low_SNR,0.21
968,0.257,0.168,0.120,0.163,0.168,0.121,0.206,0.189,0.102,0.091,0.089,0.153,0.247,0.320,0.299,Low_SNR,Low_SNR,0.130,0.147,Low_SNR,0.096,0.260,Low_SNR,0.23
969,0.257,0.150,0.112,0.165,0.177,0.200,0.201,0.191,0.103,0.089,0.086,0.128,0.244,0.314,0.300,Low_SNR,Low_SNR,0.130,0.144,Low_SNR,0.088,0.232,0.147,0.23
970,0.254,0.143,0.114,0.160,0.166,0.161,0.194,0.185,0.114,0.089,0.087,0.144,0.246,0.325,0.304,Low_SNR,Low_SNR,0.130,0.143,Low_SNR,0.102,0.228,Low_SNR,0.22
971,0.256,0.179,0.128,0.167,0.161,0.128,0.199,0.190,0.112,0.092,0.092,0.145,0.244,0.320,0.307,Low_SNR,Low_SNR,0.133,0.155,Low_SNR,0.111,0.238,Low_SNR,0.22
972,0.256,0.184,0.118,0.156,0.153,0.119,0.202,0.186,0.099,0.081,0.083,0.122,0.244,0.315,0.297,Low_SNR,0.000,0.119,0.144,Low_SNR,0.094,0.251,0.085,0.21
973,0.255,0.141,0.106,0.154,0.152,0.099,0.204,0.178,0.098,0.086,0.083,0.128,0.251,0.325,0.293,Low_SNR,Low_SNR,0.122,0.142,Low_SNR,0.098,0.263,Low_SNR,0.23
974,0.260,0.189,0.133,0.170,0.165,0.125,0.199,0.194,0.117,0.096,0.091,0.159,0.246,0.310,0.288,Low_SNR,Low_SNR,0.140,0.153,Low_SNR,0.129,0.227,0.182,0.23
975,0.265,0.216,0.131,0.162,0.149,0.104,0.197,0.188,0.088,0.094,0.086,0.130,0.252,0.323,0.287,Low_SNR,Low_SNR,0.132,0.143,Low_SNR,0.102,0.243,Low_SNR,0.22
976,0.258,0.190,0.134,0.168,0.169,0.174,0.202,0.195,0.107,0.087,0.083,0.145,0.244,0.316,0.294,Low_SNR,Low_SNR,0.131,0.146,Low_SNR,0.101,0.246,Low_SNR,0.22
977,0.260,0.189,0.126,0.163,0.152,0.102,0.201,0.187,0.103,0.098,0.088,0.167,0.248,0.319,0.287,Low_SNR,Low_SNR,0.145,0.145,Low_SNR,0.105,0.265,0.081,0.24
978,0.256,0.167,0.113,0.158,0.161,0.132,0.205,0.185,0.104,0.078,0.086,0.112,0.242,0.314,0.302,Low_SNR,Low_SNR,0.117,0.146,Low_SNR,0.098,0.256,0.117,0.23
979,0.250,0.138,0.117,0.166,0.164,0.147,0.197,0.185,0.125,0.098,0.096,0.150,0.240,0.311,0.307,Low_SNR,Low_SNR,0.148,0.155,Low_SNR,0.105,0.243,Low_SNR,0.23
980,0.257,0.149,0.127,0.172,0.175,0.163,0.207,0.192,0.104,0.105,0.100,0.132,0.246,0.310,0.290,Low_SNR,Low_SNR,0.158,0.163,Low_SNR,0.114,0.274,Low_SNR,0.22
981,0.250,0.129,0.121,0.163,0.165,0.132,0.204,0.186,0.132,0.095,0.097,0.159,0.245,0.315,0.295,Low_SNR,0.000,0.140,0.152,Low_SNR,0.112,0.256,Low_SNR,0.23
982,0.270,0.217,0.142,0.173,0.165,0.127,0.190,0.195,0.102,0.097,0.100,0.144,0.254,0.316,0.288,Low_SNR,Low_SNR,0.132,0.160,0.045,0.119,0.211,0.165,0.23
983,0.258,0.184,0.125,0.164,0.160,0.119,0.200,0.189,0.103,0.085,0.089,0.145,0.245,0.316,0.300,Low_SNR,Low_SNR,0.126,0.153,Low_SNR,0.104,0.244,0.148,0.23
984,0.261,0.163,0.115,0.161,0.163,0.151,0.205,0.185,0.102,0.085,0.083,0.135,0.249,0.326,0.295,Low_SNR,Low_SNR,0.126,0.142,Low_SNR,0.090,0.253,Low_SNR,0.24
985,0.267,0.209,0.134,0.164,0.161,0.138,0.190,0.191,0.078,0.079,0.082,0.148,0.256,0.322,0.293,Low_SNR,Low_SNR,0.120,0.145,Low_SNR,0.079,0.213,Low_SNR,0.24
986,0.248,0.162,0.122,0.164,0.160,0.120,0.203,0.183,0.109,0.098,0.089,0.168,0.245,0.310,0.309,Low_SNR,Low_SNR,0.147,0.152,Low_SNR,0.105,0.259,Low_SNR,0.24
987,0.263,0.197,0.139,0.174,0.176,0.155,0.197,0.198,0.107,0.096,0.096,0.144,0.250,0.313,0.284,0.000,Low_SNR,0.135,0.158,Low_SNR,0.095,0.220,Low_SNR,0.22
988,0.249,0.128,0.122,0.162,0.164,0.115,0.205,0.185,0.116,0.095,0.090,0.130,0.244,0.319,0.307,Low_SNR,Low_SNR,0.136,0.153,Low_SNR,0.101,0.272,Low_SNR,0.22
989,0.261,0.196,0.130,0.166,0.162,0.148,0.199,0.193,0.103,0.090,0.091,0.146,0.252,0.324,0.300,Low_SNR,Low_SNR,0.125,0.143,Low_SNR,0.102,0.244,Low_SNR,0.23
990,0.268,0.202,0.134,0.170,0.168,0.130,0.196,0.193,0.104,0.095,0.092,0.133,0.254,0.316,0.285,Low_SNR,Low_SNR,0.136,0.156,Low_SNR,0.106,0.221,0.176,0.23
991,0.253,0.158,0.134,0.171,0.169,0.115,0.204,0.191,0.126,0.101,0.098,0.173,0.246,0.318,0.295,Low_SNR,Low_SNR,0.144,0.161,Low_SNR,0.121,0.250,Low_SNR,0.22
992,0.253,0.153,0.125,0.165,0.171,0.132,0.207,0.192,0.120,0.090,0.088,0.140,0.241,0.313,0.302,Low_SNR,Low_SNR,0.131,0.155,Low_SNR,0.104,0.243,Low_SNR,0.22
993,0.261,0.189,0.132,0.163,0.153,0.097,0.206,0.189,0.095,0.089,0.087,0.156,0.246,0.315,0.297,Low_SNR,Low_SNR,0.136,0.144,Low_SNR,0.110,0.257,Low_SNR,0.22
994,0.249,0.147,0.120,0.161,0.155,Low_SNR,0.205,0.183,0.111,0.096,0.090,0.155,0.241,0.316,0.301,Low_SNR,Low_SNR,0.139,0.146,Low_SNR,0.102,0.268,Low_SNR,0.20
995,0.262,0.197,0.133,0.163,0.158,0.129,0.203,0.192,0.096,0.082,0.077,0.145,0.249,0.313,0.299,Low_SNR,Low_SNR,0.118,0.131,Low_SNR,0.094,0.230,0.112,0.23
996,0.262,0.182,0.127,0.166,0.162,0.119,0.193,0.192,0.105,0.090,0.092,0.142,0.248,0.324,0.290,Low_SNR,Low_SNR,0.121,0.146,Low_SNR,0.119,0.219,0.154,0.24
997,0.261,0.172,0.124,0.170,0.176,0.174,0.204,0.196,0.108,0.095,0.090,0.143,0.253,0.310,0.290,Low_SNR,Low_SNR,0.134,0.144,Low_SNR,0.109,0.235,Low_SNR,0.23
998,0.257,0.182,0.135,0.172,0.169,Low_SNR,0.201,0.195,0.115,0.105,0.100,0.170,0.245,0.309,0.299,Low_SNR,Low_SNR,0.144,0.159,Low_SNR,0.117,0.232,Low_SNR,0.22
999,0.257,0.170,0.128,0.163,0.157,0.129,0.201,0.190,0.105,0.093,0.093,0.139,0.246,0.315,0.304,Low_SNR,Low_SNR,0.132,0.140,0.024,0.087,0.244,Low_SNR,0.23
1000,0.260,0.189,0.136,0.165,0.157,0.120,0.199,0.190,0.086,0.095,0.092,0.155,0.250,0.309,0.298,Low_SNR,Low_SNR,0.138,0.146,Low_SNR,0.113,0.241,Low_SNR,0.23
1001,0.255,0.146,0.123,0.165,0.160,0.105,0.195,0.186,0.118,0.098,0.093,0.179,0.251,0.318,0.301,Low_SNR,Low_SNR,0.144,0.156,Low_SNR,0.106,0.227,0.171,0.22
1002,0.253,0.145,0.114,0.159,0.160,0.145,0.202,0.187,0.107,0.089,0.087,0.143,0.250,0.326,0.303,Low_SNR,Low_SNR,0.123,0.143,Low_SNR,0.103,0.238,Low_SNR,0.22
1003,0.255,0.170,0.118,0.159,0.161,0.150,0.205,0.188,0.100,0.081,0.077,0.145,0.250,0.323,0.295,Low_SNR,Low_SNR,0.128,0.134,Low_SNR,0.083,0.250,Low_SNR,0.22
1004,0.256,0.151,0.120,0.161,0.163,0.147,0.199,0.188,0.104,0.091,0.086,0.145,0.252,0.322,0.302,Low_SNR,Low_SNR,0.137,0.145,Low_SNR,0.098,0.237,0.116,0.23
1005,0.251,0.144,0.120,0.167,0.167,0.158,0.214,0.191,0.113,0.098,0.095,0.174,0.246,0.310,0.297,Low_SNR,Low_SNR,0.148,0.154,Low_SNR,0.112,0.269,Low_SNR,0.23
1006,0.254,0.159,0.129,0.168,0.168,0.111,0.202,0.188,0.114,0.100,0.096,0.149,0.244,0.304,0.297,Low_SNR,Low_SNR,0.145,0.154,Low_SNR,0.106,0.245,0.131,0.22
1007,0.257,0.163,0.122,0.162,0.160,0.142,0.199,0.190,0.106,0.088,0.089,0.163,0.248,0.317,0.307,Low_SNR,Low_SNR,0.136,0.149,Low_SNR,0.115,0.227,0.148,0.22
1008,0.264,0.177,0.127,0.167,0.168,Low_SNR,0.189,0.189,0.109,0.095,0.097,0.129,0.254,0.317,0.295,Low_SNR,Low_SNR,0.139,0.164,0.039,0.112,0.223,0.177,0.23
1009,0.263,0.172,0.129,0.173,0.164,0.136,0.197,0.195,0.130,0.101,0.098,0.154,0.256,0.314,0.283,Low_SNR,Low_SNR,0.151,0.160,Low_SNR,0.124,0.218,0.165,0.22
1010,0.253,0.154,0.114,0.165,0.173,0.156,0.202,0.191,0.125,0.094,0.090,0.166,0.246,0.313,0.297,Low_SNR,Low_SNR,0.145,0.148,Low_SNR,0.102,0.246,0.155,0.23
1011,0.257,0.157,0.115,0.161,0.156,Low_SNR,0.196,0.182,0.110,0.090,0.092,0.152,0.253,0.320,0.294,Low_SNR,Low_SNR,0.129,0.156,Low_SNR,0.110,0.244,0.130,0.23
1012,0.260,0.145,0.125,0.174,0.169,0.095,0.188,0.188,0.130,0.110,0.112,0.146,0.252,0.317,0.288,Low_SNR,Low_SNR,0.153,0.178,Low_SNR,0.141,0.209,0.213,0.23
1013,0.262,0.184,0.136,0.170,0.165,0.158,0.201,0.195,0.104,0.092,0.089,0.165,0.244,0.305,0.294,Low_SNR,Low_SNR,0.137,0.148,Low_SNR,0.105,0.241,0.174,0.23
1014,0.251,0.148,0.120,0.167,0.167,Low_SNR,0.203,0.188,0.113,0.100,0.094,0.167,0.241,0.310,0.303,Low_SNR,Low_SNR,0.147,0.152,Low_SNR,0.117,0.245,Low_SNR,0.22
1015,0.251,0.114,0.118,0.173,0.180,0.194,0.207,0.193,0.126,0.103,0.096,0.161,0.246,0.305,0.294,Low_SNR,Low_SNR,0.150,0.149,0.050,0.115,0.235,0.177,0.23
1016,0.254,0.165,0.118,0.160,0.158,0.123,0.200,0.188,0.112,0.088,0.087,0.162,0.253,0.325,0.299,Low_SNR,0.001,0.137,0.149,Low_SNR,0.113,0.235,Low_SNR,0.22
1017,0.253,0.154,0.121,0.160,0.154,0.134,0.200,0.187,0.120,0.092,0.089,0.168,0.245,0.318,0.300,Low_SNR,Low_SNR,0.137,0.139,Low_SNR,0.108,0.239,0.134,0.24
1018,0.260,0.181,0.125,0.163,0.159,0.126,0.202,0.190,0.102,0.090,0.088,0.139,0.248,0.312,0.298,Low_SNR,Low_SNR,0.126,0.146,Low_SNR,0.112,0.252,Low_SNR,0.23
1019,0.258,0.188,0.126,0.165,0.162,0.137,0.197,0.191,0.105,0.088,0.087,0.158,0.246,0.316,0.300,Low_SNR,Low_SNR,0.133,0.146,Low_SNR,0.105,0.241,0.129,0.22
1020,0.262,0.181,0.134,0.171,0.165,0.115,0.193,0.193,0.119,0.100,0.098,0.143,0.254,0.311,0.295,Low_SNR,Low_SNR,0.141,0.162,Low_SNR,0.121,0.216,0.176,0.23
1021,0.268,0.228,0.125,0.163,0.159,0.136,0.209,0.194,0.097,0.085,0.084,0.141,0.253,0.306,0.284,Low_SNR,Low_SNR,0.125,0.137,Low_SNR,0.089,0.270,0.085,0.23
1022,0.259,0.154,0.118,0.159,0.158,Low_SNR,0.204,0.184,0.110,0.089,0.090,0.116,0.248,0.314,0.295,Low_SNR,Low_SNR,0.132,0.151,Low_SNR,0.107,0.250,Low_SNR,0.22
1023,0.260,0.183,0.131,0.168,0.169,0.137,0.196,0.193,0.108,0.098,0.089,0.146,0.248,0.310,0.293,Low_SNR,Low_SNR,0.139,0.152,Low_SNR,0.119,0.224,0.183,0.23
1024,0.251,0.122,0.119,0.168,0.174,0.133,0.203,0.187,0.137,0.100,0.095,0.165,0.250,0.313,0.294,Low_SNR,Low_SNR,0.150,0.162,0.029,0.108,0.238,0.152,0.23
1025,0.255,0.153,0.110,0.164,0.170,0.157,0.209,0.189,0.104,0.092,0.092,0.142,0.246,0.304,0.300,Low_SNR,Low_SNR,0.137,0.159,Low_SNR,0.094,0.264,Low_SNR,0.22
1026,0.251,0.160,0.115,0.159,0.160,0.145,0.205,0.188,0.108,0.084,0.081,0.149,0.245,0.307,0.305,Low_SNR,Low_SNR,0.126,0.141,Low_SNR,0.106,0.256,Low_SNR,0.22
1027,0.249,Low_SNR,0.115,0.161,0.157,0.127,0.214,0.189,0.121,0.095,0.088,0.159,0.245,0.306,0.304,Low_SNR,Low_SNR,0.146,0.138,Low_SNR,0.108,0.278,Low_SNR,0.23
1028,0.265,0.180,0.129,0.171,0.174,0.175,0.189,0.199,0.103,0.096,0.091,0.153,0.261,0.322,0.290,Low_SNR,Low_SNR,0.142,0.160,Low_SNR,0.100,0.188,0.220,0.23
1029,0.264,0.201,0.127,0.165,0.162,0.121,0.202,0.193,0.102,0.094,0.095,0.146,0.248,0.300,0.297,Low_SNR,Low_SNR,0.134,0.146,Low_SNR,0.106,0.253,0.109,0.23
1030,0.255,Low_SNR,Low_SNR,0.153,0.174,0.252,0.219,0.192,0.092,0.076,0.088,0.129,0.244,0.313,0.288,0.000,Low_SNR,0.116,0.175,Low_SNR,0.079,0.275,Low_SNR,0.24
1031,0.259,0.152,0.136,0.166,0.154,0.120,0.199,0.186,0.132,0.101,0.107,0.188,0.262,0.323,0.282,Low_SNR,Low_SNR,0.149,0.152,Low_SNR,0.126,0.237,0.157,0.22
1032,0.255,0.162,0.113,0.158,0.159,Low_SNR,0.205,0.185,0.097,0.085,0.088,0.134,0.244,0.330,0.302,Low_SNR,Low_SNR,0.128,0.147,0.042,0.116,0.264,Low_SNR,0.23
1033,0.256,0.164,0.133,0.167,0.162,0.140,0.198,0.196,0.105,0.085,0.091,0.142,0.243,0.333,0.291,Low_SNR,Low_SNR,0.132,0.154,Low_SNR,0.117,0.225,0.148,0.23
1034,0.255,0.159,0.114,0.159,0.167,0.142,0.207,0.191,0.098,0.092,0.085,0.142,0.248,0.333,0.291,Low_SNR,Low_SNR,0.119,0.135,Low_SNR,0.095,0.250,0.111,0.22
1035,0.252,0.146,0.123,0.163,0.167,0.123,0.203,0.191,0.125,0.109,0.103,0.144,0.249,0.333,0.293,Low_SNR,Low_SNR,0.149,0.163,Low_SNR,0.096,0.246,0.148,0.22
1036,0.255,0.159,0.116,0.162,0.166,0.127,0.201,0.190,0.117,0.084,0.080,0.143,0.250,0.334,0.288,Low_SNR,Low_SNR,0.134,0.146,Low_SNR,0.096,0.240,0.143,0.23
1037,0.255,0.169,0.134,0.170,0.184,0.151,0.203,0.198,0.103,0.103,0.081,0.141,0.247,0.327,0.283,Low_SNR,Low_SNR,0.148,0.154,Low_SNR,0.105,0.241,0.122,0.25
1038,0.255,0.164,0.125,0.162,0.157,0.124,0.200,0.192,0.103,0.100,0.097,0.155,0.245,0.335,0.284,Low_SNR,Low_SNR,0.133,0.151,Low_SNR,0.112,0.247,0.121,0.22
1039,0.270,0.213,0.142,0.147,Low_SNR,Low_SNR,0.199,0.189,Low_SNR,0.107,Low_SNR,Low_SNR,0.266,0.338,0.292,Low_SNR,0.000,Low_SNR,Low_SNR,Low_SNR,Low_SNR,0.244,Low_SNR,0.25
1040,0.251,0.178,0.136,0.167,0.165,0.129,0.203,0.195,0.085,0.098,0.092,0.172,0.243,0.325,0.295,Low_SNR,Low_SNR,0.145,0.135,Low_SNR,0.105,0.236,0.107,0.22
1041,0.252,0.164,0.116,0.157,0.157,Low_SNR,0.194,0.190,0.106,0.078,0.079,0.143,0.245,0.321,0.300,0.001,Low_SNR,0.119,0.139,Low_SNR,0.104,0.239,0.146,0.23
1042,0.262,0.177,0.126,0.160,0.156,0.126,0.200,0.193,0.102,0.088,0.077,0.142,0.250,0.321,0.293,Low_SNR,Low_SNR,0.140,0.120,Low_SNR,0.107,0.237,0.101,0.23
1043,0.253,0.160,0.127,0.160,0.157,Low_SNR,0.195,0.187,0.113,0.098,0.094,0.148,0.245,0.322,0.295,Low_SNR,Low_SNR,0.134,0.156,Low_SNR,0.116,0.244,0.132,0.22
1044,0.251,0.120,0.120,0.166,0.173,Low_SNR,0.203,0.195,0.104,0.100,0.095,0.159,0.256,0.330,0.280,Low_SNR,Low_SNR,0.153,0.148,Low_SNR,0.099,0.241,0.147,0.24
1045,0.256,0.176,0.124,0.162,0.150,0.178,0.201,0.195,0.113,0.088,0.090,0.147,0.248,0.323,0.287,Low_SNR,Low_SNR,0.133,0.151,Low_SNR,0.112,0.246,0.142,0.22
1046,0.259,0.186,0.113,0.164,0.181,0.196,0.208,0.202,0.102,0.088,0.087,0.137,0.244,0.303,0.282,0.001,Low_SNR,0.125,0.142,Low_SNR,0.090,0.243,0.133,0.22
1047,0.251,0.132,0.128,0.165,0.154,Low_SNR,0.203,0.194,0.118,0.108,0.099,0.154,0.247,0.314,0.284,Low_SNR,Low_SNR,0.165,0.148,Low_SNR,0.123,0.249,0.119,0.22
1048,0.260,0.157,0.115,0.162,0.164,Low_SNR,0.195,0.192,0.111,0.084,0.091,0.149,0.255,0.323,0.284,Low_SNR,Low_SNR,0.120,0.160,Low_SNR,0.115,0.240,0.157,0.22
1049,0.256,Low_SNR,0.128,0.163,0.160,0.141,0.201,0.194,0.100,0.098,0.090,0.134,0.243,0.316,0.290,Low_SNR,Low_SNR,0.122,0.148,Low_SNR,0.107,0.237,0.126,0.23
1050,0.251,0.138,0.117,0.162,0.169,0.178,0.208,0.193,0.121,0.091,0.082,0.158,0.244,0.326,0.294,Low_SNR,Low_SNR,0.134,0.137,0.037,0.101,0.249,0.116,0.22
1051,0.255,0.161,0.126,0.165,0.163,0.129,0.198,0.191,0.104,0.098,0.082,0.135,0.255,0.341,0.286,Low_SNR,Low_SNR,0.132,0.142,Low_SNR,0.104,0.238,0.116,0.22
1052,0.260,0.185,0.142,0.171,0.178,0.135,0.197,0.196,0.114,0.082,0.076,0.155,0.257,0.337,0.286,Low_SNR,Low_SNR,0.140,0.156,Low_SNR,0.102,0.234,0.117,0.21
1053,0.256,0.161,0.110,0.152,0.144,0.127,0.194,0.181,0.111,0.077,0.074,0.142,0.265,0.354,0.297,Low_SNR,Low_SNR,0.131,0.133,Low_SNR,0.116,0.238,0.115,0.22
1054,0.257,0.166,0.131,0.164,0.167,0.126,0.195,0.192,0.134,0.078,0.079,0.154,0.263,0.346,0.285,Low_SNR,Low_SNR,0.132,0.146,Low_SNR,0.097,0.238,0.118,0.23
1055,0.251,0.159,0.120,0.158,0.157,0.129,0.197,0.191,0.119,0.098,0.100,0.148,0.255,0.344,0.290,Low_SNR,Low_SNR,0.135,0.150,Low_SNR,0.106,0.245,0.130,0.22
1056,0.252,0.162,0.126,0.169,0.163,0.132,0.206,0.194,0.115,0.075,0.067,0.160,0.251,0.339,0.280,Low_SNR,Low_SNR,0.132,0.139,0.029,0.108,0.240,0.102,0.22
1057,0.244,0.146,0.107,0.155,0.159,0.107,0.200,0.183,0.102,0.084,0.080,0.148,0.244,0.340,0.300,Low_SNR,Low_SNR,0.156,0.151,Low_SNR,0.100,0.245,0.115,0.23
1058,0.258,0.167,0.142,0.174,0.171,0.118,0.200,0.200,0.114,0.095,0.110,0.155,0.250,0.325,0.280,Low_SNR,Low_SNR,0.148,0.160,Low_SNR,0.121,0.241,0.158,0.22
1059,0.260,0.189,0.135,0.165,0.146,0.109,0.191,0.196,0.117,0.103,0.104,0.146,0.252,0.327,0.288,Low_SNR,Low_SNR,0.121,0.156,Low_SNR,0.120,0.233,0.146,0.23
1060,0.256,Low_SNR,0.114,0.155,0.161,0.144,0.208,0.196,0.101,0.079,0.080,0.132,0.249,0.325,0.279,Low_SNR,Low_SNR,0.118,0.123,Low_SNR,0.099,0.248,Low_SNR,0.24
1061,0.255,0.164,0.121,0.166,0.177,Low_SNR,0.204,0.200,0.110,0.095,0.091,0.148,0.243,0.320,0.280,Low_SNR,Low_SNR,0.137,0.153,Low_SNR,0.117,0.237,0.143,0.22
1062,0.253,0.158,0.115,0.163,0.183,0.178,0.203,0.196,0.097,0.089,0.084,0.141,0.242,0.322,0.298,Low_SNR,Low_SNR,0.132,0.129,Low_SNR,0.092,0.237,0.138,0.22
1063,0.253,0.159,0.120,0.161,0.161,Low_SNR,0.197,0.190,0.117,0.095,0.093,0.153,0.247,0.323,0.292,Low_SNR,Low_SNR,0.125,0.167,Low_SNR,0.114,0.248,0.112,0.21
1064,0.255,0.165,0.129,0.169,0.167,0.127,0.200,0.195,0.118,0.082,0.070,0.159,0.243,0.323,0.290,Low_SNR,Low_SNR,0.134,0.152,Low_SNR,0.110,0.246,0.123,0.22
1065,0.261,0.166,0.135,0.164,0.167,0.113,0.191,0.192,0.101,0.106,0.085,0.147,0.269,0.354,0.273,Low_SNR,Low_SNR,0.132,0.159,Low_SNR,0.087,0.220,0.120,0.23
1066,0.255,0.160,0.123,0.163,0.165,0.139,0.202,0.192,0.104,0.096,0.090,0.124,0.248,0.333,0.286,Low_SNR,Low_SNR,0.131,0.154,Low_SNR,0.100,0.243,0.118,0.22
1067,0.254,0.164,0.128,0.171,0.171,0.133,0.202,0.196,0.118,0.094,0.082,0.147,0.246,0.328,0.283,Low_SNR,Low_SNR,0.141,0.154,Low_SNR,0.112,0.248,0.130,0.22
1068,0.253,0.163,0.113,0.162,0.165,0.132,0.201,0.192,0.115,0.088,0.082,0.133,0.249,0.334,0.290,Low_SNR,Low_SNR,0.129,0.150,Low_SNR,0.105,0.245,0.155,0.23
1069,0.251,0.159,0.119,0.160,0.156,0.137,0.207,0.194,0.101,0.083,0.094,0.147,0.236,0.328,0.289,Low_SNR,Low_SNR,0.127,0.146,Low_SNR,0.114,0.236,0.116,0.22
1070,0.251,0.160,0.120,0.164,0.166,0.137,0.202,0.194,0.102,0.093,0.091,0.144,0.248,0.332,0.283,Low_SNR,Low_SNR,0.131,0.154,Low_SNR,0.106,0.233,0.111,0.22
1071,0.253,0.162,0.126,0.163,0.157,0.124,0.201,0.193,0.100,0.090,0.091,0.149,0.255,0.333,0.280,Low_SNR,Low_SNR,0.136,0.152,Low_SNR,0.102,0.244,0.113,0.21
1072,0.247,0.131,0.101,0.159,0.165,Low_SNR,0.197,0.189,0.126,0.093,0.096,0.167,0.248,0.329,0.294,Low_SNR,Low_SNR,0.136,0.160,Low_SNR,0.129,0.237,0.158,0.23
1073,0.254,0.158,0.121,0.160,0.161,0.141,0.202,0.195,0.114,0.094,0.091,0.145,0.250,0.332,0.290,Low_SNR,Low_SNR,0.138,0.147,Low_SNR,0.102,0.244,0.125,0.23
1074,0.254,0.170,0.118,0.156,0.156,0.119,0.197,0.191,0.103,0.092,0.086,0.137,0.246,0.326,0.300,Low_SNR,Low_SNR,0.130,0.141,Low_SNR,0.100,0.237,0.134,0.23
1075,0.257,0.174,0.122,0.157,0.152,0.109,0.198,0.190,0.104,0.095,0.091,0.132,0.251,0.327,0.294,Low_SNR,Low_SNR,0.134,0.152,Low_SNR,0.110,0.247,0.148,0.22
1076,0.254,0.188,0.127,0.161,0.169,0.184,0.206,0.200,0.077,0.075,0.074,0.132,0.241,0.323,0.288,Low_SNR,Low_SNR,0.113,0.126,Low_SNR,0.086,0.242,0.131,0.22
1077,0.253,0.140,0.117,0.159,0.152,0.111,0.197,0.190,0.130,0.097,0.092,0.163,0.251,0.323,0.287,Low_SNR,Low_SNR,0.141,0.154,Low_SNR,0.120,0.241,0.125,0.22
1078,0.253,0.147,0.111,0.156,0.149,0.079,0.188,0.187,0.118,0.096,0.094,0.144,0.251,0.326,0.291,Low_SNR,Low_SNR,0.135,0.153,Low_SNR,0.125,0.236,0.152,0.22
1079,0.255,0.171,0.132,0.165,0.155,0.119,0.194,0.195,0.107,0.095,0.094,0.161,0.248,0.320,0.291,Low_SNR,Low_SNR,0.137,0.147,Low_SNR,0.115,0.234,0.148,0.23
1080,0.247,0.117,0.109,0.155,0.155,Low_SNR,0.208,0.187,0.121,0.093,0.092,0.154,0.246,0.325,0.294,Low_SNR,Low_SNR,0.137,0.156,Low_SNR,0.123,0.256,Low_SNR,0.22
1081,0.259,0.182,0.139,0.174,0.178,Low_SNR,0.200,0.202,0.112,0.097,0.096,0.145,0.248,0.316,0.275,Low_SNR,Low_SNR,0.141,0.144,Low_SNR,0.121,0.235,0.123,0.23
1082,0.257,0.204,0.134,0.164,0.155,0.137,0.201,0.202,0.111,0.092,0.091,0.146,0.242,0.314,0.289,Low_SNR,Low_SNR,0.135,0.139,Low_SNR,0.098,0.236,0.137,0.22
1083,0.253,0.181,0.133,0.160,0.148,0.183,0.212,0.200,0.104,0.086,0.082,0.144,0.242,0.312,0.290,Low_SNR,Low_SNR,0.137,0.138,Low_SNR,0.092,0.258,Low_SNR,0.22
1084,0.250,0.147,0.138,0.168,0.165,0.127,0.197,0.197,0.111,0.101,0.095,0.166,0.249,0.316,0.293,Low_SNR,Low_SNR,0.145,0.155,Low_SNR,0.117,0.243,0.130,0.23
1085,0.254,0.154,0.120,0.151,0.127,0.144,0.213,0.194,0.114,0.085,0.071,0.132,0.244,0.314,0.291,Low_SNR,Low_SNR,0.126,0.112,Low_SNR,0.106,0.252,0.121,0.22
1086,0.274,0.318,Low_SNR,0.174,Low_SNR,Low_SNR,0.156,0.199,0.224,Low_SNR,0.116,Low_SNR,0.255,0.329,0.288,Low_SNR,Low_SNR,Low_SNR,0.209,Low_SNR,Low_SNR,0.194,0.460,0.22
1087,0.255,0.176,0.127,0.163,0.153,0.087,0.197,0.190,0.109,0.097,0.097,0.131,0.242,0.314,0.294,Low_SNR,0.001,0.134,0.162,Low_SNR,0.116,0.249,Low_SNR,0.23
1088,0.255,0.176,0.128,0.160,0.159,0.117,0.192,0.194,0.087,0.087,0.084,0.147,0.247,0.321,0.288,Low_SNR,Low_SNR,0.125,0.139,Low_SNR,0.089,0.236,0.132,0.22
1089,0.261,0.171,0.128,0.166,0.162,0.107,0.198,0.197,0.102,0.098,0.097,0.142,0.253,0.321,0.287,Low_SNR,Low_SNR,0.141,0.160,Low_SNR,0.112,0.240,0.139,0.24
1090,0.244,Low_SNR,0.116,0.159,0.159,0.111,0.200,0.188,0.112,0.093,0.088,0.162,0.244,0.324,0.300,Low_SNR,Low_SNR,0.151,0.148,Low_SNR,0.117,0.247,0.133,0.22
1091,0.259,0.186,0.123,0.164,0.163,0.135,0.201,0.199,0.102,0.092,0.089,0.142,0.247,0.312,0.290,Low_SNR,Low_SNR,0.132,0.147,Low_SNR,0.104,0.243,0.120,0.23
1092,0.252,0.152,0.116,0.163,0.160,0.142,0.195,0.194,0.122,0.094,0.092,0.156,0.249,0.321,0.288,Low_SNR,Low_SNR,0.139,0.141,0.023,0.120,0.233,0.154,0.22
1093,0.260,0.181,0.120,0.162,0.160,0.132,0.201,0.197,0.109,0.089,0.088,0.131,0.245,0.311,0.292,Low_SNR,Low_SNR,0.133,0.140,Low_SNR,0.114,0.239,0.136,0.23
1094,0.249,0.142,0.103,0.157,0.171,0.148,0.203,0.193,0.112,0.090,0.092,0.144,0.243,0.317,0.293,Low_SNR,Low_SNR,0.140,0.148,Low_SNR,0.102,0.249,0.124,0.23
1095,0.251,0.153,0.119,0.162,0.159,0.128,0.204,0.195,0.112,0.091,0.089,0.135,0.242,0.322,0.291,Low_SNR,Low_SNR,0.134,0.143,Low_SNR,0.105,0.241,0.110,0.22
1096,0.254,0.158,0.111,0.161,0.169,0.140,0.197,0.195,0.107,0.097,0.095,0.149,0.251,0.318,0.287,Low_SNR,Low_SNR,0.142,0.153,Low_SNR,0.113,0.233,0.165,0.22
1097,0.257,0.175,0.128,0.166,0.163,0.127,0.201,0.199,0.110,0.100,0.096,0.155,0.251,0.318,0.284,Low_SNR,Low_SNR,0.139,0.154,Low_SNR,0.110,0.240,0.130,0.22
1098,0.252,0.174,0.131,0.165,0.163,0.136,0.203,0.198,0.094,0.095,0.088,0.156,0.244,0.313,0.283,Low_SNR,Low_SNR,0.138,0.143,Low_SNR,0.110,0.245,0.128,0.23
1099,0.250,0.134,0.110,0.156,0.153,0.120,0.196,0.189,0.120,0.090,0.089,0.142,0.250,0.328,0.296,Low_SNR,Low_SNR,0.140,0.146,Low_SNR,0.115,0.239,0.124,0.23
1100,0.257,0.174,0.122,0.161,0.158,0.118,0.194,0.194,0.104,0.091,0.092,0.134,0.251,0.316,0.291,Low_SNR,Low_SNR,0.130,0.148,Low_SNR,0.100,0.235,0.126,0.22
1101,0.256,0.161,0.119,0.162,0.170,0.133,0.198,0.196,0.107,0.091,0.090,0.147,0.251,0.318,0.286,Low_SNR,Low_SNR,0.137,0.149,Low_SNR,0.108,0.240,0.130,0.22
1102,0.257,0.172,0.123,0.162,0.163,0.141,0.198,0.199,0.090,0.092,0.089,0.148,0.254,0.320,0.288,Low_SNR,Low_SNR,0.134,0.145,Low_SNR,0.095,0.235,0.126,0.22
1103,0.257,0.160,0.105,0.153,0.157,0.125,0.201,0.190,0.108,0.087,0.083,0.129,0.249,0.323,0.287,Low_SNR,Low_SNR,0.120,0.138,Low_SNR,0.097,0.240,0.098,0.23
1104,0.254,0.162,0.120,0.163,0.167,0.137,0.204,0.197,0.113,0.090,0.088,0.134,0.243,0.315,0.288,Low_SNR,Low_SNR,0.129,0.150,Low_SNR,0.104,0.246,0.115,0.23
1105,0.259,0.189,0.128,0.162,0.155,0.118,0.199,0.198,0.105,0.090,0.086,0.141,0.247,0.316,0.291,Low_SNR,Low_SNR,0.136,0.142,Low_SNR,0.100,0.245,0.099,0.23
1106,0.259,0.155,0.111,0.165,0.166,0.133,0.199,0.198,0.123,0.097,0.098,0.146,0.258,0.319,0.286,Low_SNR,Low_SNR,0.136,0.156,Low_SNR,0.114,0.236,0.126,0.24
1107,0.255,0.153,0.112,0.155,0.153,0.109,0.196,0.190,0.118,0.088,0.082,0.144,0.249,0.320,0.287,Low_SNR,Low_SNR,0.129,0.145,Low_SNR,0.098,0.237,0.109,0.24
1108,0.254,0.166,0.122,0.166,0.179,0.154,0.205,0.200,0.104,0.089,0.093,0.144,0.242,0.316,0.288,0.001,Low_SNR,0.121,0.155,Low_SNR,0.090,0.245,0.108,0.23
1109,0.250,0.160,0.120,0.164,0.173,0.158,0.205,0.199,0.109,0.090,0.092,0.135,0.243,0.313,0.291,Low_SNR,Low_SNR,0.122,0.150,Low_SNR,0.087,0.241,0.126,0.22
1110,0.253,0.169,0.126,0.163,0.159,0.106,0.196,0.195,0.119,0.094,0.093,0.149,0.247,0.313,0.294,Low_SNR,Low_SNR,0.130,0.152,Low_SNR,0.114,0.238,0.138,0.21
1111,0.249,0.172,0.134,0.166,0.169,0.153,0.202,0.198,0.104,0.092,0.090,0.160,0.241,0.320,0.290,Low_SNR,Low_SNR,0.139,0.145,Low_SNR,0.093,0.239,0.128,0.23
1112,0.258,0.180,0.127,0.165,0.163,0.117,0.200,0.198,0.115,0.096,0.095,0.146,0.247,0.309,0.285,Low_SNR,Low_SNR,0.134,0.156,Low_SNR,0.104,0.246,0.089,0.21
1113,0.252,0.154,0.123,0.162,0.162,0.122,0.200,0.193,0.111,0.098,0.096,0.153,0.247,0.313,0.291,Low_SNR,Low_SNR,0.149,0.155,Low_SNR,0.112,0.243,0.136,0.22
1114,0.256,0.173,0.121,0.162,0.163,0.125,0.197,0.195,0.102,0.088,0.090,0.145,0.249,0.321,0.293,Low_SNR,Low_SNR,0.128,0.155,Low_SNR,0.103,0.231,0.144,0.22
1115,0.254,0.186,0.126,0.165,0.167,0.143,0.203,0.201,0.101,0.090,0.087,0.149,0.245,0.312,0.289,0.000,0.001,0.125,0.154,Low_SNR,0.101,0.247,0.106,0.23
1116,0.250,0.138,0.107,0.156,0.154,0.120,0.203,0.191,0.120,0.090,0.089,0.149,0.244,0.315,0.292,Low_SNR,Low_SNR,0.123,0.145,Low_SNR,0.104,0.252,0.106,0.22
1117,0.249,0.154,0.104,0.157,0.161,0.128,0.212,0.192,0.114,0.096,0.091,0.142,0.236,0.310,0.296,Low_SNR,Low_SNR,0.133,0.150,Low_SNR,0.106,0.267,0.092,0.22
1118,0.253,0.170,0.127,0.169,0.170,0.133,0.198,0.198,0.105,0.101,0.078,0.155,0.247,0.324,0.282,Low_SNR,Low_SNR,0.141,0.155,Low_SNR,0.111,0.227,0.161,0.23
1119,0.254,0.165,0.122,0.160,0.164,0.130,0.202,0.192,0.085,0.115,0.100,0.148,0.245,0.324,0.287,Low_SNR,0.000,0.133,0.146,Low_SNR,0.109,0.241,0.133,0.22
1120,0.251,0.157,0.128,0.173,0.176,0.148,0.205,0.198,0.097,0.087,0.085,0.150,0.248,0.320,0.282,Low_SNR,Low_SNR,0.137,0.152,Low_SNR,0.102,0.248,0.123,0.21
1121,0.254,0.169,0.122,0.160,0.161,0.135,0.204,0.195,0.109,0.093,0.087,0.137,0.249,0.326,0.292,Low_SNR,Low_SNR,0.131,0.145,Low_SNR,0.108,0.252,0.123,0.23
1122,0.256,0.165,0.125,0.171,0.178,0.135,0.198,0.199,0.128,0.093,0.102,0.149,0.249,0.324,0.289,Low_SNR,Low_SNR,0.142,0.167,Low_SNR,0.111,0.233,0.122,0.22
1123,0.252,0.158,0.117,0.163,0.156,0.130,0.201,0.193,0.120,0.085,0.102,0.156,0.251,0.324,0.294,Low_SNR,Low_SNR,0.140,0.150,Low_SNR,0.104,0.247,0.117,0.22
1124,0.255,0.161,0.128,0.170,0.150,0.126,0.205,0.198,0.106,0.114,0.104,0.133,0.243,0.323,0.282,Low_SNR,Low_SNR,0.145,0.165,Low_SNR,0.113,0.240,0.114,0.23
1125,0.255,0.166,0.125,0.164,0.168,0.131,0.197,0.196,0.136,0.093,0.082,0.143,0.248,0.325,0.290,Low_SNR,Low_SNR,0.138,0.157,Low_SNR,0.091,0.238,0.134,0.22
1126,0.250,0.161,0.130,0.172,0.177,0.145,0.203,0.201,0.107,0.094,0.107,0.154,0.241,0.314,0.280,Low_SNR,Low_SNR,0.148,0.172,Low_SNR,0.127,0.242,0.127,0.20
1127,0.254,0.179,0.138,0.167,0.159,0.116,0.199,0.199,0.111,0.096,0.095,0.126,0.240,0.313,0.286,Low_SNR,Low_SNR,0.147,0.156,Low_SNR,0.091,0.242,0.133,0.23
1128,0.262,0.178,0.132,0.171,0.170,0.127,0.198,0.203,0.108,0.100,0.098,0.147,0.257,0.326,0.272,Low_SNR,Low_SNR,0.143,0.155,Low_SNR,0.086,0.234,0.152,0.22
1129,0.244,0.179,0.167,0.191,Low_SNR,Low_SNR,0.198,0.208,0.105,Low_SNR,0.123,0.189,0.227,0.314,0.291,Low_SNR,Low_SNR,Low_SNR,Low_SNR,Low_SNR,Low_SNR,0.213,0.185,0.24
1130,0.254,0.162,0.131,0.160,0.153,0.124,0.199,0.194,0.102,0.090,0.086,0.159,0.254,0.323,0.292,Low_SNR,Low_SNR,0.140,0.151,Low_SNR,0.105,0.241,0.129,0.22
1131,0.255,0.179,0.103,0.160,0.185,0.179,0.201,0.196,0.105,0.082,0.086,0.103,0.246,0.316,0.290,0.000,Low_SNR,0.112,0.154,Low_SNR,0.086,0.244,0.177,0.22
1132,0.270,0.201,0.163,0.175,0.171,Low_SNR,0.172,0.198,0.082,0.108,0.097,0.117,0.263,0.323,0.286,Low_SNR,Low_SNR,0.152,0.150,Low_SNR,0.122,0.210,Low_SNR,0.23
1133,0.252,0.161,0.119,0.166,0.174,0.145,0.200,0.198,0.115,0.103,0.096,0.154,0.244,0.308,0.280,Low_SNR,Low_SNR,0.150,0.157,Low_SNR,0.113,0.243,0.114,0.24
1134,0.253,0.151,0.113,0.157,0.162,0.127,0.199,0.196,0.113,0.084,0.087,0.148,0.250,0.320,0.293,Low_SNR,Low_SNR,0.134,0.155,Low_SNR,0.105,0.242,0.133,0.22
1135,0.254,0.177,0.131,0.170,0.176,0.154,0.203,0.205,0.111,0.095,0.095,0.138,0.247,0.309,0.277,Low_SNR,Low_SNR,0.135,0.155,Low_SNR,0.106,0.239,0.128,0.24
1136,0.255,0.184,0.114,0.152,0.148,0.124,0.196,0.191,0.081,0.081,0.092,0.138,0.250,0.321,0.291,Low_SNR,Low_SNR,0.112,0.141,Low_SNR,0.084,0.244,Low_SNR,0.23
1137,0.249,0.163,0.121,0.160,0.162,0.135,0.201,0.195,0.100,0.102,0.086,0.149,0.243,0.318,0.293,Low_SNR,Low_SNR,0.133,0.145,Low_SNR,0.109,0.242,0.111,0.24
1138,0.252,0.162,0.118,0.158,0.164,0.136,0.201,0.196,0.107,0.086,0.080,0.148,0.251,0.313,0.285,Low_SNR,Low_SNR,0.132,0.147,Low_SNR,0.091,0.243,0.136,0.22
1139,0.252,0.164,0.122,0.162,0.162,0.133,0.201,0.197,0.105,0.092,0.088,0.149,0.242,0.303,0.292,Low_SNR,Low_SNR,0.131,0.151,Low_SNR,0.108,0.240,0.114,0.22
1140,0.252,0.162,0.121,0.160,0.156,0.117,0.198,0.194,0.108,0.089,0.089,0.155,0.247,0.318,0.287,Low_SNR,Low_SNR,0.135,0.143,Low_SNR,0.109,0.239,0.111,0.22
1141,0.249,0.157,0.123,0.163,0.163,0.131,0.202,0.194,0.102,0.087,0.086,0.144,0.238,0.311,0.293,Low_SNR,Low_SNR,0.135,0.147,Low_SNR,0.095,0.243,0.110,0.22
1142,0.253,0.163,0.120,0.161,0.168,0.137,0.200,0.198,0.113,0.092,0.090,0.144,0.252,0.316,0.281,Low_SNR,Low_SNR,0.134,0.150,Low_SNR,0.098,0.241,0.133,0.23
1143,0.257,0.203,0.122,0.159,0.150,0.146,0.199,0.201,0.089,0.088,0.086,0.148,0.243,0.303,0.288,Low_SNR,Low_SNR,0.111,0.128,Low_SNR,0.103,0.228,Low_SNR,0.23
1144,0.256,0.160,0.117,0.163,0.159,0.121,0.195,0.196,0.113,0.089,0.088,0.142,0.255,0.318,0.280,Low_SNR,Low_SNR,0.137,0.149,Low_SNR,0.122,0.234,0.166,0.23
1145,0.249,0.138,0.127,0.169,0.167,0.161,0.204,0.200,0.112,0.096,0.094,0.163,0.245,0.315,0.287,Low_SNR,Low_SNR,0.150,0.149,Low_SNR,0.109,0.242,0.122,0.22
1146,0.251,0.160,0.125,0.166,0.165,0.132,0.203,0.200,0.107,0.097,0.093,0.160,0.242,0.314,0.284,Low_SNR,Low_SNR,0.140,0.152,Low_SNR,0.109,0.244,0.121,0.22
1147,0.257,0.153,0.119,0.161,0.152,0.125,0.196,0.197,0.117,0.095,0.095,0.151,0.257,0.316,0.282,Low_SNR,Low_SNR,0.142,0.145,Low_SNR,0.121,0.242,0.116,0.22
1148,0.254,0.180,0.125,0.163,0.162,0.123,0.200,0.201,0.100,0.091,0.087,0.152,0.243,0.312,0.288,Low_SNR,Low_SNR,0.113,0.147,Low_SNR,0.103,0.242,Low_SNR,0.22
1149,0.253,0.157,0.125,0.165,0.162,0.112,0.196,0.197,0.121,0.093,0.094,0.145,0.252,0.315,0.281,Low_SNR,Low_SNR,0.144,0.154,Low_SNR,0.115,0.244,0.107,0.24
1150,0.257,0.187,0.127,0.163,0.165,0.125,0.199,0.201,0.094,0.089,0.087,0.139,0.244,0.304,0.287,Low_SNR,Low_SNR,0.136,0.146,Low_SNR,0.104,0.239,0.123,0.23
1151,0.257,0.184,0.132,0.164,0.165,0.152,0.205,0.205,0.093,0.094,0.086,0.146,0.250,0.313,0.281,Low_SNR,0.000,0.140,0.136,Low_SNR,0.087,0.244,Low_SNR,0.23
1152,0.251,0.161,0.122,0.158,0.154,0.121,0.204,0.197,0.084,0.092,0.088,0.145,0.243,0.306,0.288,Low_SNR,Low_SNR,0.146,0.144,Low_SNR,0.091,0.246,Low_SNR,0.22
1153,0.247,0.166,0.127,0.170,0.175,0.162,0.204,0.207,0.108,0.095,0.095,0.150,0.242,0.299,0.284,Low_SNR,Low_SNR,0.131,0.158,Low_SNR,0.106,0.239,0.163,0.23
1154,0.255,0.193,0.133,0.166,0.164,0.121,0.201,0.202,0.112,0.093,0.091,0.161,0.245,0.304,0.286,0.000,Low_SNR,0.135,0.156,Low_SNR,0.116,0.243,0.127,0.23
1155,0.251,0.152,0.113,0.163,0.167,0.119,0.193,0.197,0.117,0.099,0.101,0.147,0.248,0.316,0.281,Low_SNR,Low_SNR,0.148,0.161,Low_SNR,0.121,0.225,0.161,0.23
1156,0.252,0.155,0.115,0.159,0.153,Low_SNR,0.195,0.195,0.117,0.094,0.091,0.155,0.248,0.312,0.293,Low_SNR,Low_SNR,0.137,0.161,Low_SNR,0.116,0.233,0.167,0.23
1157,0.257,0.183,0.120,0.159,0.148,0.105,0.207,0.198,0.109,0.097,0.087,0.146,0.244,0.307,0.290,Low_SNR,Low_SNR,0.132,0.149,Low_SNR,0.101,0.256,Low_SNR,0.23
1158,0.254,0.165,0.133,0.168,0.170,0.147,0.201,0.200,0.103,0.096,0.087,0.147,0.249,0.309,0.281,Low_SNR,Low_SNR,0.146,0.149,Low_SNR,0.096,0.239,0.091,0.22
1159,0.253,0.167,0.123,0.163,0.164,0.117,0.200,0.198,0.114,0.092,0.088,0.155,0.245,0.302,0.290,Low_SNR,Low_SNR,0.132,0.150,Low_SNR,0.104,0.245,0.093,0.22
1160,0.258,0.186,0.119,0.159,0.159,0.134,0.205,0.200,0.102,0.088,0.089,0.141,0.251,0.308,0.283,Low_SNR,Low_SNR,0.123,0.150,Low_SNR,0.093,0.247,0.119,0.21
1161,0.251,0.165,0.118,0.165,0.175,Low_SNR,0.199,0.199,0.100,0.094,0.090,0.142,0.245,0.304,0.287,Low_SNR,Low_SNR,0.141,0.148,Low_SNR,0.103,0.238,0.141,0.23
1162,0.256,0.186,0.120,0.157,0.160,0.147,0.202,0.200,0.092,0.082,0.080,0.134,0.247,0.299,0.280,0.001,Low_SNR,0.125,0.137,Low_SNR,0.094,0.238,0.115,0.23
1163,0.250,0.146,0.112,0.159,0.155,0.134,0.201,0.197,0.120,0.094,0.093,0.142,0.248,0.311,0.281,Low_SNR,0.000,0.143,0.147,Low_SNR,0.123,0.240,0.153,0.22
1164,0.257,0.187,0.127,0.155,0.145,Low_SNR,0.199,0.190,0.104,0.092,0.085,0.151,0.251,0.311,0.287,Low_SNR,Low_SNR,0.133,0.154,Low_SNR,0.118,0.252,Low_SNR,0.22
1165,0.259,0.187,0.134,0.166,0.168,0.152,0.201,0.204,0.103,0.093,0.087,0.144,0.245,0.308,0.278,Low_SNR,Low_SNR,0.133,0.137,Low_SNR,0.093,0.234,Low_SNR,0.23
1166,0.256,0.175,0.124,0.161,0.160,0.135,0.203,0.196,0.103,0.095,0.090,0.152,0.250,0.309,0.286,Low_SNR,Low_SNR,0.140,0.150,Low_SNR,0.108,0.246,0.127,0.22
1167,0.251,0.152,0.129,0.165,0.166,0.114,0.196,0.196,0.117,0.097,0.099,0.158,0.250,0.308,0.285,Low_SNR,Low_SNR,0.141,0.161,Low_SNR,0.105,0.227,0.150,0.22
1168,0.252,0.179,0.126,0.161,0.162,0.149,0.201,0.199,0.096,0.092,0.082,0.153,0.248,0.302,0.281,Low_SNR,Low_SNR,0.138,0.144,Low_SNR,0.092,0.238,0.148,0.22
1169,0.248,0.133,0.107,0.158,0.168,0.155,0.203,0.196,0.101,0.090,0.088,0.142,0.243,0.311,0.290,Low_SNR,Low_SNR,0.122,0.145,Low_SNR,0.104,0.239,0.165,0.23
1170,0.252,0.173,0.111,0.157,0.164,0.127,0.202,0.196,0.090,0.081,0.076,0.130,0.246,0.310,0.282,Low_SNR,Low_SNR,0.117,0.143,Low_SNR,0.094,0.238,0.145,0.23
1171,0.256,0.179,0.126,0.165,0.164,0.135,0.199,0.201,0.108,0.099,0.098,0.166,0.255,0.314,0.272,Low_SNR,Low_SNR,0.143,0.154,Low_SNR,0.100,0.233,0.113,0.24
1172,0.252,0.149,0.112,0.164,0.169,0.141,0.200,0.196,0.115,0.097,0.098,0.161,0.249,0.306,0.277,Low_SNR,Low_SNR,0.149,0.158,Low_SNR,0.109,0.233,0.150,0.22
1173,0.252,0.154,0.128,0.172,0.173,0.145,0.200,0.202,0.113,0.100,0.103,0.156,0.248,0.309,0.274,Low_SNR,Low_SNR,0.149,0.162,Low_SNR,0.106,0.238,0.165,0.23
1174,0.254,0.173,0.125,0.163,0.168,0.146,0.203,0.199,0.108,0.085,0.087,0.163,0.250,0.311,0.287,Low_SNR,Low_SNR,0.135,0.150,Low_SNR,0.099,0.245,0.129,0.22
1175,0.255,0.183,0.125,0.162,0.158,0.127,0.198,0.198,0.107,0.091,0.086,0.140,0.245,0.303,0.285,Low_SNR,Low_SNR,0.132,0.142,Low_SNR,0.108,0.234,0.138,0.23
1176,0.256,0.186,0.119,0.158,0.155,0.102,0.198,0.197,0.102,0.093,0.087,0.138,0.248,0.298,0.275,Low_SNR,Low_SNR,0.128,0.140,Low_SNR,0.100,0.234,0.136,0.22
1177,0.248,0.135,0.118,0.167,0.175,0.139,0.204,0.198,0.127,0.094,0.098,0.168,0.244,0.304,0.286,Low_SNR,Low_SNR,0.142,0.167,Low_SNR,0.101,0.246,Low_SNR,0.21
1178,0.250,0.163,0.126,0.164,0.164,0.135,0.205,0.199,0.113,0.091,0.087,0.158,0.243,0.300,0.275,Low_SNR,Low_SNR,0.135,0.152,Low_SNR,0.101,0.247,0.121,0.21
1179,0.257,0.176,0.126,0.166,0.161,0.123,0.199,0.199,0.107,0.094,0.092,0.148,0.246,0.305,0.277,Low_SNR,Low_SNR,0.140,0.150,Low_SNR,0.110,0.245,0.129,0.23
1180,0.251,0.162,0.139,0.171,0.173,Low_SNR,0.204,0.200,0.113,0.103,0.101,0.162,0.244,0.298,0.280,Low_SNR,Low_SNR,0.142,0.158,Low_SNR,0.118,0.246,Low_SNR,0.24
1181,0.251,0.165,0.120,0.161,0.155,0.139,0.205,0.197,0.113,0.090,0.085,0.134,0.243,0.310,0.283,Low_SNR,Low_SNR,0.139,0.136,Low_SNR,0.106,0.243,0.144,0.22
1182,0.258,0.182,0.132,0.169,0.167,0.141,0.204,0.204,0.110,0.103,0.090,0.142,0.244,0.302,0.278,Low_SNR,Low_SNR,0.139,0.157,Low_SNR,0.115,0.243,0.145,0.23
1183,0.252,0.167,0.121,0.164,0.165,0.161,0.209,0.201,0.106,0.084,0.083,0.152,0.248,0.307,0.282,Low_SNR,Low_SNR,0.124,0.143,Low_SNR,0.110,0.249,0.128,0.24
1184,0.247,0.134,0.119,0.165,0.164,Low_SNR,0.206,0.196,0.116,0.095,0.096,0.162,0.245,0.307,0.290,Low_SNR,Low_SNR,0.149,0.157,Low_SNR,0.102,0.250,0.118,0.23
1185,0.249,0.147,0.113,0.157,0.162,0.160,0.202,0.196,0.097,0.088,0.080,0.155,0.245,0.315,0.291,Low_SNR,Low_SNR,0.124,0.133,Low_SNR,0.096,0.236,0.139,0.23
1186,0.256,0.173,0.132,0.165,0.159,0.112,0.198,0.199,0.118,0.102,0.092,0.149,0.246,0.312,0.287,Low_SNR,Low_SNR,0.139,0.156,Low_SNR,0.111,0.237,0.154,0.23
1187,0.255,0.160,0.121,0.165,0.161,0.134,0.203,0.199,0.115,0.095,0.097,0.152,0.248,0.309,0.285,Low_SNR,Low_SNR,0.134,0.157,Low_SNR,0.104,0.240,0.133,0.23
1188,0.253,0.182,0.135,0.173,0.177,0.170,0.207,0.206,0.100,0.102,0.101,0.144,0.238,0.295,0.280,Low_SNR,Low_SNR,0.134,0.150,Low_SNR,0.095,0.239,0.128,0.22
1189,0.252,0.141,0.120,0.165,0.164,0.137,0.207,0.198,0.127,0.094,0.090,0.162,0.247,0.310,0.286,Low_SNR,Low_SNR,0.141,0.148,Low_SNR,0.114,0.241,0.121,0.22
1190,0.254,0.171,0.121,0.163,0.158,0.124,0.202,0.198,0.107,0.086,0.086,0.151,0.247,0.299,0.277,Low_SNR,Low_SNR,0.131,0.146,Low_SNR,0.103,0.248,0.105,0.22
1191,0.246,0.162,0.116,0.162,0.165,0.115,0.202,0.194,0.121,0.098,0.096,0.158,0.240,0.302,0.294,Low_SNR,0.000,0.138,0.153,0.015,0.112,0.243,0.130,0.22
1192,0.257,0.179,0.132,0.166,0.175,0.193,0.201,0.203,0.084,0.086,0.089,0.113,0.242,0.312,0.278,Low_SNR,Low_SNR,0.129,0.146,Low_SNR,0.075,0.228,0.141,0.22
1193,0.250,0.155,0.116,0.163,0.171,0.146,0.210,0.200,0.098,0.090,0.093,0.152,0.242,0.305,0.279,Low_SNR,Low_SNR,0.123,0.144,Low_SNR,0.098,0.243,0.104,0.22
1194,0.262,0.195,0.136,0.168,0.168,0.114,0.200,0.203,0.101,0.086,0.089,0.152,0.252,0.307,0.271,Low_SNR,Low_SNR,0.123,0.154,Low_SNR,0.098,0.236,0.131,0.24
1195,0.253,0.171,0.119,0.160,0.162,0.121,0.199,0.195,0.101,0.086,0.088,0.140,0.247,0.312,0.285,Low_SNR,Low_SNR,0.125,0.157,Low_SNR,0.097,0.231,0.136,0.24
1196,0.254,0.180,0.120,0.164,0.162,0.140,0.205,0.199,0.104,0.089,0.089,0.140,0.245,0.308,0.284,Low_SNR,Low_SNR,0.133,0.146,Low_SNR,0.102,0.241,0.127,0.23
1197,0.254,0.170,0.122,0.162,0.164,0.143,0.201,0.199,0.114,0.090,0.086,0.147,0.248,0.316,0.281,Low_SNR,Low_SNR,0.127,0.141,Low_SNR,0.104,0.244,Low_SNR,0.22
1198,0.260,0.183,0.125,0.165,0.174,Low_SNR,0.192,0.199,0.099,0.087,0.095,0.147,0.254,0.325,0.273,Low_SNR,Low_SNR,0.117,0.153,Low_SNR,0.094,0.238,0.130,0.22
1199,0.255,0.181,0.124,0.165,0.162,Low_SNR,0.196,0.196,0.112,0.091,0.099,0.151,0.247,0.319,0.278,Low_SNR,Low_SNR,0.144,0.163,Low_SNR,0.112,0.230,0.137,0.22
1200,0.255,0.179,0.128,0.169,0.162,0.116,0.195,0.199,0.108,0.105,0.101,0.170,0.248,0.308,0.272,Low_SNR,Low_SNR,0.151,0.160,Low_SNR,0.118,0.238,0.109,0.23
1201,0.254,0.166,0.119,0.164,0.168,Low_SNR,0.197,0.198,0.116,0.091,0.098,0.153,0.247,0.315,0.281,Low_SNR,Low_SNR,0.130,0.150,Low_SNR,0.117,0.238,0.128,0.22
1202,0.254,0.166,0.116,0.160,0.167,0.141,0.199,0.197,0.106,0.088,0.088,0.143,0.250,0.315,0.275,Low_SNR,Low_SNR,0.128,0.157,Low_SNR,0.099,0.231,0.121,0.23
1203,0.261,0.198,0.130,0.163,0.160,0.134,0.195,0.199,0.097,0.086,0.092,0.138,0.248,0.314,0.278,Low_SNR,Low_SNR,0.123,0.137,Low_SNR,0.100,0.233,0.126,0.22
1204,0.259,0.192,0.133,0.170,0.185,Low_SNR,0.202,0.204,0.103,0.096,0.091,0.149,0.246,0.307,0.276,Low_SNR,Low_SNR,0.125,0.123,Low_SNR,0.101,0.242,0.116,0.23
1205,0.253,0.170,0.135,0.171,0.167,0.174,0.205,0.206,0.103,0.097,0.093,0.161,0.243,0.299,0.271,Low_SNR,Low_SNR,0.140,0.150,Low_SNR,0.111,0.238,0.105,0.23
1206,0.257,0.198,0.131,0.170,0.168,0.124,0.203,0.205,0.099,0.096,0.092,0.169,0.246,0.305,0.282,Low_SNR,Low_SNR,0.144,0.162,Low_SNR,0.110,0.240,0.133,0.22
1207,0.257,0.163,0.119,0.164,0.166,0.157,0.197,0.200,0.118,0.089,0.086,0.148,0.251,0.317,0.280,Low_SNR,Low_SNR,0.134,0.139,Low_SNR,0.113,0.230,0.193,0.23
1208,0.264,0.209,0.139,0.168,0.166,0.130,0.192,0.204,0.097,0.094,0.088,0.154,0.259,0.313,0.269,Low_SNR,Low_SNR,0.132,0.146,Low_SNR,0.109,0.222,0.156,0.22
1209,0.248,0.157,0.116,0.156,0.149,0.146,0.205,0.195,0.096,0.091,0.083,0.145,0.244,0.313,0.281,Low_SNR,Low_SNR,0.128,0.139,Low_SNR,0.099,0.245,0.103,0.23
1210,0.255,0.187,0.125,0.163,0.154,0.102,0.200,0.198,0.104,0.097,0.094,0.145,0.246,0.306,0.284,Low_SNR,Low_SNR,0.137,0.153,Low_SNR,0.105,0.241,0.118,0.22
1211,0.250,0.172,0.135,0.168,0.165,0.163,0.205,0.202,0.098,0.091,0.089,0.166,0.242,0.303,0.281,0.000,Low_SNR,0.129,0.140,Low_SNR,0.103,0.240,0.115,0.22
1212,0.251,0.160,0.124,0.166,0.165,0.130,0.200,0.197,0.100,0.089,0.092,0.149,0.249,0.320,0.271,Low_SNR,Low_SNR,0.136,0.161,Low_SNR,0.103,0.235,0.116,0.23
1213,0.252,0.177,0.116,0.160,0.156,0.111,0.204,0.196,0.114,0.095,0.086,0.145,0.249,0.308,0.277,Low_SNR,Low_SNR,0.135,0.151,Low_SNR,0.114,0.243,0.141,0.25
1214,0.254,0.173,0.114,0.159,0.156,0.152,0.207,0.197,0.105,0.084,0.089,0.135,0.246,0.311,0.277,Low_SNR,Low_SNR,0.121,0.140,Low_SNR,0.096,0.244,0.117,0.24
1215,0.255,0.159,0.117,0.165,0.167,0.122,0.200,0.199,0.124,0.096,0.093,0.141,0.244,0.305,0.280,Low_SNR,Low_SNR,0.132,0.152,Low_SNR,0.117,0.242,0.110,0.22
1216,0.256,0.185,0.126,0.165,0.167,0.127,0.203,0.202,0.106,0.090,0.091,0.147,0.248,0.304,0.281,Low_SNR,Low_SNR,0.124,0.154,Low_SNR,0.102,0.238,0.139,0.23
1217,0.252,0.174,0.126,0.164,0.162,0.125,0.202,0.199,0.110,0.099,0.094,0.152,0.249,0.310,0.279,Low_SNR,Low_SNR,0.140,0.155,Low_SNR,0.107,0.240,0.127,0.23
1218,0.242,0.112,0.108,0.158,0.156,0.118,0.196,0.188,0.124,0.098,0.098,0.162,0.246,0.315,0.291,Low_SNR,Low_SNR,0.145,0.154,Low_SNR,0.119,0.242,0.140,0.23
1219,0.247,0.164,0.116,0.162,0.167,0.157,0.204,0.201,0.107,0.093,0.090,0.149,0.245,0.316,0.282,Low_SNR,Low_SNR,0.134,0.137,Low_SNR,0.095,0.243,0.119,0.21
1220,0.256,0.180,0.127,0.166,0.164,0.124,0.198,0.200,0.115,0.096,0.095,0.137,0.251,0.308,0.277,Low_SNR,Low_SNR,0.137,0.158,Low_SNR,0.115,0.231,0.131,0.23
1221,0.252,0.158,0.127,0.169,0.176,0.177,0.204,0.203,0.102,0.091,0.089,0.151,0.247,0.309,0.275,Low_SNR,Low_SNR,0.134,0.152,Low_SNR,0.104,0.241,0.133,0.22
1222,0.250,0.151,0.128,0.170,0.174,0.140,0.201,0.200,0.123,0.103,0.099,0.157,0.246,0.310,0.278,Low_SNR,Low_SNR,0.142,0.158,Low_SNR,0.115,0.240,0.131,0.22
1223,0.263,0.212,0.131,0.164,0.165,0.122,0.195,0.203,0.106,0.095,0.093,0.139,0.251,0.297,0.271,Low_SNR,Low_SNR,0.135,0.147,Low_SNR,0.109,0.233,0.136,0.22
1224,0.254,0.171,0.124,0.166,0.166,0.131,0.202,0.200,0.113,0.091,0.092,0.153,0.249,0.310,0.275,Low_SNR,Low_SNR,0.137,0.154,Low_SNR,0.111,0.241,0.137,0.22
1225,0.249,0.149,0.114,0.159,0.156,0.140,0.200,0.192,0.105,0.086,0.087,0.167,0.250,0.319,0.284,Low_SNR,Low_SNR,0.134,0.143,Low_SNR,0.103,0.238,0.137,0.22
1226,0.255,0.173,0.117,0.155,0.153,0.138,0.205,0.196,0.097,0.077,0.075,0.141,0.243,0.307,0.287,Low_SNR,Low_SNR,0.117,0.129,Low_SNR,0.095,0.241,0.102,0.23
1227,0.258,0.176,0.132,0.169,0.172,0.148,0.200,0.201,0.105,0.082,0.096,0.155,0.246,0.304,0.279,Low_SNR,Low_SNR,0.128,0.151,Low_SNR,0.105,0.234,0.139,0.23
1228,0.255,0.185,0.119,0.161,0.161,0.139,0.199,0.200,0.107,0.083,0.088,0.155,0.250,0.309,0.277,Low_SNR,Low_SNR,0.135,0.150,Low_SNR,0.103,0.238,0.132,0.22
1229,0.255,0.189,0.132,0.163,0.163,0.129,0.194,0.197,0.101,0.087,0.088,0.159,0.251,0.312,0.281,Low_SNR,Low_SNR,0.127,0.142,Low_SNR,0.095,0.233,Low_SNR,0.24
1230,0.253,0.181,0.123,0.164,0.163,0.118,0.198,0.199,0.102,0.091,0.086,0.149,0.248,0.303,0.284,Low_SNR,0.000,0.142,0.152,Low_SNR,0.108,0.240,0.149,0.23
1231,0.254,0.149,0.125,0.165,0.166,0.141,0.206,0.200,0.112,0.093,0.086,0.149,0.247,0.310,0.274,Low_SNR,Low_SNR,0.137,0.145,Low_SNR,0.114,0.242,0.128,0.22
1232,0.252,0.166,0.130,0.175,0.183,0.184,0.202,0.205,0.108,0.105,0.105,0.154,0.242,0.298,0.270,Low_SNR,Low_SNR,0.151,0.162,Low_SNR,0.104,0.239,0.141,0.22
1233,0.255,0.176,0.125,0.164,0.162,0.119,0.195,0.198,0.113,0.082,0.089,0.147,0.253,0.308,0.274,Low_SNR,Low_SNR,0.139,0.149,Low_SNR,0.108,0.233,0.122,0.22
1234,0.250,0.164,0.121,0.166,0.164,0.122,0.204,0.198,0.109,0.101,0.095,0.154,0.241,0.307,0.281,Low_SNR,Low_SNR,0.142,0.153,Low_SNR,0.116,0.247,0.140,0.23
1235,0.252,0.166,0.115,0.157,0.156,Low_SNR,0.200,0.193,0.104,0.094,0.086,0.149,0.245,0.308,0.290,Low_SNR,Low_SNR,0.136,0.143,Low_SNR,0.099,0.237,0.119,0.22
1236,0.256,0.176,0.131,0.173,0.179,0.147,0.197,0.205,0.123,0.105,0.101,0.153,0.246,0.291,0.273,Low_SNR,Low_SNR,0.143,0.160,Low_SNR,0.121,0.240,0.165,0.23
1237,0.251,0.169,0.121,0.159,0.159,0.126,0.197,0.193,0.110,0.086,0.088,0.144,0.247,0.313,0.274,Low_SNR,Low_SNR,0.128,0.150,Low_SNR,0.101,0.236,0.130,0.22
1238,0.253,0.170,0.124,0.160,0.164,0.102,0.205,0.196,0.103,0.082,0.081,0.155,0.245,0.306,0.278,Low_SNR,Low_SNR,0.130,0.137,Low_SNR,0.106,0.244,0.108,0.23
1239,0.252,0.157,0.119,0.162,0.162,0.121,0.200,0.194,0.108,0.102,0.087,0.152,0.243,0.299,0.284,Low_SNR,0.001,0.139,0.151,Low_SNR,0.106,0.240,0.148,0.23
1240,0.256,0.176,0.125,0.160,0.150,0.105,0.195,0.196,0.106,0.089,0.084,0.142,0.250,0.311,0.277,Low_SNR,Low_SNR,0.129,0.146,Low_SNR,0.109,0.235,0.140,0.23
1241,0.256,0.182,0.124,0.162,0.163,0.153,0.204,0.203,0.092,0.088,0.085,0.143,0.252,0.306,0.272,Low_SNR,Low_SNR,0.128,0.138,Low_SNR,0.097,0.236,0.111,0.22
1242,0.247,0.152,0.122,0.160,0.155,0.130,0.206,0.198,0.121,0.098,0.091,0.170,0.244,0.298,0.279,Low_SNR,Low_SNR,0.143,0.146,Low_SNR,0.116,0.250,0.129,0.23
1243,0.256,0.188,0.133,0.168,0.155,0.111,0.203,0.200,0.098,0.095,0.095,0.140,0.245,0.304,0.277,Low_SNR,Low_SNR,0.140,0.147,Low_SNR,0.112,0.241,0.108,0.22
1244,0.256,0.175,0.116,0.158,0.156,0.119,0.197,0.194,0.097,0.097,0.092,0.155,0.255,0.320,0.278,Low_SNR,Low_SNR,0.129,0.152,Low_SNR,0.099,0.234,0.117,0.23
1245,0.253,0.175,0.121,0.164,0.161,0.141,0.199,0.200,0.100,0.090,0.090,0.156,0.250,0.305,0.275,Low_SNR,Low_SNR,0.136,0.145,Low_SNR,0.100,0.235,0.130,0.22
1246,0.247,0.162,0.123,0.164,0.162,0.122,0.199,0.195,0.114,0.090,0.093,0.154,0.242,0.304,0.289,Low_SNR,0.000,0.132,0.157,Low_SNR,0.107,0.240,0.137,0.21
1247,0.253,0.179,0.129,0.161,0.153,0.114,0.200,0.198,0.111,0.092,0.081,0.165,0.246,0.307,0.280,Low_SNR,Low_SNR,0.134,0.144,Low_SNR,0.114,0.238,0.124,0.23
1248,0.257,0.174,0.123,0.161,0.163,0.149,0.203,0.199,0.102,0.086,0.085,0.148,0.252,0.314,0.273,Low_SNR,Low_SNR,0.134,0.143,Low_SNR,0.095,0.232,0.097,0.22
1249,0.254,0.185,0.129,0.165,0.167,0.151,0.207,0.203,0.099,0.089,0.086,0.150,0.240,0.301,0.273,Low_SNR,Low_SNR,0.138,0.149,Low_SNR,0.096,0.241,0.106,0.23
1250,0.254,0.177,0.120,0.159,0.153,0.119,0.197,0.196,0.089,0.089,0.087,0.151,0.250,0.310,0.279,Low_SNR,Low_SNR,0.134,0.140,Low_SNR,0.093,0.233,0.132,0.21
1251,0.249,0.156,0.123,0.162,0.165,0.136,0.207,0.197,0.103,0.095,0.089,0.160,0.243,0.306,0.286,Low_SNR,Low_SNR,0.130,0.154,Low_SNR,0.103,0.246,0.121,0.23
1252,0.257,0.184,0.126,0.160,0.162,0.126,0.199,0.196,0.099,0.084,0.088,0.140,0.251,0.307,0.277,Low_SNR,Low_SNR,0.123,0.147,Low_SNR,0.093,0.232,0.134,0.22
1253,0.252,0.171,0.125,0.174,0.178,0.152,0.207,0.208,0.107,0.098,0.102,0.159,0.237,0.287,0.279,Low_SNR,Low_SNR,0.133,0.162,Low_SNR,0.113,0.245,0.145,0.23
1254,0.255,0.181,0.125,0.159,0.154,0.092,0.201,0.194,0.108,0.088,0.082,0.147,0.247,0.303,0.284,Low_SNR,Low_SNR,0.133,0.144,Low_SNR,0.110,0.242,0.105,0.23
1255,0.255,0.177,0.123,0.159,0.153,0.128,0.201,0.195,0.099,0.082,0.084,0.143,0.251,0.314,0.277,Low_SNR,Low_SNR,0.129,0.139,Low_SNR,0.089,0.233,0.133,0.22
1256,0.256,0.178,0.121,0.165,0.161,0.124,0.200,0.201,0.105,0.087,0.093,0.147,0.245,0.306,0.278,Low_SNR,Low_SNR,0.129,0.151,Low_SNR,0.113,0.236,0.129,0.23
1257,0.247,0.150,0.124,0.165,0.162,0.115,0.201,0.193,0.113,0.093,0.094,0.155,0.242,0.306,0.285,Low_SNR,Low_SNR,0.138,0.152,Low_SNR,0.108,0.244,0.148,0.22
1258,0.250,0.164,0.120,0.161,0.157,Low_SNR,0.202,0.195,0.114,0.089,0.092,0.160,0.252,0.308,0.280,Low_SNR,Low_SNR,0.134,0.155,Low_SNR,0.112,0.238,0.099,0.23
1259,0.262,0.186,0.126,0.167,0.161,0.115,0.193,0.199,0.096,0.108,0.095,0.165,0.259,0.320,0.271,Low_SNR,Low_SNR,0.149,0.153,Low_SNR,0.114,0.235,0.135,0.23
1260,0.256,0.179,0.123,0.160,0.161,0.116,0.200,0.197,0.109,0.093,0.090,0.159,0.253,0.303,0.276,Low_SNR,Low_SNR,0.136,0.147,Low_SNR,0.109,0.235,0.102,0.23
1261,0.254,0.190,0.131,0.166,0.168,0.151,0.202,0.201,0.095,0.090,0.089,0.143,0.241,0.306,0.279,Low_SNR,0.000,0.129,0.152,Low_SNR,0.090,0.236,0.127,0.23
1262,0.252,0.159,0.119,0.162,0.163,0.130,0.196,0.196,0.114,0.097,0.092,0.153,0.246,0.308,0.282,0.001,Low_SNR,0.129,0.153,Low_SNR,0.117,0.242,0.153,0.21
1263,0.257,0.174,0.123,0.163,0.156,0.113,0.200,0.198,0.109,0.096,0.093,0.133,0.252,0.302,0.278,Low_SNR,Low_SNR,0.134,0.150,Low_SNR,0.112,0.240,0.137,0.23
1264,0.251,0.165,0.132,0.167,0.164,0.150,0.209,0.205,0.116,0.089,0.089,0.164,0.242,0.300,0.279,Low_SNR,Low_SNR,0.136,0.147,Low_SNR,0.105,0.242,0.106,0.22
1265,0.255,0.184,0.121,0.158,0.155,0.111,0.198,0.197,0.104,0.088,0.087,0.162,0.251,0.320,0.275,Low_SNR,Low_SNR,0.120,0.142,Low_SNR,0.097,0.235,0.113,0.22
1266,0.257,0.188,0.128,0.166,0.159,0.128,0.201,0.201,0.100,0.089,0.087,0.161,0.249,0.305,0.275,Low_SNR,Low_SNR,0.132,0.142,Low_SNR,0.102,0.237,0.116,0.22
1267,0.245,0.141,0.120,0.163,0.162,0.122,0.206,0.197,0.119,0.097,0.100,0.153,0.241,0.300,0.280,Low_SNR,0.001,0.145,0.153,Low_SNR,0.118,0.246,0.139,0.24
1268,0.259,0.180,0.110,0.154,0.150,0.126,0.200,0.196,0.096,0.087,0.084,0.135,0.252,0.311,0.273,Low_SNR,Low_SNR,0.122,0.137,Low_SNR,0.099,0.235,0.117,0.23
1269,0.247,0.159,0.124,0.162,0.160,0.132,0.203,0.197,0.109,0.088,0.091,0.156,0.249,0.302,0.279,0.000,Low_SNR,0.135,0.142,Low_SNR,0.101,0.242,0.108,0.23
1270,0.256,0.195,0.133,0.165,0.163,0.150,0.207,0.205,0.099,0.087,0.085,0.155,0.244,0.305,0.271,Low_SNR,Low_SNR,0.133,0.138,Low_SNR,0.103,0.236,0.117,0.22
1271,0.253,0.178,0.120,0.161,0.157,0.125,0.203,0.200,0.105,0.100,0.091,0.145,0.246,0.298,0.282,Low_SNR,Low_SNR,0.134,0.151,Low_SNR,0.107,0.244,0.119,0.23
1272,0.250,0.167,0.122,0.159,0.154,0.127,0.202,0.196,0.090,0.087,0.088,0.143,0.249,0.310,0.281,Low_SNR,Low_SNR,0.137,0.141,Low_SNR,0.092,0.238,0.116,0.23
1273,0.255,0.165,0.115,0.159,0.158,0.129,0.204,0.197,0.110,0.097,0.096,0.135,0.250,0.308,0.276,Low_SNR,Low_SNR,0.138,0.148,Low_SNR,0.106,0.241,0.115,0.23
1274,0.249,0.174,0.118,0.157,0.154,0.131,0.199,0.196,0.097,0.089,0.085,0.150,0.245,0.306,0.278,Low_SNR,Low_SNR,0.119,0.140,Low_SNR,0.101,0.233,0.112,0.24
1275,0.251,0.157,0.126,0.165,0.169,0.159,0.200,0.201,0.106,0.086,0.091,0.157,0.247,0.300,0.279,Low_SNR,Low_SNR,0.133,0.147,Low_SNR,0.102,0.237,0.134,0.24
1276,0.250,0.150,0.119,0.161,0.158,0.125,0.203,0.197,0.106,0.097,0.091,0.166,0.246,0.298,0.284,Low_SNR,Low_SNR,0.135,0.153,Low_SNR,0.102,0.242,0.113,0.22
1277,0.251,0.188,0.120,0.164,0.168,0.166,0.207,0.204,0.105,0.081,0.087,0.154,0.246,0.287,0.279,Low_SNR,Low_SNR,0.126,0.145,Low_SNR,0.096,0.242,0.141,0.22
1278,0.254,0.181,0.119,0.162,0.163,0.125,0.204,0.201,0.097,0.093,0.088,0.146,0.243,0.298,0.281,0.001,Low_SNR,0.130,0.148,Low_SNR,0.101,0.237,0.109,0.22
1279,0.256,0.182,0.126,0.168,0.166,0.137,0.206,0.205,0.101,0.106,0.094,0.139,0.246,0.302,0.270,Low_SNR,Low_SNR,0.138,0.151,Low_SNR,0.103,0.241,0.115,0.23
1280,0.262,0.194,0.117,0.164,0.166,0.144,0.202,0.203,0.103,0.095,0.092,0.139,0.248,0.302,0.272,Low_SNR,Low_SNR,0.131,0.152,Low_SNR,0.101,0.235,0.133,0.23
1281,0.255,0.177,0.113,0.157,0.166,0.150,0.207,0.199,0.094,0.093,0.077,0.139,0.245,0.301,0.276,Low_SNR,Low_SNR,0.128,0.141,Low_SNR,0.080,0.239,0.114,0.22
1282,0.253,0.172,0.120,0.161,0.159,0.143,0.193,0.199,0.106,0.088,0.085,0.148,0.252,0.316,0.276,Low_SNR,Low_SNR,0.133,0.141,Low_SNR,0.099,0.232,0.159,0.23
1283,0.256,0.172,0.133,0.175,0.174,0.129,0.204,0.206,0.132,0.123,0.105,0.162,0.253,0.290,0.268,Low_SNR,Low_SNR,0.152,0.165,Low_SNR,0.126,0.243,0.149,0.22
1284,0.251,0.165,0.117,0.161,0.157,0.138,0.199,0.199,0.107,0.092,0.095,0.148,0.246,0.308,0.277,Low_SNR,Low_SNR,0.128,0.145,Low_SNR,0.096,0.234,0.127,0.23
1285,0.254,0.172,0.131,0.169,0.172,0.156,0.201,0.205,0.110,0.087,0.089,0.164,0.250,0.295,0.273,Low_SNR,Low_SNR,0.140,0.146,Low_SNR,0.111,0.235,0.152,0.23
1286,0.253,0.162,0.120,0.164,0.166,0.124,0.206,0.201,0.117,0.101,0.094,0.169,0.250,0.302,0.275,Low_SNR,Low_SNR,0.136,0.157,Low_SNR,0.109,0.242,0.135,0.23
1287,0.246,0.146,0.126,0.168,0.167,0.150,0.210,0.200,0.117,0.096,0.096,0.158,0.241,0.296,0.276,Low_SNR,Low_SNR,0.142,0.148,Low_SNR,0.113,0.247,0.106,0.23
1288,0.252,0.178,0.124,0.161,0.155,0.123,0.201,0.198,0.103,0.078,0.085,0.152,0.239,0.293,0.286,Low_SNR,Low_SNR,0.128,0.147,Low_SNR,0.103,0.244,0.127,0.23
1289,0.256,0.173,0.131,0.170,0.175,0.152,0.206,0.205,0.096,0.096,0.095,0.150,0.245,0.309,0.267,Low_SNR,Low_SNR,0.142,0.160,Low_SNR,0.101,0.235,0.114,0.23
1290,0.252,0.148,0.121,0.165,0.164,0.136,0.197,0.199,0.115,0.100,0.098,0.156,0.256,0.320,0.270,Low_SNR,Low_SNR,0.143,0.158,Low_SNR,0.118,0.242,0.166,0.23
1291,0.254,0.175,0.121,0.162,0.163,0.156,0.205,0.200,0.094,0.087,0.088,0.149,0.246,0.298,0.276,Low_SNR,Low_SNR,0.131,0.146,Low_SNR,0.094,0.236,0.134,0.22
1292,0.250,0.145,0.128,0.166,0.162,0.116,0.199,0.197,0.115,0.104,0.092,0.154,0.247,0.307,0.274,Low_SNR,Low_SNR,0.145,0.153,Low_SNR,0.108,0.240,0.131,0.22
1293,0.252,0.139,0.102,0.156,0.160,0.136,0.200,0.191,0.103,0.089,0.086,0.136,0.249,0.312,0.283,Low_SNR,Low_SNR,0.139,0.145,Low_SNR,0.094,0.236,0.148,0.24
1294,0.247,0.148,0.126,0.163,0.167,0.142,0.204,0.200,0.114,0.094,0.088,0.156,0.244,0.304,0.274,Low_SNR,Low_SNR,0.134,0.141,0.019,0.102,0.238,0.111,0.23
1295,0.251,0.172,0.124,0.163,0.163,0.138,0.201,0.201,0.101,0.094,0.093,0.149,0.243,0.300,0.276,Low_SNR,Low_SNR,0.127,0.147,Low_SNR,0.101,0.239,0.127,0.22
1296,0.252,0.169,0.122,0.166,0.169,0.130,0.198,0.200,0.108,0.100,0.098,0.151,0.248,0.303,0.270,Low_SNR,Low_SNR,0.140,0.152,Low_SNR,0.113,0.236,0.137,0.22
1297,0.250,0.175,0.123,0.165,0.166,0.145,0.210,0.201,0.108,0.093,0.095,0.152,0.238,0.280,0.282,Low_SNR,Low_SNR,0.134,0.157,Low_SNR,0.104,0.253,0.142,0.23
1298,0.250,0.168,0.109,0.156,0.162,0.134,0.203,0.196,0.091,0.082,0.082,0.141,0.242,0.295,0.289,Low_SNR,Low_SNR,0.122,0.141,Low_SNR,0.104,0.241,0.123,0.23
1299,0.247,0.153,0.126,0.168,0.168,0.141,0.207,0.201,0.126,0.098,0.095,0.166,0.241,0.290,0.276,Low_SNR,Low_SNR,0.143,0.151,Low_SNR,0.118,0.250,0.139,0.23
1300,0.252,0.145,0.117,0.160,0.158,0.130,0.202,0.196,0.114,0.091,0.087,0.148,0.250,0.300,0.273,Low_SNR,Low_SNR,0.131,0.144,Low_SNR,0.103,0.247,0.121,0.22
1301,0.263,0.255,0.184,0.187,0.176,Low_SNR,0.200,0.218,0.087,0.120,0.109,0.203,0.245,0.298,0.277,Low_SNR,Low_SNR,Low_SNR,0.165,Low_SNR,Low_SNR,0.228,0.139,0.24
1302,0.257,0.184,0.123,0.165,0.158,0.129,0.202,0.200,0.105,0.094,0.087,0.144,0.252,0.300,0.287,Low_SNR,Low_SNR,0.127,0.152,Low_SNR,0.109,0.245,0.140,0.23
1303,0.252,0.165,0.113,0.159,0.160,0.136,0.203,0.196,0.090,0.096,0.086,0.152,0.251,0.302,0.278,Low_SNR,Low_SNR,0.133,0.148,Low_SNR,0.102,0.240,0.141,0.24
1304,0.250,0.166,0.120,0.160,0.160,0.117,0.200,0.196,0.122,0.096,0.093,0.162,0.250,0.310,0.278,Low_SNR,Low_SNR,0.130,0.149,Low_SNR,0.110,0.239,0.144,0.23
1305,0.249,0.167,0.124,0.166,0.174,0.133,0.195,0.197,0.106,0.094,0.093,0.161,0.246,0.307,0.278,Low_SNR,Low_SNR,0.130,0.152,Low_SNR,0.098,0.242,0.139,0.23
1306,0.250,0.165,0.121,0.163,0.161,0.104,0.200,0.197,0.108,0.089,0.090,0.156,0.243,0.295,0.283,Low_SNR,Low_SNR,0.140,0.160,Low_SNR,0.116,0.240,0.127,0.23
1307,0.256,0.186,0.126,0.168,0.166,0.122,0.200,0.201,0.107,0.097,0.095,0.161,0.248,0.301,0.280,Low_SNR,Low_SNR,0.138,0.151,Low_SNR,0.110,0.240,0.126,0.23
1308,0.248,0.157,0.108,0.157,0.160,0.133,0.201,0.195,0.100,0.084,0.082,0.154,0.244,0.311,0.280,Low_SNR,Low_SNR,0.123,0.147,Low_SNR,0.101,0.241,0.120,0.21
1309,0.253,0.169,0.126,0.165,0.158,0.114,0.199,0.197,0.097,0.093,0.093,0.156,0.248,0.292,0.278,Low_SNR,Low_SNR,0.132,0.147,Low_SNR,0.115,0.238,0.131,0.23
1310,0.248,0.141,0.115,0.162,0.160,0.118,0.201,0.194,0.107,0.099,0.092,0.157,0.247,0.300,0.283,Low_SNR,Low_SNR,0.138,0.146,Low_SNR,0.119,0.239,0.136,0.23
1311,0.253,0.172,0.120,0.163,0.161,0.137,0.202,0.200,0.110,0.094,0.092,0.149,0.241,0.288,0.279,Low_SNR,Low_SNR,0.131,0.148,Low_SNR,0.105,0.241,0.119,0.23
1312,0.255,0.195,0.122,0.165,0.167,0.121,0.194,0.199,0.094,0.087,0.090,0.144,0.238,0.293,0.288,Low_SNR,Low_SNR,0.129,0.153,Low_SNR,0.107,0.234,0.138,0.23
1313,0.259,0.196,0.108,0.157,0.154,0.130,0.197,0.197,0.092,0.089,0.080,0.144,0.249,0.294,0.274,Low_SNR,Low_SNR,0.129,0.142,Low_SNR,0.090,0.231,0.127,0.23
1314,0.251,0.176,0.131,0.166,0.156,0.120,0.202,0.200,0.112,0.099,0.094,0.152,0.248,0.308,0.274,0.001,Low_SNR,0.133,0.149,Low_SNR,0.107,0.242,0.116,0.23
1315,0.252,0.174,0.122,0.163,0.158,0.126,0.202,0.198,0.112,0.088,0.091,0.160,0.243,0.294,0.282,Low_SNR,Low_SNR,0.134,0.146,Low_SNR,0.103,0.237,0.135,0.22
1316,0.251,0.166,0.113,0.159,0.159,0.127,0.204,0.197,0.105,0.084,0.086,0.137,0.241,0.300,0.281,Low_SNR,Low_SNR,0.127,0.149,Low_SNR,0.100,0.237,0.112,0.23
1317,0.252,0.176,0.129,0.163,0.154,0.101,0.198,0.197,0.111,0.092,0.088,0.157,0.247,0.299,0.281,Low_SNR,Low_SNR,0.133,0.147,0.021,0.105,0.241,0.139,0.23
1318,0.247,0.146,0.111,0.163,0.162,0.134,0.202,0.197,0.116,0.098,0.093,0.152,0.246,0.297,0.283,Low_SNR,Low_SNR,0.140,0.151,0.019,0.111,0.242,0.151,0.22
1319,0.250,0.171,0.122,0.164,0.160,0.135,0.199,0.198,0.104,0.096,0.091,0.158,0.241,0.300,0.280,Low_SNR,Low_SNR,0.138,0.143,Low_SNR,0.104,0.234,0.130,0.24
1320,0.252,0.174,0.119,0.160,0.155,0.138,0.202,0.197,0.098,0.084,0.078,0.156,0.246,0.300,0.280,Low_SNR,Low_SNR,0.133,0.143,Low_SNR,0.095,0.243,0.125,0.23
1321,0.257,0.182,0.135,0.169,0.167,0.148,0.197,0.205,0.105,0.102,0.093,0.156,0.255,0.305,0.273,Low_SNR,Low_SNR,0.135,0.146,Low_SNR,0.106,0.236,0.148,0.22
1322,0.260,0.186,0.123,0.164,0.161,0.142,0.202,0.202,0.095,0.091,0.091,0.147,0.257,0.300,0.281,Low_SNR,Low_SNR,0.134,0.144,Low_SNR,0.099,0.237,0.129,0.22
1323,0.255,0.176,0.125,0.170,0.165,0.125,0.202,0.202,0.115,0.101,0.097,0.149,0.246,0.297,0.271,Low_SNR,Low_SNR,0.142,0.156,Low_SNR,0.112,0.242,0.124,0.22
1324,0.253,0.174,0.118,0.162,0.159,0.130,0.198,0.196,0.104,0.093,0.091,0.150,0.246,0.293,0.280,Low_SNR,Low_SNR,0.137,0.148,Low_SNR,0.112,0.236,0.117,0.23
1325,0.252,0.159,0.120,0.165,0.164,0.127,0.202,0.198,0.115,0.100,0.093,0.148,0.247,0.296,0.281,Low_SNR,Low_SNR,0.141,0.152,Low_SNR,0.107,0.241,0.143,0.22
1326,0.257,0.198,0.127,0.167,0.167,0.136,0.202,0.204,0.096,0.089,0.089,0.153,0.249,0.295,0.274,Low_SNR,Low_SNR,0.133,0.152,0.009,0.105,0.235,0.145,0.22
1327,0.245,0.149,0.119,0.157,0.155,0.128,0.202,0.192,0.099,0.090,0.086,0.158,0.239,0.301,0.285,Low_SNR,0.001,0.133,0.141,Low_SNR,0.096,0.236,0.112,0.23
1328,0.253,0.177,0.124,0.165,0.166,0.147,0.206,0.201,0.105,0.095,0.090,0.160,0.242,0.293,0.276,Low_SNR,Low_SNR,0.134,0.147,Low_SNR,0.102,0.241,0.127,0.21
1329,0.255,0.176,0.120,0.159,0.154,0.117,0.195,0.196,0.108,0.094,0.092,0.143,0.251,0.308,0.273,Low_SNR,Low_SNR,0.133,0.143,Low_SNR,0.110,0.229,0.121,0.23
1330,0.254,0.182,0.123,0.167,0.163,0.138,0.199,0.203,0.107,0.093,0.095,0.153,0.247,0.292,0.275,Low_SNR,Low_SNR,0.131,0.148,Low_SNR,0.107,0.239,0.123,0.23
1331,0.254,0.175,0.116,0.157,0.156,0.110,0.198,0.195,0.094,0.091,0.085,0.152,0.248,0.307,0.290,Low_SNR,Low_SNR,0.132,0.148,Low_SNR,0.098,0.232,0.122,0.23
1332,0.249,0.160,0.129,0.171,0.167,0.123,0.208,0.203,0.122,0.103,0.102,0.159,0.238,0.285,0.283,Low_SNR,Low_SNR,0.144,0.158,Low_SNR,0.118,0.242,0.115,0.23
1333,0.256,0.177,0.119,0.164,0.166,0.137,0.202,0.198,0.105,0.092,0.086,0.148,0.249,0.300,0.270,Low_SNR,Low_SNR,0.133,0.147,Low_SNR,0.097,0.237,0.130,0.22
1334,0.252,0.164,0.127,0.171,0.168,0.138,0.206,0.203,0.117,0.097,0.095,0.164,0.247,0.291,0.274,Low_SNR,Low_SNR,0.144,0.158,Low_SNR,0.114,0.242,0.114,0.22
1335,0.249,0.185,0.124,0.159,0.157,0.146,0.203,0.197,0.092,0.082,0.085,0.145,0.241,0.298,0.285,Low_SNR,Low_SNR,0.119,0.139,Low_SNR,0.081,0.235,0.128,0.24
1336,0.257,0.184,0.127,0.168,0.161,0.133,0.204,0.204,0.115,0.095,0.093,0.152,0.248,0.295,0.268,Low_SNR,Low_SNR,0.136,0.149,Low_SNR,0.109,0.235,0.128,0.23
1337,0.254,0.181,0.120,0.162,0.163,0.143,0.205,0.201,0.100,0.087,0.091,0.145,0.249,0.297,0.277,Low_SNR,Low_SNR,0.132,0.143,0.016,0.097,0.239,0.119,0.23
1338,0.255,0.173,0.113,0.158,0.157,0.129,0.206,0.196,0.100,0.081,0.085,0.145,0.249,0.302,0.284,Low_SNR,Low_SNR,0.124,0.146,Low_SNR,0.096,0.236,0.114,0.23
1339,0.248,0.163,0.109,0.154,0.151,0.135,0.199,0.191,0.100,0.086,0.079,0.142,0.247,0.307,0.278,Low_SNR,0.000,0.124,0.135,Low_SNR,0.092,0.234,0.138,0.23
1340,0.255,0.177,0.121,0.164,0.162,0.151,0.206,0.202,0.105,0.087,0.090,0.147,0.243,0.296,0.281,Low_SNR,Low_SNR,0.129,0.143,Low_SNR,0.097,0.242,0.126,0.23
1341,0.251,0.168,0.116,0.158,0.161,0.132,0.200,0.197,0.102,0.081,0.082,0.142,0.246,0.304,0.284,0.001,Low_SNR,0.126,0.142,Low_SNR,0.099,0.240,0.108,0.23
1342,0.251,0.163,0.126,0.166,0.165,0.139,0.207,0.203,0.121,0.101,0.097,0.169,0.245,0.290,0.275,Low_SNR,Low_SNR,0.140,0.154,Low_SNR,0.105,0.243,0.114,0.23
1343,0.253,0.175,0.123,0.166,0.167,0.138,0.201,0.201,0.107,0.092,0.092,0.155,0.249,0.297,0.280,Low_SNR,Low_SNR,0.128,0.151,Low_SNR,0.103,0.236,0.147,0.24
1344,0.244,0.162,0.134,0.171,0.169,0.139,0.204,0.201,0.117,0.099,0.097,0.169,0.242,0.291,0.281,Low_SNR,Low_SNR,0.145,0.153,Low_SNR,0.112,0.249,0.156,0.23
1345,0.253,0.164,0.123,0.167,0.165,0.136,0.202,0.201,0.113,0.091,0.092,0.152,0.248,0.296,0.278,Low_SNR,Low_SNR,0.140,0.152,Low_SNR,0.109,0.240,0.130,0.22
1346,0.254,0.175,0.123,0.162,0.154,0.114,0.201,0.197,0.107,0.092,0.088,0.160,0.248,0.296,0.282,Low_SNR,Low_SNR,0.135,0.147,Low_SNR,0.099,0.239,0.123,0.23
1347,0.257,0.176,0.124,0.164,0.164,0.148,0.204,0.201,0.104,0.092,0.090,0.160,0.252,0.306,0.270,Low_SNR,Low_SNR,0.136,0.151,Low_SNR,0.098,0.239,0.139,0.24
1348,0.252,0.184,0.129,0.167,0.163,0.147,0.212,0.206,0.108,0.089,0.086,0.158,0.243,0.286,0.275,Low_SNR,Low_SNR,0.136,0.140,Low_SNR,0.099,0.249,0.098,0.24
1349,0.251,0.164,0.125,0.168,0.164,0.129,0.203,0.199,0.116,0.094,0.094,0.151,0.246,0.293,0.276,0.000,Low_SNR,0.139,0.149,Low_SNR,0.111,0.238,0.112,0.23
1350,0.253,0.179,0.120,0.162,0.160,0.130,0.199,0.198,0.101,0.085,0.084,0.150,0.249,0.294,0.279,Low_SNR,Low_SNR,0.130,0.144,Low_SNR,0.103,0.235,0.126,0.23
1351,0.252,0.177,0.122,0.161,0.156,0.134,0.207,0.200,0.097,0.097,0.087,0.154,0.244,0.294,0.275,Low_SNR,Low_SNR,0.131,0.148,Low_SNR,0.102,0.244,0.129,0.23
1352,0.251,0.172,0.124,0.168,0.165,0.122,0.202,0.201,0.114,0.094,0.093,0.161,0.247,0.283,0.285,Low_SNR,0.001,0.141,0.152,Low_SNR,0.113,0.242,0.133,0.25
1353,0.249,0.160,0.125,0.167,0.162,0.148,0.210,0.203,0.112,0.097,0.095,0.157,0.247,0.295,0.266,Low_SNR,Low_SNR,0.141,0.150,Low_SNR,0.104,0.240,0.105,0.23
1354,0.252,0.169,0.126,0.165,0.162,0.135,0.205,0.200,0.099,0.092,0.090,0.153,0.245,0.300,0.274,Low_SNR,Low_SNR,0.133,0.148,Low_SNR,0.100,0.242,0.110,0.23
1355,0.255,0.175,0.124,0.163,0.163,0.132,0.198,0.199,0.095,0.092,0.087,0.157,0.252,0.305,0.275,Low_SNR,Low_SNR,0.129,0.145,Low_SNR,0.095,0.234,0.129,0.24
1356,0.247,0.135,0.111,0.161,0.164,0.153,0.209,0.196,0.099,0.090,0.088,0.163,0.246,0.298,0.276,Low_SNR,Low_SNR,0.135,0.144,Low_SNR,0.094,0.243,0.092,0.23
1357,0.248,0.136,0.109,0.161,0.169,0.160,0.200,0.197,0.107,0.083,0.084,0.175,0.248,0.303,0.275,Low_SNR,Low_SNR,0.133,0.126,Low_SNR,0.114,0.239,0.134,0.23
1358,0.252,0.171,0.123,0.166,0.170,0.139,0.202,0.201,0.104,0.098,0.093,0.149,0.238,0.294,0.276,Low_SNR,Low_SNR,0.136,0.151,Low_SNR,0.103,0.240,0.135,0.23
1359,0.251,0.170,0.133,0.168,0.165,0.118,0.203,0.202,0.112,0.102,0.102,0.161,0.246,0.289,0.270,Low_SNR,Low_SNR,0.150,0.164,Low_SNR,0.103,0.238,0.128,0.23
1360,0.250,0.146,0.115,0.160,0.162,0.145,0.204,0.196,0.104,0.090,0.086,0.148,0.241,0.296,0.287,Low_SNR,Low_SNR,0.131,0.148,Low_SNR,0.099,0.248,0.140,0.23
1361,0.253,0.170,0.121,0.163,0.161,0.127,0.199,0.195,0.100,0.091,0.092,0.148,0.252,0.302,0.275,Low_SNR,0.001,0.132,0.151,Low_SNR,0.099,0.235,0.120,0.22
1362,0.252,0.165,0.120,0.162,0.159,0.125,0.200,0.195,0.109,0.088,0.088,0.156,0.245,0.300,0.271,Low_SNR,Low_SNR,0.132,0.147,Low_SNR,0.108,0.239,0.124,0.22
1363,0.253,0.179,0.130,0.169,0.166,0.129,0.199,0.202,0.104,0.100,0.100,0.156,0.246,0.295,0.271,Low_SNR,Low_SNR,0.141,0.157,Low_SNR,0.103,0.237,0.128,0.22
1364,0.251,0.167,0.124,0.165,0.163,0.135,0.201,0.200,0.113,0.104,0.096,0.156,0.244,0.289,0.276,Low_SNR,Low_SNR,0.134,0.154,Low_SNR,0.105,0.237,0.122,0.22
1365,0.252,0.175,0.125,0.164,0.160,0.124,0.199,0.198,0.107,0.097,0.089,0.152,0.245,0.298,0.273,Low_SNR,Low_SNR,0.138,0.151,Low_SNR,0.110,0.236,0.122,0.23
1366,0.250,0.169,0.124,0.164,0.160,0.135,0.203,0.198,0.101,0.099,0.090,0.153,0.244,0.298,0.273,Low_SNR,Low_SNR,0.136,0.150,Low_SNR,0.111,0.240,0.129,0.22
1367,0.250,0.169,0.124,0.166,0.165,0.143,0.206,0.201,0.109,0.096,0.089,0.151,0.244,0.288,0.279,Low_SNR,Low_SNR,0.133,0.151,0.016,0.102,0.245,0.139,0.22
1368,0.253,0.171,0.124,0.165,0.161,0.130,0.203,0.199,0.112,0.086,0.093,0.154,0.245,0.297,0.278,Low_SNR,Low_SNR,0.135,0.147,Low_SNR,0.107,0.235,0.126,0.25
1369,0.253,0.169,0.122,0.163,0.157,0.124,0.200,0.197,0.114,0.095,0.093,0.154,0.247,0.296,0.272,Low_SNR,Low_SNR,0.136,0.152,Low_SNR,0.111,0.240,0.127,0.24
1370,0.251,0.168,0.120,0.164,0.164,0.131,0.201,0.196,0.098,0.099,0.093,0.148,0.243,0.300,0.274,Low_SNR,Low_SNR,0.131,0.151,Low_SNR,0.102,0.234,0.128,0.23
1371,0.255,0.181,0.131,0.172,0.168,0.137,0.203,0.203,0.113,0.098,0.096,0.162,0.247,0.287,0.268,Low_SNR,Low_SNR,0.143,0.153,Low_SNR,0.113,0.238,0.143,0.22
1372,0.254,0.173,0.126,0.164,0.161,0.124,0.198,0.199,0.110,0.097,0.092,0.155,0.249,0.299,0.270,Low_SNR,Low_SNR,0.138,0.153,Low_SNR,0.108,0.232,0.131,0.23
1373,0.254,0.172,0.125,0.166,0.164,0.133,0.202,0.199,0.113,0.089,0.092,0.158,0.248,0.293,0.274,Low_SNR,Low_SNR,0.135,0.149,Low_SNR,0.109,0.238,0.126,0.23
1374,0.251,0.164,0.113,0.155,0.153,0.126,0.199,0.192,0.095,0.080,0.080,0.146,0.239,0.297,0.283,Low_SNR,Low_SNR,0.121,0.137,Low_SNR,0.095,0.236,0.120,0.22
1375,0.251,0.169,0.119,0.160,0.157,0.125,0.203,0.195,0.099,0.090,0.087,0.154,0.244,0.294,0.282,Low_SNR,Low_SNR,0.132,0.145,Low_SNR,0.100,0.242,0.114,0.24
1376,0.253,0.177,0.131,0.170,0.172,0.139,0.207,0.204,0.112,0.089,0.094,0.160,0.243,0.286,0.269,Low_SNR,Low_SNR,0.140,0.152,Low_SNR,0.111,0.244,0.132,0.23
1377,0.249,0.167,0.121,0.163,0.164,0.133,0.204,0.196,0.100,0.091,0.086,0.149,0.245,0.294,0.281,Low_SNR,Low_SNR,0.131,0.149,Low_SNR,0.106,0.240,0.129,0.23
1378,0.250,0.165,0.116,0.160,0.156,0.123,0.200,0.195,0.102,0.088,0.087,0.149,0.243,0.297,0.281,Low_SNR,Low_SNR,0.125,0.144,Low_SNR,0.101,0.238,0.124,0.23
1379,0.253,0.172,0.127,0.169,0.166,0.138,0.204,0.202,0.105,0.094,0.096,0.157,0.249,0.296,0.267,Low_SNR,Low_SNR,0.139,0.154,Low_SNR,0.109,0.240,0.143,0.23
1380,0.253,0.170,0.123,0.163,0.164,0.140,0.204,0.201,0.107,0.095,0.093,0.159,0.249,0.295,0.281,Low_SNR,Low_SNR,0.133,0.145,Low_SNR,0.096,0.236,0.130,0.22
1381,0.249,0.175,0.121,0.160,0.155,0.118,0.202,0.196,0.089,0.094,0.090,0.162,0.244,0.293,0.285,Low_SNR,Low_SNR,0.131,0.143,Low_SNR,0.114,0.241,0.121,0.23
1382,0.253,0.164,0.119,0.162,0.162,0.132,0.202,0.197,0.106,0.098,0.093,0.154,0.247,0.295,0.273,Low_SNR,Low_SNR,0.136,0.148,Low_SNR,0.109,0.236,0.127,0.23
1383,0.250,0.169,0.120,0.162,0.161,0.132,0.203,0.199,0.107,0.092,0.091,0.150,0.243,0.289,0.275,Low_SNR,Low_SNR,0.133,0.150,Low_SNR,0.099,0.238,0.121,0.23
1384,0.255,0.177,0.130,0.171,0.167,0.138,0.205,0.206,0.119,0.100,0.098,0.157,0.250,0.293,0.267,Low_SNR,Low_SNR,0.141,0.153,Low_SNR,0.110,0.244,0.136,0.22
1385,0.250,0.168,0.121,0.163,0.157,0.128,0.202,0.198,0.112,0.096,0.088,0.154,0.243,0.294,0.278,Low_SNR,Low_SNR,0.132,0.144,Low_SNR,0.108,0.235,0.124,0.22
1386,0.249,0.168,0.124,0.164,0.162,0.134,0.206,0.199,0.112,0.093,0.093,0.150,0.239,0.287,0.277,Low_SNR,Low_SNR,0.137,0.149,Low_SNR,0.106,0.242,0.127,0.21
1387,0.253,0.169,0.124,0.166,0.163,0.118,0.201,0.199,0.110,0.090,0.095,0.159,0.250,0.297,0.274,Low_SNR,Low_SNR,0.134,0.154,Low_SNR,0.110,0.233,0.136,0.23
1388,0.251,0.176,0.126,0.168,0.165,0.142,0.205,0.201,0.100,0.093,0.091,0.156,0.246,0.295,0.267,Low_SNR,Low_SNR,0.137,0.153,Low_SNR,0.100,0.237,0.119,0.23
1389,0.249,0.156,0.109,0.165,0.175,0.153,0.201,0.198,0.104,0.088,0.095,0.151,0.241,0.296,0.277,Low_SNR,Low_SNR,0.141,0.155,Low_SNR,0.089,0.230,0.133,0.24
1390,0.249,Low_SNR,0.185,0.138,Low_SNR,Low_SNR,0.210,0.200,0.134,Low_SNR,Low_SNR,Low_SNR,0.262,0.301,0.289,Low_SNR,0.001,Low_SNR,Low_SNR,Low_SNR,Low_SNR,0.237,Low_SNR,0.23
1391,0.257,0.194,0.127,0.165,0.163,0.144,0.197,0.201,0.103,0.092,0.090,0.146,0.252,0.297,0.271,Low_SNR,Low_SNR,0.134,0.145,Low_SNR,0.100,0.233,0.126,0.22
1392,0.245,0.135,0.118,0.166,0.166,0.132,0.203,0.197,0.112,0.098,0.100,0.164,0.243,0.292,0.272,Low_SNR,Low_SNR,0.142,0.159,Low_SNR,0.109,0.237,0.120,0.22
1393,0.248,0.147,0.112,0.160,0.158,0.149,0.203,0.194,0.106,0.089,0.089,0.136,0.240,0.295,0.277,Low_SNR,Low_SNR,0.133,0.152,Low_SNR,0.099,0.241,0.138,0.23
1394,0.254,0.166,0.120,0.170,0.181,0.184,0.207,0.206,0.105,0.096,0.091,0.150,0.245,0.295,0.263,Low_SNR,Low_SNR,0.135,0.149,Low_SNR,0.102,0.244,0.151,0.23
1395,0.251,0.156,0.121,0.163,0.163,0.113,0.202,0.198,0.121,0.095,0.095,0.136,0.245,0.295,0.270,Low_SNR,Low_SNR,0.130,0.154,Low_SNR,0.111,0.239,0.112,0.22
1396,0.251,0.208,0.131,0.167,0.165,Low_SNR,0.204,0.204,0.099,0.089,0.088,0.141,0.237,0.289,0.266,Low_SNR,Low_SNR,0.129,0.142,Low_SNR,0.098,0.237,0.136,0.23
1397,0.248,0.140,0.121,0.166,0.163,Low_SNR,0.200,0.195,0.118,0.100,0.096,0.156,0.243,0.292,0.276,Low_SNR,Low_SNR,0.141,0.164,Low_SNR,0.122,0.240,0.154,0.23
1398,0.250,0.166,0.123,0.164,0.167,0.136,0.202,0.199,0.106,0.103,0.093,0.151,0.244,0.292,0.271,Low_SNR,Low_SNR,0.133,0.155,Low_SNR,0.099,0.240,0.126,0.22
1399,0.248,0.165,0.121,0.164,0.161,0.130,0.201,0.198,0.114,0.097,0.084,0.159,0.243,0.290,0.277,Low_SNR,Low_SNR,0.142,0.150,Low_SNR,0.106,0.242,0.132,0.23
1400,0.253,0.172,0.121,0.166,0.164,0.148,0.204,0.201,0.095,0.080,0.090,0.165,0.247,0.298,0.268,Low_SNR,Low_SNR,0.137,0.148,Low_SNR,0.094,0.235,0.149,0.24
1401,0.261,0.189,0.123,0.160,0.155,0.137,0.197,0.196,0.093,0.098,0.092,0.144,0.260,0.320,0.265,Low_SNR,Low_SNR,0.134,0.146,Low_SNR,0.104,0.226,0.111,0.22
1402,0.249,0.157,0.110,0.156,0.158,0.146,0.204,0.192,0.106,0.086,0.080,0.149,0.241,0.304,0.280,Low_SNR,Low_SNR,0.130,0.140,Low_SNR,0.096,0.241,0.126,0.23
1403,0.252,0.205,0.122,0.161,0.161,0.139,0.201,0.198,0.091,0.084,0.085,0.150,0.242,0.303,0.279,Low_SNR,Low_SNR,0.116,0.145,Low_SNR,0.084,0.240,0.127,0.25
1404,0.252,0.194,0.120,0.161,0.154,0.128,0.202,0.197,0.104,0.090,0.083,0.164,0.246,0.309,0.270,Low_SNR,Low_SNR,0.127,0.145,0.023,0.105,0.236,0.133,0.21
1405,0.243,0.123,0.111,0.162,0.170,0.141,0.202,0.191,0.117,0.095,0.093,0.166,0.243,0.318,0.277,Low_SNR,Low_SNR,0.146,0.161,Low_SNR,0.096,0.243,0.152,0.22
1406,0.253,0.167,0.124,0.168,0.161,0.111,0.203,0.196,0.102,0.098,0.090,0.140,0.244,0.319,0.265,Low_SNR,Low_SNR,0.146,0.147,Low_SNR,0.107,0.245,0.145,0.23
1407,0.249,0.183,0.128,0.163,0.160,0.137,0.209,0.198,0.093,0.087,0.088,0.139,0.238,0.313,0.278,Low_SNR,Low_SNR,0.127,0.138,Low_SNR,0.099,0.241,0.093,0.23
1408,0.255,0.199,0.121,0.162,0.159,0.116,0.198,0.198,0.107,0.093,0.091,0.147,0.250,0.316,0.266,Low_SNR,Low_SNR,0.129,0.150,Low_SNR,0.105,0.230,0.133,0.22
1409,0.254,0.200,0.127,0.160,0.152,0.131,0.200,0.197,0.098,0.085,0.078,0.133,0.242,0.320,0.271,Low_SNR,Low_SNR,0.127,0.134,Low_SNR,0.092,0.234,0.112,0.23
1410,0.257,0.197,0.137,0.171,0.166,Low_SNR,0.199,0.204,0.118,0.101,0.099,0.173,0.246,0.313,0.261,Low_SNR,Low_SNR,0.147,0.155,0.022,0.111,0.239,0.149,0.22
1411,0.252,0.164,0.117,0.159,0.154,0.131,0.203,0.194,0.102,0.085,0.085,0.147,0.250,0.320,0.271,Low_SNR,Low_SNR,0.123,0.149,Low_SNR,0.103,0.242,0.106,0.23
1412,0.250,0.170,0.131,0.166,0.162,0.132,0.201,0.198,0.094,0.092,0.092,0.145,0.244,0.314,0.272,Low_SNR,Low_SNR,0.137,0.153,Low_SNR,0.091,0.240,0.137,0.22
1413,0.247,0.166,0.121,0.163,0.160,0.142,0.204,0.197,0.107,0.091,0.091,0.154,0.244,0.317,0.266,Low_SNR,Low_SNR,0.132,0.144,Low_SNR,0.101,0.245,0.113,0.22
1414,0.250,0.170,0.128,0.167,0.166,0.135,0.203,0.200,0.113,0.097,0.093,0.176,0.244,0.315,0.267,Low_SNR,Low_SNR,0.144,0.153,Low_SNR,0.107,0.237,0.127,0.22
1415,0.253,0.174,0.127,0.165,0.164,0.133,0.201,0.199,0.104,0.091,0.089,0.150,0.241,0.309,0.274,Low_SNR,Low_SNR,0.134,0.148,Low_SNR,0.107,0.236,0.142,0.24
1416,0.247,0.163,0.118,0.160,0.161,0.134,0.202,0.196,0.101,0.092,0.088,0.148,0.240,0.308,0.275,Low_SNR,Low_SNR,0.131,0.143,Low_SNR,0.103,0.238,0.125,0.22
1417,0.251,0.171,0.121,0.163,0.164,0.136,0.205,0.199,0.108,0.090,0.089,0.157,0.246,0.310,0.276,Low_SNR,Low_SNR,0.129,0.150,Low_SNR,0.102,0.241,0.135,0.24
1418,0.253,0.179,0.129,0.162,0.158,0.134,0.203,0.200,0.107,0.092,0.088,0.156,0.248,0.313,0.273,Low_SNR,Low_SNR,0.132,0.144,Low_SNR,0.102,0.233,0.127,0.23
1419,0.247,0.165,0.119,0.161,0.160,0.134,0.202,0.194,0.103,0.087,0.082,0.144,0.238,0.314,0.272,Low_SNR,Low_SNR,0.130,0.146,Low_SNR,0.099,0.235,0.117,0.22
1420,0.252,0.168,0.120,0.161,0.160,0.133,0.203,0.198,0.112,0.093,0.089,0.161,0.251,0.321,0.272,Low_SNR,Low_SNR,0.134,0.145,Low_SNR,0.112,0.237,0.128,0.23
1421,0.252,0.166,0.118,0.161,0.161,0.124,0.199,0.196,0.110,0.087,0.091,0.157,0.250,0.318,0.265,Low_SNR,Low_SNR,0.135,0.148,Low_SNR,0.104,0.236,0.125,0.23
1422,0.247,0.160,0.115,0.160,0.160,0.139,0.201,0.195,0.105,0.092,0.092,0.149,0.244,0.316,0.274,Low_SNR,Low_SNR,0.132,0.151,Low_SNR,0.097,0.248,0.137,0.25
1423,0.253,0.163,0.118,0.160,0.158,0.116,0.201,0.194,0.113,0.093,0.089,0.149,0.248,0.316,0.273,Low_SNR,Low_SNR,0.141,0.149,Low_SNR,0.105,0.246,0.131,0.21
1424,0.251,0.161,0.121,0.170,0.173,0.148,0.203,0.203,0.110,0.098,0.093,0.157,0.245,0.304,0.265,0.001,Low_SNR,0.139,0.151,Low_SNR,0.106,0.238,0.146,0.24
1425,0.258,0.215,0.157,0.165,0.177,Low_SNR,0.204,0.207,0.119,0.076,0.097,0.144,0.254,0.309,0.263,Low_SNR,Low_SNR,Low_SNR,0.178,0.099,0.081,0.244,Low_SNR,0.21
1426,0.252,0.186,0.132,0.167,0.158,Low_SNR,0.194,0.199,0.122,0.093,0.092,0.146,0.244,0.312,0.273,Low_SNR,0.000,Low_SNR,0.151,Low_SNR,0.114,0.232,0.170,0.22
1427,0.249,0.178,0.119,0.157,0.154,0.131,0.204,0.195,0.095,0.089,0.086,0.128,0.240,0.307,0.275,Low_SNR,0.001,0.133,0.135,Low_SNR,0.096,0.240,0.110,0.22
1428,0.250,0.183,0.134,0.167,0.158,0.138,0.205,0.201,0.103,0.093,0.090,0.170,0.246,0.310,0.265,Low_SNR,Low_SNR,0.136,0.150,Low_SNR,0.107,0.240,0.117,0.23
1429,0.246,0.158,0.121,0.160,0.159,0.130,0.205,0.197,0.103,0.097,0.093,0.151,0.243,0.314,0.277,Low_SNR,Low_SNR,0.139,0.147,Low_SNR,0.105,0.242,0.141,0.23
1430,0.249,0.165,0.124,0.163,0.160,0.129,0.204,0.198,0.100,0.095,0.088,0.149,0.242,0.299,0.278,Low_SNR,Low_SNR,0.145,0.148,Low_SNR,0.100,0.244,0.114,0.22
1431,0.250,0.167,0.126,0.165,0.163,0.132,0.204,0.200,0.104,0.096,0.092,0.162,0.249,0.311,0.266,Low_SNR,Low_SNR,0.147,0.147,Low_SNR,0.107,0.237,0.110,0.22
1432,0.246,0.151,0.116,0.166,0.173,0.145,0.207,0.198,0.103,0.097,0.090,0.158,0.242,0.313,0.270,Low_SNR,Low_SNR,0.137,0.151,Low_SNR,0.091,0.241,0.138,0.22
1433,0.259,0.182,0.130,0.165,0.161,0.122,0.202,0.200,0.101,0.089,0.091,0.147,0.247,0.311,0.267,Low_SNR,Low_SNR,0.137,0.150,Low_SNR,0.105,0.231,0.131,0.22
1434,0.246,0.155,0.117,0.164,0.164,0.138,0.205,0.198,0.111,0.100,0.096,0.157,0.238,0.302,0.276,Low_SNR,Low_SNR,0.145,0.148,Low_SNR,0.104,0.240,0.121,0.21
1435,0.255,0.184,0.120,0.163,0.162,0.136,0.202,0.197,0.103,0.087,0.092,0.144,0.249,0.309,0.264,Low_SNR,Low_SNR,0.132,0.152,Low_SNR,0.103,0.235,0.126,0.22
1436,0.254,0.184,0.117,0.161,0.162,0.146,0.204,0.198,0.100,0.087,0.085,0.155,0.253,0.315,0.265,Low_SNR,Low_SNR,0.130,0.143,Low_SNR,0.098,0.235,0.114,0.24
1437,0.250,0.151,0.121,0.164,0.162,0.130,0.201,0.197,0.112,0.091,0.094,0.145,0.245,0.304,0.272,Low_SNR,Low_SNR,0.139,0.152,Low_SNR,0.112,0.238,0.138,0.24
1438,0.250,0.154,0.120,0.160,0.156,0.140,0.205,0.195,0.108,0.093,0.090,0.155,0.245,0.309,0.266,Low_SNR,Low_SNR,0.140,0.145,Low_SNR,0.098,0.242,0.105,0.23
1439,0.247,0.168,0.127,0.166,0.170,0.139,0.204,0.200,0.108,0.093,0.082,0.137,0.237,0.299,0.279,Low_SNR,Low_SNR,0.120,0.150,Low_SNR,0.107,0.242,0.122,0.23
1440,0.249,0.157,0.118,0.167,0.165,0.141,0.204,0.199,0.113,0.089,0.092,0.154,0.244,0.303,0.286,Low_SNR,Low_SNR,0.139,0.147,Low_SNR,0.105,0.243,0.128,0.23
1441,0.249,0.156,0.128,0.167,0.166,0.139,0.206,0.200,0.111,0.096,0.095,0.152,0.243,0.303,0.275,Low_SNR,Low_SNR,0.146,0.152,Low_SNR,0.112,0.242,0.126,0.22
1442,0.252,0.183,0.135,0.169,0.164,0.130,0.202,0.201,0.111,0.103,0.096,0.154,0.248,0.302,0.269,Low_SNR,Low_SNR,0.140,0.149,Low_SNR,0.109,0.238,0.126,0.22
1443,0.251,0.179,0.129,0.170,0.167,0.143,0.205,0.203,0.108,0.096,0.094,0.161,0.244,0.301,0.263,Low_SNR,Low_SNR,0.132,0.153,Low_SNR,0.107,0.240,0.133,0.22
1444,0.246,0.147,0.118,0.162,0.158,0.130,0.199,0.194,0.111,0.092,0.088,0.161,0.246,0.304,0.283,Low_SNR,Low_SNR,0.138,0.147,Low_SNR,0.110,0.238,0.147,0.24
1445,0.245,0.145,0.115,0.158,0.155,0.111,0.200,0.192,0.110,0.099,0.095,0.152,0.244,0.301,0.281,Low_SNR,Low_SNR,0.147,0.150,Low_SNR,0.107,0.240,0.118,0.22
1446,0.255,0.170,0.122,0.162,0.160,0.134,0.204,0.197,0.103,0.083,0.088,0.155,0.251,0.304,0.270,Low_SNR,Low_SNR,0.125,0.148,Low_SNR,0.099,0.240,0.131,0.23
1447,0.252,0.175,0.134,0.169,0.170,0.147,0.201,0.201,0.098,0.093,0.090,0.138,0.243,0.305,0.274,Low_SNR,Low_SNR,0.129,0.152,Low_SNR,0.095,0.230,0.129,0.23
1448,0.253,0.178,0.124,0.168,0.167,0.142,0.207,0.200,0.099,0.091,0.089,0.149,0.246,0.308,0.270,Low_SNR,Low_SNR,0.135,0.148,Low_SNR,0.103,0.244,0.147,0.22
1449,0.251,0.172,0.122,0.164,0.161,0.120,0.200,0.197,0.119,0.096,0.094,0.157,0.246,0.314,0.271,Low_SNR,Low_SNR,0.133,0.149,Low_SNR,0.110,0.237,0.116,0.22
1450,0.248,0.168,0.122,0.167,0.163,0.130,0.199,0.197,0.112,0.098,0.092,0.149,0.240,0.312,0.274,Low_SNR,Low_SNR,0.136,0.153,Low_SNR,0.104,0.228,0.135,0.23
1451,0.252,0.186,0.121,0.161,0.155,0.122,0.199,0.196,0.097,0.087,0.087,0.151,0.244,0.311,0.274,Low_SNR,Low_SNR,0.129,0.146,Low_SNR,0.103,0.237,0.132,0.21
1452,0.249,0.167,0.122,0.164,0.162,0.132,0.206,0.200,0.107,0.089,0.089,0.151,0.244,0.309,0.268,Low_SNR,Low_SNR,0.137,0.150,Low_SNR,0.107,0.241,0.125,0.22
1453,0.253,0.170,0.120,0.161,0.155,0.123,0.198,0.195,0.106,0.090,0.087,0.151,0.246,0.316,0.266,Low_SNR,Low_SNR,0.127,0.144,Low_SNR,0.104,0.234,0.134,0.22
1454,0.251,0.181,0.125,0.165,0.167,0.135,0.202,0.200,0.102,0.093,0.096,0.155,0.248,0.309,0.265,Low_SNR,Low_SNR,0.132,0.151,Low_SNR,0.107,0.231,0.129,0.22
1455,0.250,0.171,0.120,0.165,0.164,0.135,0.204,0.198,0.107,0.091,0.090,0.165,0.248,0.311,0.262,Low_SNR,Low_SNR,0.136,0.151,Low_SNR,0.100,0.239,0.119,0.23
1456,0.249,0.161,0.123,0.163,0.160,0.130,0.201,0.197,0.109,0.098,0.096,0.154,0.249,0.311,0.268,Low_SNR,Low_SNR,0.142,0.150,Low_SNR,0.107,0.239,0.133,0.22
1457,0.244,0.144,0.107,0.158,0.149,Low_SNR,0.195,0.189,0.109,0.091,0.089,0.139,0.245,0.313,0.279,Low_SNR,Low_SNR,0.131,0.140,Low_SNR,0.106,0.238,0.144,0.22
1458,0.249,0.168,0.131,0.165,0.162,0.116,0.205,0.198,0.103,0.091,0.095,0.138,0.240,0.302,0.277,Low_SNR,Low_SNR,0.130,0.151,Low_SNR,0.116,0.242,0.126,0.22
1459,0.243,0.153,0.123,0.162,0.157,0.146,0.202,0.196,0.098,0.090,0.085,0.146,0.238,0.306,0.276,Low_SNR,Low_SNR,0.132,0.141,Low_SNR,0.094,0.233,0.120,0.23
1460,0.253,0.183,0.130,0.168,0.166,0.135,0.200,0.201,0.102,0.096,0.096,0.156,0.246,0.311,0.259,Low_SNR,0.000,0.135,0.158,Low_SNR,0.106,0.233,0.119,0.23
1461,0.242,0.160,0.106,0.154,0.150,0.125,0.203,0.190,0.080,0.090,0.078,0.148,0.238,0.313,0.301,Low_SNR,Low_SNR,0.114,0.129,Low_SNR,0.092,0.245,0.131,0.23
1462,0.249,0.177,0.129,0.172,0.166,0.131,0.205,0.203,0.103,0.100,0.094,0.147,0.237,0.301,0.271,0.000,Low_SNR,0.138,0.155,Low_SNR,0.111,0.245,0.132,0.23
1463,0.247,0.156,0.114,0.160,0.162,0.134,0.205,0.196,0.104,0.111,0.091,0.152,0.238,0.305,0.284,Low_SNR,Low_SNR,0.135,0.144,Low_SNR,0.099,0.239,0.118,0.24
1464,0.250,0.185,0.121,0.159,0.161,0.133,0.204,0.198,0.098,0.087,0.088,0.143,0.245,0.300,0.282,Low_SNR,Low_SNR,0.128,0.145,Low_SNR,0.103,0.237,0.124,0.22
1465,0.251,0.178,0.133,0.169,0.163,0.131,0.206,0.202,0.106,0.096,0.094,0.145,0.247,0.306,0.271,Low_SNR,Low_SNR,0.143,0.150,Low_SNR,0.109,0.241,0.130,0.24
1466,0.256,0.214,0.137,0.164,0.159,0.150,0.207,0.203,0.095,0.086,0.087,0.137,0.247,0.306,0.271,Low_SNR,Low_SNR,0.108,0.137,Low_SNR,0.094,0.232,0.127,0.22
1467,0.249,0.147,0.119,0.165,0.164,0.127,0.202,0.196,0.118,0.097,0.102,0.170,0.255,0.308,0.265,Low_SNR,Low_SNR,0.145,0.164,Low_SNR,0.113,0.240,0.147,0.23
1468,0.249,0.174,0.125,0.164,0.158,0.138,0.205,0.199,0.107,0.085,0.093,0.152,0.247,0.304,0.274,Low_SNR,Low_SNR,0.127,0.150,Low_SNR,0.101,0.240,0.122,0.22
1469,0.249,0.165,0.121,0.160,0.161,0.132,0.204,0.196,0.103,0.084,0.087,0.149,0.244,0.309,0.276,Low_SNR,Low_SNR,0.122,0.143,Low_SNR,0.100,0.239,0.130,0.22
1470,0.253,0.176,0.127,0.167,0.163,0.136,0.205,0.200,0.097,0.097,0.094,0.160,0.246,0.302,0.269,Low_SNR,Low_SNR,0.137,0.153,Low_SNR,0.105,0.238,0.129,0.22
1471,0.247,0.166,0.113,0.161,0.157,0.129,0.202,0.196,0.113,0.091,0.092,0.149,0.241,0.307,0.276,Low_SNR,Low_SNR,0.131,0.143,Low_SNR,0.109,0.237,0.148,0.24
1472,0.254,0.189,0.131,0.169,0.167,0.139,0.207,0.206,0.099,0.093,0.092,0.158,0.249,0.302,0.263,Low_SNR,Low_SNR,0.133,0.153,Low_SNR,0.109,0.246,0.125,0.23
1473,0.255,0.195,0.132,0.160,0.136,Low_SNR,0.202,0.195,0.114,0.085,0.088,0.162,0.249,0.306,0.274,Low_SNR,Low_SNR,0.127,0.142,0.061,0.121,0.243,0.145,0.24
1474,0.245,0.136,0.113,0.160,0.157,0.126,0.209,0.194,0.115,0.091,0.089,0.160,0.244,0.303,0.272,Low_SNR,Low_SNR,0.137,0.156,Low_SNR,0.103,0.244,0.112,0.22
1475,0.256,0.216,0.130,0.168,0.161,0.130,0.202,0.204,0.106,0.091,0.095,0.144,0.248,0.305,0.261,Low_SNR,Low_SNR,0.122,0.156,Low_SNR,0.101,0.240,0.130,0.23
1476,0.255,0.188,0.126,0.168,0.164,0.106,0.197,0.200,0.109,0.097,0.098,0.162,0.250,0.301,0.266,Low_SNR,Low_SNR,0.146,0.150,Low_SNR,0.114,0.236,0.156,0.22
1477,0.253,0.182,0.124,0.168,0.166,0.143,0.198,0.200,0.105,0.100,0.094,0.157,0.247,0.307,0.270,Low_SNR,Low_SNR,0.148,0.159,Low_SNR,0.113,0.231,0.166,0.22
1478,0.247,0.135,0.132,0.174,0.170,0.152,0.207,0.202,0.119,0.103,0.101,0.181,0.248,0.300,0.273,Low_SNR,Low_SNR,0.152,0.158,Low_SNR,0.113,0.242,0.152,0.22
1479,0.240,0.132,0.118,0.162,0.160,Low_SNR,0.206,0.192,0.115,0.093,0.095,0.163,0.234,0.301,0.280,Low_SNR,Low_SNR,0.139,0.156,Low_SNR,0.104,0.235,0.124,0.22
1480,0.253,0.210,0.130,0.166,0.164,0.162,0.206,0.204,0.081,0.087,0.084,0.141,0.243,0.298,0.268,Low_SNR,Low_SNR,0.125,0.142,Low_SNR,0.086,0.236,0.112,0.23
1481,0.253,0.192,0.124,0.161,0.157,0.149,0.205,0.199,0.099,0.091,0.086,0.144,0.243,0.299,0.275,Low_SNR,Low_SNR,0.128,0.147,Low_SNR,0.098,0.240,0.129,0.22
1482,0.258,0.206,0.118,0.166,0.167,0.150,0.204,0.203,0.103,0.090,0.090,0.131,0.247,0.297,0.263,Low_SNR,Low_SNR,0.129,0.147,Low_SNR,0.095,0.236,0.126,0.21
1483,0.248,0.159,0.121,0.167,0.167,0.164,0.211,0.203,0.108,0.093,0.091,0.147,0.243,0.295,0.269,Low_SNR,Low_SNR,0.142,0.142,Low_SNR,0.103,0.247,0.101,0.23
1484,0.252,0.180,0.116,0.163,0.165,0.131,0.201,0.198,0.092,0.085,0.081,0.141,0.242,0.301,0.277,Low_SNR,Low_SNR,0.137,0.146,Low_SNR,0.094,0.238,0.150,0.23
1485,0.254,0.189,0.129,0.165,0.163,0.115,0.203,0.199,0.090,0.087,0.084,0.153,0.247,0.299,0.265,Low_SNR,Low_SNR,0.135,0.147,Low_SNR,0.100,0.238,0.105,0.23
1486,0.243,0.150,0.113,0.155,0.142,0.097,0.205,0.189,0.099,0.091,0.085,0.152,0.243,0.302,0.281,Low_SNR,Low_SNR,0.134,0.143,Low_SNR,0.105,0.243,0.096,0.22
1487,0.248,0.174,0.113,0.157,0.153,0.142,0.202,0.194,0.105,0.089,0.084,0.133,0.234,0.301,0.279,Low_SNR,Low_SNR,0.125,0.138,Low_SNR,0.100,0.240,0.098,0.23
1488,0.244,0.145,0.120,0.159,0.154,0.120,0.200,0.192,0.112,0.089,0.089,0.161,0.246,0.308,0.281,Low_SNR,Low_SNR,0.124,0.141,Low_SNR,0.105,0.237,0.138,0.23
1489,0.254,0.189,0.119,0.162,0.161,0.116,0.202,0.199,0.103,0.088,0.093,0.144,0.246,0.305,0.274,Low_SNR,Low_SNR,0.130,0.154,Low_SNR,0.105,0.234,0.140,0.22
1490,0.250,0.150,0.120,0.164,0.159,0.120,0.205,0.197,0.120,0.101,0.097,0.162,0.247,0.303,0.274,Low_SNR,Low_SNR,0.154,0.153,Low_SNR,0.111,0.244,0.155,0.22
1491,0.249,0.175,0.127,0.166,0.154,0.143,0.206,0.198,0.106,0.088,0.087,0.151,0.244,0.301,0.276,Low_SNR,Low_SNR,0.126,0.148,Low_SNR,0.095,0.242,0.111,0.23
1492,0.244,0.168,0.124,0.168,0.169,0.185,0.209,0.203,0.106,0.087,0.086,0.159,0.239,0.301,0.279,Low_SNR,Low_SNR,0.125,0.139,Low_SNR,0.100,0.240,0.108,0.23
1493,0.252,0.197,0.132,0.170,0.168,0.147,0.202,0.204,0.090,0.090,0.090,0.153,0.245,0.298,0.270,Low_SNR,0.000,0.132,0.157,Low_SNR,0.097,0.233,0.129,0.24
1494,0.247,0.148,0.128,0.166,0.156,0.068,0.194,0.193,0.125,0.102,0.098,0.171,0.247,0.301,0.275,Low_SNR,Low_SNR,0.144,0.150,Low_SNR,0.128,0.232,0.149,0.23
1495,0.250,0.187,0.125,0.168,0.169,0.157,0.208,0.204,0.107,0.094,0.090,0.155,0.246,0.300,0.265,Low_SNR,Low_SNR,0.143,0.152,Low_SNR,0.097,0.237,0.138,0.21
1496,0.252,0.161,0.123,0.169,0.171,0.168,0.206,0.201,0.110,0.096,0.094,0.156,0.247,0.299,0.266,Low_SNR,Low_SNR,0.140,0.154,Low_SNR,0.106,0.241,0.139,0.22
1497,0.254,0.184,0.118,0.163,0.162,0.101,0.201,0.197,0.098,0.091,0.095,0.146,0.247,0.304,0.266,Low_SNR,Low_SNR,0.130,0.155,Low_SNR,0.100,0.233,0.106,0.20
1498,0.245,0.146,0.121,0.169,0.167,0.151,0.208,0.200,0.110,0.099,0.094,0.156,0.240,0.294,0.273,Low_SNR,Low_SNR,0.148,0.155,Low_SNR,0.110,0.242,0.145,0.23
1499,0.247,0.161,0.120,0.164,0.164,0.128,0.200,0.196,0.112,0.090,0.093,0.153,0.247,0.307,0.277,Low_SNR,Low_SNR,0.134,0.154,0.013,0.106,0.228,0.144,0.23
1500,0.251,0.184,0.128,0.164,0.162,0.138,0.204,0.201,0.100,0.085,0.081,0.147,0.243,0.297,0.273,Low_SNR,Low_SNR,0.133,0.132,Low_SNR,0.098,0.228,0.135,0.22
1501,0.247,0.163,0.121,0.164,0.160,0.159,0.208,0.199,0.105,0.089,0.088,0.160,0.244,0.297,0.274,Low_SNR,Low_SNR,0.125,0.143,Low_SNR,0.103,0.237,0.112,0.22
1502,0.252,0.169,0.120,0.164,0.162,0.119,0.202,0.197,0.116,0.093,0.092,0.157,0.252,0.300,0.261,Low_SNR,Low_SNR,0.139,0.155,Low_SNR,0.112,0.238,0.140,0.22
1503,0.251,0.162,0.116,0.162,0.157,0.102,0.205,0.196,0.112,0.095,0.091,0.156,0.242,0.293,0.272,Low_SNR,Low_SNR,0.139,0.153,Low_SNR,0.107,0.236,0.109,0.23
1504,0.252,0.180,0.120,0.161,0.159,0.128,0.201,0.198,0.101,0.089,0.088,0.145,0.250,0.305,0.268,Low_SNR,Low_SNR,0.132,0.150,Low_SNR,0.100,0.235,0.135,0.21
1505,0.251,0.194,0.125,0.163,0.156,0.121,0.206,0.200,0.096,0.086,0.085,0.148,0.243,0.298,0.271,Low_SNR,Low_SNR,0.125,0.147,Low_SNR,0.092,0.242,0.121,0.21
1506,0.253,0.181,0.123,0.167,0.165,0.144,0.205,0.202,0.101,0.092,0.094,0.151,0.244,0.299,0.263,Low_SNR,Low_SNR,0.127,0.147,Low_SNR,0.104,0.235,0.136,0.23
1507,0.252,0.182,0.128,0.169,0.162,0.118,0.206,0.201,0.105,0.095,0.093,0.161,0.244,0.301,0.269,Low_SNR,Low_SNR,0.143,0.149,Low_SNR,0.111,0.240,0.120,0.23
1508,0.248,0.174,0.128,0.168,0.162,0.142,0.207,0.203,0.107,0.093,0.088,0.166,0.246,0.291,0.267,Low_SNR,Low_SNR,0.140,0.150,Low_SNR,0.108,0.241,0.124,0.21
1509,0.248,0.179,0.120,0.160,0.152,0.109,0.203,0.196,0.107,0.087,0.083,0.158,0.245,0.293,0.277,Low_SNR,Low_SNR,0.127,0.144,Low_SNR,0.098,0.241,0.118,0.23
1510,0.251,0.172,0.128,0.169,0.164,0.131,0.203,0.203,0.100,0.096,0.097,0.156,0.246,0.297,0.270,Low_SNR,Low_SNR,0.137,0.160,Low_SNR,0.105,0.240,0.147,0.23
1511,0.250,0.192,0.121,0.165,0.162,0.138,0.208,0.200,0.107,0.088,0.092,0.144,0.239,0.295,0.266,Low_SNR,Low_SNR,0.126,0.144,Low_SNR,0.096,0.240,0.104,0.22
1512,0.246,0.170,0.127,0.167,0.167,0.148,0.206,0.202,0.106,0.092,0.093,0.153,0.244,0.292,0.275,Low_SNR,Low_SNR,0.133,0.158,Low_SNR,0.101,0.237,0.147,0.22
1513,0.259,0.218,0.132,0.168,0.163,0.134,0.203,0.206,0.093,0.090,0.089,0.146,0.246,0.294,0.264,Low_SNR,Low_SNR,0.124,0.144,Low_SNR,0.107,0.232,0.126,0.22
1514,0.251,0.175,0.120,0.163,0.154,0.121,0.206,0.199,0.113,0.091,0.087,0.147,0.246,0.293,0.271,Low_SNR,Low_SNR,0.134,0.142,Low_SNR,0.104,0.240,0.118,0.22
1515,0.248,0.155,0.114,0.163,0.161,0.135,0.207,0.194,0.097,0.090,0.086,0.142,0.238,0.299,0.279,Low_SNR,Low_SNR,0.134,0.148,Low_SNR,0.104,0.241,0.118,0.23
1516,0.245,0.168,0.123,0.162,0.163,0.152,0.204,0.198,0.100,0.083,0.082,0.158,0.242,0.300,0.273,Low_SNR,Low_SNR,0.126,0.138,Low_SNR,0.094,0.239,0.112,0.22
1517,0.250,0.171,0.133,0.173,0.173,0.152,0.209,0.206,0.103,0.096,0.090,0.171,0.245,0.291,0.268,Low_SNR,Low_SNR,0.134,0.152,0.014,0.102,0.239,0.148,0.23
1518,0.249,0.174,0.122,0.163,0.162,0.139,0.208,0.201,0.111,0.087,0.084,0.149,0.236,0.295,0.277,Low_SNR,Low_SNR,0.125,0.135,Low_SNR,0.108,0.240,0.098,0.22
1519,0.251,Low_SNR,Low_SNR,0.152,Low_SNR,Low_SNR,0.204,0.197,Low_SNR,Low_SNR,Low_SNR,0.199,0.255,0.309,0.276,Low_SNR,Low_SNR,Low_SNR,Low_SNR,Low_SNR,Low_SNR,0.260,Low_SNR,0.24
1520,0.251,0.177,0.118,0.163,0.160,0.117,0.200,0.197,0.103,0.091,0.087,0.158,0.250,0.304,0.269,Low_SNR,Low_SNR,0.140,0.152,Low_SNR,0.105,0.239,0.145,0.22
1521,0.249,0.172,0.119,0.159,0.149,0.144,0.209,0.198,0.094,0.085,0.082,0.141,0.239,0.296,0.283,Low_SNR,Low_SNR,0.131,0.134,Low_SNR,0.088,0.245,0.114,0.22
1522,0.247,0.160,0.118,0.160,0.153,0.133,0.208,0.197,0.098,0.084,0.081,0.154,0.250,0.300,0.279,Low_SNR,Low_SNR,0.130,0.141,Low_SNR,0.101,0.241,0.115,0.22
1523,0.251,0.184,0.130,0.169,0.166,0.127,0.200,0.202,0.108,0.091,0.093,0.164,0.247,0.297,0.259,Low_SNR,Low_SNR,0.134,0.151,Low_SNR,0.108,0.238,0.132,0.22
1524,0.247,0.151,0.118,0.163,0.165,0.128,0.208,0.197,0.111,0.090,0.090,0.159,0.246,0.299,0.277,Low_SNR,Low_SNR,0.131,0.155,Low_SNR,0.098,0.246,0.128,0.24
1525,0.250,0.172,0.125,0.165,0.160,0.117,0.201,0.199,0.106,0.093,0.090,0.160,0.246,0.294,0.269,Low_SNR,Low_SNR,0.134,0.148,Low_SNR,0.109,0.242,0.128,0.23
1526,0.244,0.148,0.126,0.168,0.168,0.140,0.205,0.204,0.110,0.100,0.097,0.162,0.242,0.294,0.270,Low_SNR,Low_SNR,0.145,0.151,Low_SNR,0.113,0.234,0.132,0.22
1526,0.249,0.166,0.113,0.163,0.160,0.130,0.204,0.199,0.101,0.089,0.091,0.153,0.244,0.297,0.278,Low_SNR,Low_SNR,0.129,0.158,Low_SNR,0.107,0.240,0.148,0.23
1527,0.250,0.157,0.131,0.174,0.167,0.135,0.211,0.206,0.117,0.103,0.102,0.179,0.254,0.296,0.259,Low_SNR,Low_SNR,0.152,0.157,Low_SNR,0.113,0.240,0.126,0.23
1528,0.250,0.166,0.119,0.162,0.152,0.127,0.210,0.198,0.106,0.095,0.091,0.163,0.243,0.296,0.273,Low_SNR,Low_SNR,0.138,0.144,Low_SNR,0.100,0.236,0.112,0.21
1529,0.246,0.161,0.115,0.157,0.150,0.127,0.203,0.196,0.102,0.088,0.085,0.151,0.242,0.297,0.275,Low_SNR,Low_SNR,0.136,0.137,Low_SNR,0.103,0.240,0.116,0.23
1530,0.251,0.179,0.121,0.164,0.161,0.139,0.207,0.202,0.100,0.089,0.083,0.148,0.243,0.294,0.272,Low_SNR,Low_SNR,0.139,0.149,Low_SNR,0.099,0.244,0.136,0.23
1531,0.247,0.173,0.122,0.164,0.159,0.141,0.205,0.200,0.109,0.089,0.087,0.159,0.246,0.297,0.279,Low_SNR,Low_SNR,0.133,0.143,Low_SNR,0.102,0.238,0.129,0.23
1532,0.248,0.151,0.115,0.166,0.168,0.138,0.207,0.199,0.114,0.094,0.091,0.152,0.241,0.297,0.274,0.001,0.000,0.131,0.151,Low_SNR,0.115,0.239,0.142,0.22
1533,0.250,0.185,0.116,0.160,0.158,0.140,0.203,0.200,0.093,0.086,0.082,0.131,0.248,0.303,0.266,Low_SNR,Low_SNR,0.128,0.137,Low_SNR,0.098,0.233,0.115,0.23
1534,0.258,0.208,0.130,0.166,0.157,0.118,0.201,0.205,0.100,0.093,0.090,0.145,0.248,0.300,0.258,Low_SNR,Low_SNR,0.123,0.151,Low_SNR,0.106,0.238,0.129,0.23
1535,0.245,0.162,0.107,0.156,0.147,0.131,0.203,0.193,0.099,0.085,0.087,0.155,0.242,0.292,0.285,Low_SNR,Low_SNR,0.124,0.137,Low_SNR,0.099,0.233,0.119,0.22
1536,0.250,0.191,0.124,0.162,0.154,0.125,0.202,0.198,0.089,0.088,0.083,0.136,0.237,0.288,0.282,Low_SNR,Low_SNR,0.130,0.139,Low_SNR,0.087,0.236,0.129,0.22
1537,0.254,0.180,0.123,0.169,0.166,0.140,0.203,0.204,0.104,0.097,0.092,0.163,0.255,0.293,0.258,Low_SNR,Low_SNR,0.136,0.151,Low_SNR,0.107,0.243,0.140,0.23
1538,0.251,0.162,0.117,0.165,0.163,0.145,0.209,0.202,0.107,0.096,0.094,0.158,0.244,0.294,0.261,Low_SNR,Low_SNR,0.139,0.151,Low_SNR,0.099,0.247,0.109,0.23
1539,0.250,0.174,0.125,0.167,0.164,0.123,0.204,0.200,0.101,0.087,0.090,0.163,0.239,0.295,0.276,Low_SNR,Low_SNR,0.130,0.153,Low_SNR,0.102,0.236,0.134,0.22
1540,0.248,0.152,0.119,0.170,0.170,0.153,0.207,0.203,0.119,0.098,0.096,0.166,0.249,0.298,0.251,Low_SNR,Low_SNR,0.143,0.157,Low_SNR,0.121,0.241,0.144,0.22
1541,0.253,0.181,0.115,0.161,0.154,0.117,0.199,0.198,0.101,0.090,0.087,0.144,0.244,0.296,0.271,Low_SNR,0.001,0.124,0.145,Low_SNR,0.110,0.237,0.126,0.23
1542,0.253,0.188,0.118,0.162,0.154,0.123,0.200,0.200,0.095,0.087,0.085,0.157,0.243,0.294,0.271,Low_SNR,Low_SNR,0.123,0.143,Low_SNR,0.106,0.232,0.132,0.23
1543,0.250,0.185,0.129,0.170,0.164,0.146,0.203,0.205,0.105,0.094,0.092,0.156,0.241,0.293,0.262,Low_SNR,Low_SNR,0.138,0.148,Low_SNR,0.101,0.234,0.137,0.23
1544,0.253,0.185,0.125,0.167,0.165,0.152,0.209,0.205,0.110,0.095,0.090,0.159,0.248,0.292,0.263,Low_SNR,Low_SNR,0.132,0.146,Low_SNR,0.108,0.244,0.121,0.22
1545,0.257,0.192,0.124,0.167,0.162,0.138,0.204,0.204,0.100,0.097,0.090,0.149,0.247,0.293,0.263,Low_SNR,Low_SNR,0.140,0.144,Low_SNR,0.106,0.240,0.126,0.21
1546,0.248,0.160,0.116,0.162,0.160,0.144,0.205,0.198,0.103,0.091,0.089,0.160,0.240,0.291,0.270,Low_SNR,Low_SNR,0.134,0.148,Low_SNR,0.101,0.241,0.125,0.23
1547,0.247,0.152,0.127,0.170,0.166,0.145,0.208,0.205,0.122,0.106,0.099,0.170,0.247,0.292,0.264,Low_SNR,Low_SNR,0.138,0.151,Low_SNR,0.112,0.240,0.110,0.22
1548,0.247,0.151,0.117,0.165,0.162,0.134,0.204,0.199,0.110,0.092,0.091,0.142,0.244,0.293,0.266,Low_SNR,Low_SNR,0.140,0.149,Low_SNR,0.103,0.242,0.135,0.22
1549,0.254,0.190,0.130,0.167,0.158,0.119,0.203,0.203,0.112,0.091,0.090,0.150,0.249,0.294,0.266,Low_SNR,Low_SNR,0.134,0.140,Low_SNR,0.108,0.234,0.127,0.24
1550,0.249,0.177,0.128,0.166,0.158,0.136,0.202,0.201,0.098,0.095,0.091,0.157,0.246,0.300,0.272,Low_SNR,Low_SNR,0.136,0.144,Low_SNR,0.097,0.235,0.129,0.23
1551,0.248,0.165,0.122,0.165,0.157,0.120,0.205,0.197,0.100,0.092,0.090,0.153,0.244,0.292,0.281,Low_SNR,Low_SNR,0.138,0.149,Low_SNR,0.104,0.235,0.148,0.22
1552,0.253,0.184,0.124,0.170,0.166,0.137,0.206,0.205,0.109,0.097,0.094,0.148,0.251,0.288,0.260,Low_SNR,Low_SNR,0.135,0.155,Low_SNR,0.114,0.243,0.128,0.22
1553,0.252,0.188,0.116,0.157,0.149,0.127,0.201,0.198,0.095,0.080,0.084,0.149,0.249,0.292,0.279,Low_SNR,Low_SNR,0.118,0.136,Low_SNR,0.090,0.233,0.129,0.23
1554,0.246,0.155,0.123,0.168,0.162,0.132,0.208,0.201,0.119,0.098,0.095,0.173,0.245,0.287,0.276,Low_SNR,Low_SNR,0.144,0.147,Low_SNR,0.114,0.243,0.135,0.24
1555,0.255,0.193,0.121,0.165,0.160,0.129,0.204,0.202,0.099,0.089,0.088,0.144,0.249,0.290,0.264,Low_SNR,Low_SNR,0.129,0.146,Low_SNR,0.103,0.236,0.131,0.23
1556,0.248,0.179,0.120,0.164,0.164,0.134,0.203,0.202,0.096,0.092,0.088,0.148,0.242,0.290,0.275,Low_SNR,Low_SNR,0.136,0.146,Low_SNR,0.106,0.233,0.133,0.23
1557,0.244,0.157,0.117,0.163,0.161,0.130,0.205,0.199,0.117,0.094,0.091,0.156,0.241,0.291,0.279,Low_SNR,Low_SNR,0.140,0.144,Low_SNR,0.106,0.240,0.124,0.23
1558,0.252,0.177,0.132,0.171,0.166,0.143,0.207,0.207,0.116,0.099,0.097,0.157,0.243,0.289,0.266,Low_SNR,Low_SNR,0.140,0.152,Low_SNR,0.111,0.247,0.134,0.23
1559,0.251,0.187,0.118,0.160,0.155,0.126,0.204,0.200,0.100,0.086,0.084,0.146,0.245,0.291,0.272,Low_SNR,Low_SNR,0.119,0.139,Low_SNR,0.095,0.236,0.122,0.23
1560,0.249,0.170,0.121,0.164,0.163,0.134,0.206,0.200,0.099,0.088,0.089,0.157,0.244,0.295,0.272,Low_SNR,Low_SNR,0.131,0.147,Low_SNR,0.101,0.239,0.127,0.21
1561,0.250,0.179,0.124,0.166,0.163,0.140,0.205,0.203,0.107,0.091,0.091,0.163,0.241,0.290,0.270,Low_SNR,Low_SNR,0.132,0.149,Low_SNR,0.103,0.239,0.132,0.23
1562,0.252,0.175,0.127,0.168,0.165,0.140,0.206,0.203,0.110,0.097,0.095,0.148,0.240,0.294,0.267,Low_SNR,Low_SNR,0.135,0.152,Low_SNR,0.107,0.240,0.135,0.24
1563,0.248,0.168,0.122,0.166,0.161,0.137,0.206,0.199,0.109,0.099,0.097,0.154,0.238,0.295,0.277,Low_SNR,Low_SNR,0.135,0.145,Low_SNR,0.104,0.236,0.129,0.22
1564,0.246,0.165,0.114,0.162,0.156,0.131,0.203,0.198,0.100,0.088,0.085,0.151,0.242,0.290,0.277,Low_SNR,Low_SNR,0.129,0.144,Low_SNR,0.098,0.235,0.123,0.22
1565,0.251,0.181,0.130,0.167,0.162,0.135,0.203,0.206,0.100,0.094,0.096,0.151,0.240,0.290,0.272,Low_SNR,Low_SNR,0.128,0.151,Low_SNR,0.102,0.240,0.132,0.24
1566,0.247,0.166,0.114,0.160,0.156,0.131,0.204,0.199,0.100,0.087,0.083,0.151,0.240,0.292,0.276,Low_SNR,Low_SNR,0.129,0.146,Low_SNR,0.097,0.238,0.128,0.22
1567,0.249,0.169,0.120,0.167,0.163,0.137,0.206,0.204,0.117,0.097,0.095,0.160,0.244,0.292,0.268,Low_SNR,Low_SNR,0.141,0.151,Low_SNR,0.110,0.240,0.134,0.24
1568,0.247,0.172,0.119,0.164,0.161,0.127,0.205,0.199,0.098,0.090,0.090,0.145,0.239,0.281,0.278,Low_SNR,Low_SNR,0.131,0.147,Low_SNR,0.101,0.239,0.124,0.22
1569,0.253,0.175,0.127,0.172,0.166,0.138,0.206,0.207,0.123,0.102,0.099,0.160,0.257,0.294,0.259,Low_SNR,Low_SNR,0.145,0.153,Low_SNR,0.108,0.238,0.134,0.24
1570,0.248,0.164,0.118,0.165,0.162,0.135,0.203,0.200,0.103,0.094,0.092,0.161,0.246,0.292,0.272,Low_SNR,Low_SNR,0.133,0.149,Low_SNR,0.107,0.235,0.128,0.23
1571,0.257,0.188,0.135,0.174,0.166,0.135,0.204,0.208,0.110,0.097,0.098,0.160,0.254,0.297,0.254,Low_SNR,Low_SNR,0.139,0.153,Low_SNR,0.107,0.239,0.134,0.22
1572,0.247,0.160,0.114,0.161,0.156,0.131,0.206,0.198,0.108,0.089,0.091,0.154,0.242,0.296,0.280,Low_SNR,Low_SNR,0.132,0.145,Low_SNR,0.103,0.236,0.126,0.22
1573,0.247,0.167,0.119,0.163,0.159,0.134,0.203,0.200,0.103,0.092,0.091,0.155,0.242,0.293,0.268,0.000,Low_SNR,0.136,0.146,Low_SNR,0.101,0.236,0.127,0.23
1574,0.249,0.172,0.123,0.166,0.161,0.134,0.206,0.199,0.100,0.091,0.087,0.152,0.245,0.292,0.276,Low_SNR,Low_SNR,0.133,0.145,Low_SNR,0.102,0.236,0.125,0.24
1575,0.251,0.175,0.125,0.171,0.168,0.137,0.208,0.205,0.108,0.100,0.096,0.155,0.246,0.294,0.265,Low_SNR,Low_SNR,0.146,0.153,Low_SNR,0.113,0.242,0.135,0.22
1576,0.250,0.169,0.121,0.168,0.165,0.138,0.206,0.200,0.108,0.094,0.096,0.159,0.247,0.295,0.269,Low_SNR,Low_SNR,0.137,0.152,Low_SNR,0.104,0.239,0.131,0.23
1577,0.251,0.175,0.120,0.163,0.160,0.129,0.205,0.199,0.103,0.086,0.084,0.152,0.244,0.290,0.273,Low_SNR,Low_SNR,0.123,0.145,Low_SNR,0.098,0.238,0.126,0.22
1578,0.248,0.169,0.120,0.165,0.160,0.132,0.203,0.200,0.107,0.093,0.093,0.156,0.246,0.292,0.269,Low_SNR,Low_SNR,0.135,0.148,Low_SNR,0.102,0.238,0.130,0.23
1579,0.252,0.178,0.127,0.169,0.164,0.137,0.205,0.203,0.115,0.096,0.096,0.159,0.250,0.300,0.264,Low_SNR,Low_SNR,0.133,0.150,Low_SNR,0.111,0.238,0.133,0.22
1580,0.249,0.171,0.119,0.164,0.159,0.133,0.202,0.200,0.105,0.090,0.090,0.147,0.243,0.291,0.275,Low_SNR,Low_SNR,0.127,0.145,Low_SNR,0.102,0.237,0.126,0.23
1581,0.251,0.170,0.120,0.165,0.160,0.133,0.205,0.200,0.102,0.091,0.092,0.157,0.248,0.305,0.270,Low_SNR,Low_SNR,0.131,0.150,Low_SNR,0.100,0.240,0.129,0.21
1582,0.248,0.163,0.112,0.158,0.156,0.130,0.204,0.195,0.105,0.087,0.085,0.151,0.242,0.290,0.283,Low_SNR,Low_SNR,0.131,0.141,Low_SNR,0.102,0.235,0.125,0.23
1583,0.252,0.174,0.123,0.168,0.166,0.138,0.206,0.202,0.107,0.094,0.090,0.161,0.245,0.288,0.266,Low_SNR,Low_SNR,0.135,0.149,Low_SNR,0.102,0.240,0.130,0.23
1584,0.246,0.166,0.119,0.164,0.160,0.136,0.206,0.200,0.111,0.096,0.096,0.156,0.243,0.288,0.276,Low_SNR,0.000,0.138,0.149,Low_SNR,0.103,0.240,0.132,0.22
1585,0.249,0.170,0.120,0.163,0.157,0.130,0.203,0.197,0.112,0.088,0.088,0.155,0.246,0.293,0.272,Low_SNR,Low_SNR,0.128,0.145,Low_SNR,0.102,0.236,0.123,0.23
1586,0.247,0.170,0.121,0.165,0.161,0.132,0.203,0.200,0.102,0.092,0.088,0.159,0.243,0.289,0.268,Low_SNR,Low_SNR,0.136,0.144,Low_SNR,0.099,0.238,0.128,0.23
1587,0.254,0.180,0.129,0.173,0.167,0.138,0.208,0.206,0.119,0.097,0.097,0.161,0.249,0.293,0.264,Low_SNR,Low_SNR,0.140,0.151,Low_SNR,0.108,0.240,0.133,0.23
1588,0.249,0.168,0.120,0.163,0.162,0.136,0.206,0.200,0.104,0.088,0.090,0.155,0.243,0.290,0.269,Low_SNR,Low_SNR,0.133,0.149,0.010,0.099,0.238,0.129,0.22
1589,0.249,0.172,0.119,0.163,0.158,0.130,0.203,0.200,0.104,0.085,0.087,0.158,0.243,0.286,0.270,Low_SNR,Low_SNR,0.130,0.146,Low_SNR,0.102,0.237,0.127,0.21
1590,0.252,0.175,0.124,0.163,0.159,0.130,0.204,0.201,0.104,0.091,0.084,0.156,0.247,0.294,0.272,Low_SNR,Low_SNR,0.130,0.143,Low_SNR,0.098,0.235,0.124,0.22
1591,0.246,0.170,0.120,0.166,0.160,0.132,0.205,0.201,0.110,0.093,0.090,0.154,0.241,0.292,0.269,Low_SNR,Low_SNR,0.135,0.146,Low_SNR,0.103,0.235,0.129,0.22
1592,0.247,0.159,0.113,0.159,0.156,0.131,0.204,0.196,0.109,0.091,0.088,0.155,0.247,0.302,0.267,Low_SNR,Low_SNR,0.136,0.144,Low_SNR,0.106,0.240,0.126,0.21
1593,0.248,0.168,0.121,0.165,0.162,0.135,0.205,0.202,0.114,0.095,0.093,0.153,0.242,0.286,0.266,Low_SNR,Low_SNR,0.137,0.148,Low_SNR,0.103,0.239,0.131,0.23
1594,0.249,0.179,0.129,0.168,0.163,0.135,0.205,0.205,0.108,0.092,0.091,0.155,0.245,0.289,0.269,Low_SNR,Low_SNR,0.132,0.150,Low_SNR,0.105,0.238,0.130,0.24
1595,0.252,0.177,0.123,0.162,0.159,0.132,0.206,0.203,0.102,0.086,0.085,0.144,0.247,0.302,0.267,Low_SNR,Low_SNR,0.126,0.139,Low_SNR,0.100,0.238,0.125,0.23
1596,0.250,0.173,0.099,0.156,0.147,0.136,0.205,0.199,0.099,0.134,Low_SNR,0.159,0.246,0.291,0.265,Low_SNR,Low_SNR,0.136,0.159,Low_SNR,0.106,0.238,0.130,0.22
1597,0.249,0.168,0.123,0.152,0.152,0.128,0.200,0.196,0.100,0.084,0.092,0.156,0.251,0.304,0.267,Low_SNR,Low_SNR,0.124,0.144,Low_SNR,0.095,0.233,0.124,0.22
1598,0.247,0.171,0.124,0.163,0.163,0.135,0.205,0.202,0.103,0.092,0.092,0.142,0.240,0.290,0.276,Low_SNR,Low_SNR,0.134,0.149,0.009,0.107,0.241,0.130,0.22
1599,0.246,0.169,0.122,0.161,0.157,0.134,0.203,0.199,0.100,0.092,0.087,0.157,0.242,0.292,0.273,0.001,Low_SNR,0.132,0.147,Low_SNR,0.102,0.239,0.129,0.23
1600,0.252,0.172,0.126,0.166,0.165,0.137,0.207,0.203,0.107,0.098,0.092,0.158,0.244,0.288,0.267,Low_SNR,Low_SNR,0.141,0.149,Low_SNR,0.109,0.244,0.131,0.21
1601,0.249,0.179,0.125,0.167,0.164,0.135,0.206,0.202,0.108,0.097,0.092,0.164,0.252,0.286,0.259,Low_SNR,Low_SNR,0.135,0.148,Low_SNR,0.107,0.240,0.130,0.23
1602,0.251,0.171,0.117,0.160,0.158,0.131,0.202,0.198,0.098,0.081,0.081,0.148,0.245,0.299,0.270,Low_SNR,Low_SNR,0.127,0.143,Low_SNR,0.095,0.235,0.122,0.23
1603,0.248,0.164,0.117,0.164,0.158,0.133,0.204,0.200,0.112,0.092,0.092,0.167,0.245,0.289,0.269,Low_SNR,Low_SNR,0.134,0.150,Low_SNR,0.097,0.238,0.130,0.23
1604,0.249,0.168,0.118,0.163,0.155,0.133,0.205,0.200,0.102,0.092,0.086,0.156,0.242,0.290,0.282,Low_SNR,Low_SNR,0.133,0.141,Low_SNR,0.102,0.235,0.125,0.23
1605,0.251,0.167,0.115,0.163,0.158,0.134,0.204,0.199,0.102,0.092,0.085,0.158,0.249,0.298,0.269,Low_SNR,Low_SNR,0.136,0.143,Low_SNR,0.106,0.240,0.128,0.23
1606,0.247,0.163,0.117,0.161,0.159,0.132,0.209,0.199,0.102,0.088,0.084,0.147,0.237,0.285,0.290,Low_SNR,Low_SNR,0.128,0.147,Low_SNR,0.098,0.239,0.124,0.24
1607,0.247,0.176,0.123,0.165,0.161,0.135,0.206,0.201,0.099,0.093,0.087,0.154,0.238,0.288,0.277,Low_SNR,0.001,0.131,0.144,Low_SNR,0.103,0.236,0.127,0.22
1608,0.246,0.168,0.120,0.160,0.154,0.130,0.205,0.198,0.091,0.083,0.083,0.151,0.244,0.294,0.280,Low_SNR,Low_SNR,0.125,0.140,Low_SNR,0.096,0.237,0.122,0.22
1609,0.251,0.168,0.123,0.168,0.164,0.138,0.209,0.204,0.111,0.106,0.098,0.157,0.247,0.289,0.270,Low_SNR,Low_SNR,0.142,0.151,Low_SNR,0.108,0.241,0.131,0.23
1610,0.246,0.163,0.111,0.156,0.152,0.127,0.202,0.193,0.095,0.087,0.082,0.145,0.242,0.294,0.283,Low_SNR,Low_SNR,0.125,0.138,Low_SNR,0.092,0.235,0.120,0.23
1611,0.251,0.173,0.127,0.170,0.164,0.143,0.206,0.206,0.112,0.098,0.096,0.159,0.246,0.290,0.270,Low_SNR,Low_SNR,0.139,0.152,Low_SNR,0.106,0.241,0.135,0.24
1612,0.250,0.172,0.119,0.164,0.159,0.131,0.204,0.202,0.097,0.091,0.088,0.150,0.246,0.295,0.269,Low_SNR,Low_SNR,0.127,0.147,Low_SNR,0.101,0.237,0.125,0.24
1613,0.253,0.176,0.127,0.169,0.165,0.138,0.206,0.204,0.113,0.092,0.095,0.152,0.251,0.293,0.261,Low_SNR,Low_SNR,0.135,0.154,Low_SNR,0.104,0.242,0.128,0.22
1614,0.251,0.174,0.125,0.166,0.161,0.133,0.203,0.202,0.109,0.086,0.092,0.167,0.249,0.299,0.259,Low_SNR,Low_SNR,0.134,0.148,Low_SNR,0.105,0.235,0.126,0.22
1615,0.250,0.173,0.125,0.169,0.165,0.137,0.205,0.205,0.112,0.097,0.096,0.166,0.247,0.289,0.266,Low_SNR,Low_SNR,0.134,0.152,Low_SNR,0.109,0.241,0.132,0.23
1616,0.251,0.174,0.124,0.166,0.162,0.135,0.205,0.204,0.113,0.097,0.092,0.163,0.256,0.301,0.267,Low_SNR,Low_SNR,0.132,0.148,Low_SNR,0.106,0.238,0.130,0.23
1617,0.249,0.170,0.119,0.164,0.162,0.134,0.204,0.203,0.106,0.091,0.091,0.149,0.243,0.291,0.267,Low_SNR,Low_SNR,0.131,0.147,Low_SNR,0.099,0.238,0.126,0.23
1618,0.252,0.176,0.126,0.171,0.168,0.139,0.207,0.208,0.110,0.100,0.100,0.156,0.249,0.285,0.267,Low_SNR,Low_SNR,0.140,0.155,Low_SNR,0.109,0.243,0.132,0.22
1619,0.245,0.167,0.115,0.162,0.159,0.134,0.205,0.200,0.107,0.081,0.086,0.146,0.240,0.288,0.285,Low_SNR,Low_SNR,0.128,0.144,Low_SNR,0.100,0.240,0.126,0.23
1620,0.252,0.175,0.125,0.168,0.163,0.134,0.209,0.205,0.107,0.095,0.091,0.166,0.250,0.288,0.269,Low_SNR,Low_SNR,0.136,0.150,Low_SNR,0.107,0.241,0.133,0.23
1621,0.253,0.172,0.121,0.167,0.163,0.134,0.204,0.203,0.096,0.092,0.093,0.164,0.250,0.290,0.271,Low_SNR,Low_SNR,0.134,0.151,Low_SNR,0.097,0.236,0.126,0.24
1622,0.247,0.167,0.121,0.166,0.162,0.134,0.204,0.202,0.100,0.093,0.091,0.153,0.243,0.292,0.268,Low_SNR,Low_SNR,0.130,0.151,Low_SNR,0.108,0.237,0.130,0.23
1623,0.248,0.165,0.116,0.159,0.154,0.128,0.206,0.197,0.110,0.081,0.082,0.154,0.251,0.293,0.279,Low_SNR,0.001,0.127,0.140,0.006,0.093,0.234,0.122,0.23
1624,0.246,0.172,0.123,0.166,0.160,0.135,0.208,0.204,0.110,0.094,0.092,0.156,0.245,0.279,0.282,Low_SNR,Low_SNR,0.135,0.148,Low_SNR,0.105,0.240,0.131,0.22
1625,0.245,0.166,0.117,0.160,0.154,0.129,0.202,0.198,0.103,0.087,0.087,0.149,0.244,0.289,0.268,Low_SNR,Low_SNR,0.128,0.143,Low_SNR,0.097,0.235,0.123,0.22
1626,0.245,0.168,0.123,0.165,0.159,0.134,0.207,0.200,0.106,0.102,0.093,0.159,0.243,0.290,0.273,Low_SNR,Low_SNR,0.135,0.146,Low_SNR,0.101,0.240,0.133,0.22
1627,0.245,0.166,0.116,0.159,0.155,0.130,0.204,0.198,0.099,0.090,0.086,0.149,0.245,0.293,0.277,Low_SNR,Low_SNR,0.127,0.140,Low_SNR,0.098,0.236,0.126,0.23
1628,0.246,0.165,0.116,0.158,0.153,0.127,0.204,0.196,0.099,0.082,0.083,0.142,0.242,0.295,0.282,Low_SNR,Low_SNR,0.125,0.139,Low_SNR,0.095,0.233,0.121,0.23
1629,0.244,0.164,0.113,0.159,0.152,0.127,0.203,0.196,0.099,0.085,0.084,0.154,0.242,0.285,0.285,Low_SNR,Low_SNR,0.126,0.140,Low_SNR,0.092,0.232,0.121,0.22
1630,0.245,0.169,0.121,0.164,0.159,0.133,0.206,0.203,0.099,0.091,0.088,0.152,0.238,0.287,0.276,Low_SNR,0.001,0.128,0.145,Low_SNR,0.111,0.238,0.130,0.21
1631,0.252,0.173,0.122,0.168,0.162,0.136,0.206,0.205,0.107,0.086,0.092,0.158,0.248,0.291,0.264,Low_SNR,Low_SNR,0.136,0.147,Low_SNR,0.106,0.242,0.131,0.22
1632,0.248,0.172,0.120,0.168,0.160,0.134,0.207,0.204,0.106,0.096,0.092,0.167,0.246,0.282,0.274,0.001,Low_SNR,0.136,0.150,Low_SNR,0.104,0.239,0.133,0.24
1633,0.249,0.174,0.120,0.165,0.163,0.133,0.204,0.201,0.102,0.085,0.091,0.155,0.248,0.285,0.269,Low_SNR,Low_SNR,0.132,0.147,Low_SNR,0.105,0.236,0.127,0.22
1634,0.252,0.175,0.122,0.169,0.164,0.135,0.207,0.204,0.111,0.094,0.091,0.157,0.248,0.291,0.263,Low_SNR,Low_SNR,0.136,0.151,Low_SNR,0.109,0.237,0.131,0.23
1635,0.252,0.176,0.125,0.167,0.161,0.137,0.205,0.206,0.107,0.095,0.092,0.161,0.252,0.291,0.266,Low_SNR,Low_SNR,0.137,0.150,Low_SNR,0.104,0.237,0.129,0.22
1636,0.245,0.168,0.122,0.163,0.156,0.133,0.205,0.199,0.100,0.089,0.086,0.155,0.239,0.285,0.277,Low_SNR,Low_SNR,0.130,0.141,Low_SNR,0.099,0.239,0.130,0.23
1637,0.252,0.173,0.122,0.166,0.162,0.134,0.206,0.204,0.111,0.100,0.091,0.161,0.249,0.294,0.265,Low_SNR,Low_SNR,0.137,0.149,Low_SNR,0.099,0.238,0.129,0.23
1638,0.246,0.170,0.122,0.166,0.164,0.135,0.209,0.203,0.099,0.093,0.093,0.153,0.238,0.279,0.276,Low_SNR,Low_SNR,0.132,0.152,Low_SNR,0.105,0.243,0.130,0.23
1639,0.249,0.176,0.128,0.170,0.162,0.138,0.208,0.206,0.103,0.097,0.098,0.157,0.250,0.288,0.272,Low_SNR,Low_SNR,0.138,0.147,Low_SNR,0.102,0.240,0.134,0.23
1640,0.247,0.171,0.119,0.167,0.162,0.136,0.205,0.202,0.107,0.091,0.086,0.162,0.244,0.287,0.268,Low_SNR,Low_SNR,0.135,0.146,Low_SNR,0.102,0.236,0.129,0.22
1641,0.246,0.168,0.119,0.165,0.160,0.133,0.208,0.202,0.102,0.093,0.089,0.152,0.239,0.285,0.279,Low_SNR,Low_SNR,0.131,0.145,Low_SNR,0.103,0.239,0.129,0.23
1642,0.244,0.164,0.116,0.160,0.154,0.128,0.207,0.198,0.106,0.088,0.083,0.149,0.238,0.287,0.283,Low_SNR,Low_SNR,0.123,0.140,Low_SNR,0.098,0.236,0.127,0.23
1643,0.252,0.174,0.124,0.170,0.162,0.136,0.204,0.203,0.112,0.090,0.093,0.165,0.253,0.292,0.268,Low_SNR,Low_SNR,0.137,0.147,Low_SNR,0.104,0.237,0.129,0.23
1644,0.247,0.166,0.118,0.163,0.159,0.132,0.207,0.200,0.100,0.090,0.085,0.152,0.239,0.289,0.277,Low_SNR,Low_SNR,0.129,0.143,Low_SNR,0.101,0.237,0.126,0.24
1645,0.250,0.171,0.118,0.163,0.157,0.134,0.203,0.201,0.100,0.089,0.085,0.147,0.246,0.296,0.266,Low_SNR,Low_SNR,0.128,0.144,Low_SNR,0.100,0.237,0.127,0.23
1646,0.248,0.170,0.118,0.164,0.160,0.134,0.205,0.202,0.113,0.093,0.090,0.154,0.244,0.288,0.263,Low_SNR,Low_SNR,0.132,0.144,Low_SNR,0.104,0.236,0.128,0.23
1647,0.248,0.172,0.122,0.169,0.164,0.138,0.205,0.204,0.111,0.098,0.095,0.154,0.241,0.280,0.266,Low_SNR,Low_SNR,0.136,0.150,Low_SNR,0.107,0.239,0.132,0.22
1648,0.250,0.171,0.121,0.167,0.163,0.133,0.205,0.203,0.108,0.093,0.089,0.156,0.247,0.292,0.264,Low_SNR,Low_SNR,0.135,0.148,0.015,0.103,0.239,0.129,0.23
1649,0.247,0.172,0.120,0.167,0.160,0.134,0.203,0.202,0.107,0.091,0.089,0.158,0.241,0.278,0.267,Low_SNR,Low_SNR,0.130,0.146,Low_SNR,0.108,0.238,0.131,0.23
1650,0.246,0.168,0.116,0.155,0.147,0.108,0.202,0.194,0.101,0.085,0.082,0.150,0.241,0.297,0.282,Low_SNR,Low_SNR,0.127,0.138,Low_SNR,0.099,0.235,0.094,0.22
1651,0.242,0.179,0.132,0.163,0.160,0.137,0.203,0.198,0.092,0.085,0.079,0.171,0.233,0.276,0.287,Low_SNR,Low_SNR,0.126,0.135,Low_SNR,0.093,0.240,0.142,0.23
1652,0.250,0.170,0.131,0.170,0.160,Low_SNR,0.201,0.201,0.114,0.102,0.099,0.157,0.248,0.288,0.271,Low_SNR,Low_SNR,0.140,0.162,Low_SNR,0.115,0.235,0.160,0.23
1653,0.255,0.198,0.132,0.169,0.154,0.115,0.199,0.202,0.113,0.093,0.096,0.152,0.254,0.292,0.262,Low_SNR,Low_SNR,0.142,0.163,Low_SNR,0.112,0.233,0.148,0.22
1654,0.247,0.147,0.115,0.162,0.152,Low_SNR,0.208,0.195,0.115,0.094,0.092,0.165,0.247,0.293,0.266,Low_SNR,Low_SNR,0.138,0.138,Low_SNR,0.115,0.244,Low_SNR,0.22
1655,0.255,0.173,0.123,0.166,0.156,0.139,0.202,0.202,0.117,0.094,0.092,0.158,0.255,0.301,0.261,Low_SNR,Low_SNR,0.130,0.146,Low_SNR,0.110,0.234,0.139,0.23
1656,0.244,0.168,0.118,0.165,0.158,Low_SNR,0.205,0.199,0.092,0.084,0.088,0.156,0.239,0.285,0.283,Low_SNR,Low_SNR,0.127,0.150,Low_SNR,0.103,0.241,0.135,0.23
1657,0.247,0.167,0.123,0.164,0.160,0.107,0.197,0.198,0.113,0.090,0.086,0.156,0.240,0.281,0.273,Low_SNR,Low_SNR,0.134,0.164,Low_SNR,0.116,0.242,0.157,0.24
1658,0.241,0.145,0.115,0.168,0.171,0.129,0.208,0.203,0.108,0.088,0.097,0.177,0.245,0.286,0.276,Low_SNR,Low_SNR,0.128,0.153,Low_SNR,0.114,0.242,0.130,0.23
1659,0.250,0.185,0.127,0.167,0.154,0.151,0.207,0.206,0.095,0.093,0.092,0.148,0.244,0.281,0.269,Low_SNR,Low_SNR,0.130,0.147,Low_SNR,0.095,0.246,0.125,0.23
1660,0.254,0.186,0.118,0.158,0.145,Low_SNR,0.205,0.198,0.107,0.078,0.085,0.159,0.248,0.290,0.271,Low_SNR,Low_SNR,0.123,0.153,Low_SNR,0.096,0.233,0.090,0.23
1661,0.249,0.169,0.113,0.157,0.148,0.148,0.203,0.198,0.106,0.090,0.092,0.141,0.245,0.287,0.270,Low_SNR,Low_SNR,0.131,0.141,Low_SNR,0.100,0.236,0.108,0.23
1662,0.248,0.178,0.131,0.166,0.161,0.165,0.208,0.206,0.104,0.092,0.087,0.142,0.242,0.292,0.266,Low_SNR,0.000,0.131,0.136,Low_SNR,0.099,0.234,0.123,0.23
1663,0.250,0.172,0.123,0.162,0.141,Low_SNR,0.198,0.195,0.110,0.102,0.098,0.160,0.249,0.278,0.273,Low_SNR,Low_SNR,0.140,0.152,Low_SNR,0.124,0.239,0.150,0.23
1664,0.249,0.166,0.127,0.170,0.168,0.189,0.204,0.205,0.108,0.099,0.096,0.159,0.249,0.292,0.273,0.000,Low_SNR,0.140,0.151,Low_SNR,0.103,0.232,0.158,0.23
1665,0.256,0.191,0.123,0.165,0.159,0.119,0.198,0.203,0.100,0.095,0.087,0.166,0.254,0.292,0.269,Low_SNR,Low_SNR,0.127,0.153,Low_SNR,0.098,0.231,0.149,0.24
1666,0.248,0.172,0.121,0.166,0.166,0.163,0.207,0.203,0.100,0.092,0.086,0.162,0.248,0.281,0.264,Low_SNR,Low_SNR,0.135,0.138,Low_SNR,0.087,0.237,0.117,0.22
1667,0.245,0.156,0.125,0.171,0.168,Low_SNR,0.202,0.201,0.121,0.097,0.097,0.178,0.252,0.293,0.259,Low_SNR,Low_SNR,0.153,0.167,Low_SNR,0.117,0.244,0.160,0.23
1668,0.253,0.191,0.121,0.168,0.166,Low_SNR,0.204,0.203,0.101,0.093,0.096,0.148,0.253,0.286,0.266,Low_SNR,Low_SNR,0.133,0.148,Low_SNR,0.103,0.241,0.120,0.24
1669,0.246,0.169,0.122,0.165,0.171,0.166,0.210,0.202,0.093,0.087,0.081,0.165,0.240,0.284,0.266,Low_SNR,Low_SNR,0.133,0.132,Low_SNR,0.090,0.234,0.127,0.23
1670,0.241,0.154,0.122,0.171,0.171,0.150,0.210,0.205,0.102,0.095,0.097,0.174,0.237,0.281,0.269,Low_SNR,Low_SNR,0.141,0.149,Low_SNR,0.107,0.238,0.139,0.22
1671,0.251,0.174,0.123,0.162,0.152,Low_SNR,0.202,0.200,0.111,0.091,0.090,0.163,0.250,0.289,0.267,Low_SNR,Low_SNR,0.134,0.147,Low_SNR,0.112,0.241,0.145,0.23
1672,0.249,0.174,0.121,0.164,0.156,0.119,0.203,0.200,0.107,0.101,0.094,0.144,0.244,0.293,0.275,0.000,Low_SNR,0.133,0.154,Low_SNR,0.105,0.242,0.127,0.23
1673,0.241,0.157,0.114,0.162,0.156,0.113,0.197,0.194,0.103,0.093,0.092,0.160,0.245,0.293,0.265,Low_SNR,Low_SNR,0.128,0.146,Low_SNR,0.106,0.236,0.133,0.22
1674,0.242,0.168,0.115,0.165,0.155,0.129,0.206,0.200,0.105,0.089,0.087,0.153,0.237,0.280,0.274,Low_SNR,Low_SNR,0.122,0.142,Low_SNR,0.106,0.244,0.129,0.22
1675,0.251,0.162,0.119,0.164,0.157,0.133,0.203,0.201,0.101,0.089,0.088,0.149,0.250,0.296,0.261,Low_SNR,Low_SNR,0.132,0.143,Low_SNR,0.101,0.240,0.134,0.23
1676,0.245,0.165,0.118,0.163,0.164,0.161,0.214,0.205,0.111,0.086,0.087,0.157,0.247,0.286,0.267,Low_SNR,Low_SNR,0.129,0.146,Low_SNR,0.094,0.250,0.107,0.23
1677,0.245,0.173,0.121,0.168,0.171,0.200,0.209,0.206,0.103,0.090,0.084,0.146,0.241,0.279,0.276,Low_SNR,Low_SNR,0.122,0.136,0.047,0.091,0.237,Low_SNR,0.22
1678,0.255,0.206,0.166,0.180,Low_SNR,Low_SNR,0.204,0.214,Low_SNR,0.126,0.095,0.180,0.252,0.280,0.261,Low_SNR,Low_SNR,0.240,Low_SNR,Low_SNR,Low_SNR,0.228,0.189,0.23
1679,0.243,Low_SNR,0.189,0.181,0.137,Low_SNR,0.212,0.199,0.131,0.130,0.104,Low_SNR,0.228,0.281,0.268,Low_SNR,Low_SNR,Low_SNR,Low_SNR,Low_SNR,0.159,0.263,0.129,0.22
1680,0.249,0.182,0.120,0.167,0.166,0.153,0.207,0.204,0.093,0.087,0.091,0.144,0.243,0.287,0.272,Low_SNR,Low_SNR,0.133,0.147,Low_SNR,0.092,0.232,0.126,0.21
1681,0.252,0.186,0.118,0.160,0.150,0.107,0.206,0.198,0.104,0.087,0.087,0.133,0.247,0.294,0.269,Low_SNR,Low_SNR,0.129,0.143,Low_SNR,0.098,0.242,0.136,0.23
1682,0.247,0.159,0.122,0.165,0.157,0.149,0.207,0.203,0.120,0.091,0.089,0.153,0.245,0.290,0.264,Low_SNR,0.001,0.135,0.148,Low_SNR,0.101,0.244,0.142,0.24
1683,0.246,0.160,0.122,0.167,0.159,0.140,0.206,0.197,0.101,0.091,0.086,0.146,0.241,0.290,0.272,Low_SNR,Low_SNR,0.139,0.150,Low_SNR,0.104,0.237,0.149,0.22
1684,0.251,0.172,0.120,0.163,0.157,0.114,0.209,0.203,0.118,0.089,0.093,0.175,0.245,0.288,0.267,Low_SNR,Low_SNR,0.137,0.155,Low_SNR,0.119,0.243,0.158,0.23
1685,0.245,0.174,0.113,0.160,0.162,0.169,0.207,0.201,0.097,0.078,0.079,0.135,0.236,0.278,0.267,Low_SNR,Low_SNR,0.120,0.135,Low_SNR,0.094,0.237,0.125,0.24
1686,0.254,0.185,0.126,0.167,0.161,Low_SNR,0.197,0.203,0.109,0.088,0.090,0.146,0.251,0.297,0.265,Low_SNR,Low_SNR,0.128,0.149,Low_SNR,0.114,0.232,0.152,0.23
1687,0.247,0.171,0.123,0.165,0.160,0.157,0.206,0.203,0.104,0.092,0.084,0.162,0.242,0.280,0.265,Low_SNR,Low_SNR,0.137,0.135,Low_SNR,0.105,0.234,0.112,0.24
1688,0.248,0.174,0.126,0.167,0.160,0.126,0.203,0.202,0.107,0.090,0.091,0.161,0.241,0.287,0.271,Low_SNR,Low_SNR,0.125,0.153,Low_SNR,0.102,0.234,0.136,0.22
1689,0.249,0.173,0.124,0.165,0.159,0.137,0.207,0.204,0.105,0.092,0.085,0.170,0.242,0.279,0.274,Low_SNR,Low_SNR,0.133,0.141,Low_SNR,0.106,0.244,0.136,0.23
1690,0.241,0.153,0.116,0.159,0.154,0.108,0.206,0.196,0.104,0.098,0.087,0.146,0.239,0.281,0.285,Low_SNR,Low_SNR,0.144,0.144,Low_SNR,0.100,0.239,0.118,0.23
1691,0.247,0.168,0.114,0.165,0.159,0.141,0.205,0.204,0.113,0.093,0.094,0.159,0.241,0.281,0.279,Low_SNR,Low_SNR,0.134,0.145,Low_SNR,0.107,0.231,0.126,0.22
1692,0.249,0.161,0.130,0.173,0.168,0.133,0.207,0.209,0.112,0.102,0.099,0.177,0.247,0.281,0.263,Low_SNR,Low_SNR,0.145,0.159,Low_SNR,0.110,0.247,0.139,0.24
1693,0.249,0.186,0.124,0.165,0.163,0.121,0.200,0.203,0.097,0.093,0.094,0.149,0.244,0.287,0.269,Low_SNR,Low_SNR,0.124,0.151,Low_SNR,0.105,0.234,0.141,0.22
1694,0.254,0.184,0.124,0.166,0.164,0.125,0.205,0.205,0.107,0.090,0.088,0.156,0.243,0.282,0.264,Low_SNR,Low_SNR,0.131,0.150,Low_SNR,0.103,0.242,0.128,0.23
1695,0.245,0.164,0.122,0.166,0.164,0.138,0.206,0.203,0.109,0.094,0.089,0.158,0.241,0.283,0.267,Low_SNR,Low_SNR,0.133,0.143,Low_SNR,0.102,0.235,0.133,0.22
1696,0.248,0.173,0.122,0.167,0.161,0.131,0.206,0.201,0.105,0.092,0.094,0.154,0.239,0.281,0.271,Low_SNR,Low_SNR,0.140,0.150,Low_SNR,0.105,0.236,0.141,0.22
1697,0.244,0.168,0.127,0.172,0.168,0.145,0.211,0.207,0.105,0.099,0.090,0.167,0.243,0.271,0.279,Low_SNR,Low_SNR,0.142,0.149,Low_SNR,0.106,0.241,0.131,0.24
1698,0.246,0.167,0.115,0.161,0.153,0.130,0.202,0.201,0.098,0.093,0.088,0.153,0.242,0.287,0.273,Low_SNR,Low_SNR,0.131,0.136,Low_SNR,0.096,0.234,0.134,0.21
1699,0.249,0.182,0.127,0.168,0.165,0.140,0.207,0.209,0.104,0.103,0.089,0.154,0.243,0.284,0.263,Low_SNR,Low_SNR,0.136,0.147,Low_SNR,0.104,0.238,0.137,0.23
1700,0.246,0.185,0.118,0.161,0.155,0.131,0.205,0.202,0.103,0.087,0.083,0.151,0.239,0.274,0.278,Low_SNR,Low_SNR,0.129,0.134,Low_SNR,0.101,0.241,0.127,0.22
1701,0.248,0.166,0.121,0.169,0.163,0.139,0.204,0.204,0.111,0.091,0.088,0.157,0.243,0.293,0.259,0.000,Low_SNR,0.137,0.148,Low_SNR,0.108,0.236,0.140,0.22
1702,0.251,0.183,0.134,0.177,0.172,0.145,0.208,0.212,0.124,0.096,0.102,0.166,0.249,0.276,0.252,Low_SNR,Low_SNR,0.145,0.159,Low_SNR,0.118,0.242,0.137,0.22
1703,0.252,0.189,0.116,0.159,0.145,0.132,0.204,0.198,0.094,0.092,0.085,0.133,0.248,0.288,0.269,Low_SNR,Low_SNR,0.114,0.146,Low_SNR,0.117,0.237,0.120,0.24
1704,0.247,0.158,0.119,0.158,0.147,0.095,0.204,0.194,0.110,0.077,0.084,0.153,0.244,0.301,0.276,Low_SNR,Low_SNR,0.120,0.144,Low_SNR,0.115,0.241,0.127,0.23
1705,0.250,0.176,0.131,0.173,0.167,0.153,0.212,0.208,0.108,0.098,0.095,0.158,0.238,0.290,0.265,Low_SNR,Low_SNR,0.132,0.148,Low_SNR,0.100,0.245,0.133,0.23
1706,0.249,0.157,0.122,0.164,0.159,0.138,0.204,0.199,0.113,0.086,0.086,0.165,0.246,0.291,0.260,Low_SNR,Low_SNR,0.129,0.143,Low_SNR,0.099,0.232,0.126,0.23
1707,0.251,0.178,0.130,0.175,0.163,0.130,0.202,0.204,0.118,0.106,0.099,0.165,0.254,0.287,0.254,Low_SNR,Low_SNR,0.145,0.160,Low_SNR,0.110,0.233,0.149,0.23
1708,0.249,0.185,0.121,0.163,0.159,0.123,0.204,0.203,0.101,0.089,0.079,0.148,0.240,0.284,0.280,Low_SNR,Low_SNR,0.133,0.144,Low_SNR,0.098,0.231,0.130,0.23
1709,0.247,0.166,0.114,0.163,0.158,0.138,0.206,0.202,0.099,0.088,0.088,0.148,0.244,0.294,0.267,Low_SNR,Low_SNR,0.131,0.146,Low_SNR,0.097,0.242,0.123,0.23
1710,0.253,0.160,0.124,0.172,0.169,0.121,0.205,0.206,0.121,0.092,0.105,0.176,0.257,0.287,0.252,Low_SNR,Low_SNR,0.137,0.153,Low_SNR,0.117,0.230,0.130,0.23
1711,0.255,0.173,0.126,0.177,0.171,0.141,0.209,0.212,0.135,0.115,0.110,0.166,0.259,0.285,0.244,Low_SNR,Low_SNR,0.151,0.166,Low_SNR,0.122,0.238,0.129,0.22
1712,0.247,0.182,0.132,0.170,0.168,0.164,0.211,0.207,0.108,0.097,0.096,0.157,0.246,0.280,0.252,Low_SNR,Low_SNR,0.135,0.150,Low_SNR,0.102,0.247,0.119,0.23
1713,0.250,0.188,0.128,0.168,0.164,0.132,0.207,0.205,0.109,0.095,0.099,0.154,0.244,0.288,0.262,Low_SNR,Low_SNR,0.129,0.159,Low_SNR,0.103,0.238,0.132,0.24
1714,0.248,0.184,0.124,0.166,0.164,0.156,0.204,0.204,0.105,0.084,0.092,0.157,0.248,0.283,0.265,Low_SNR,Low_SNR,0.128,0.150,Low_SNR,0.100,0.243,0.125,0.24
1715,0.251,0.179,0.126,0.171,0.168,0.157,0.204,0.205,0.108,0.092,0.093,0.154,0.246,0.297,0.258,Low_SNR,Low_SNR,0.139,0.147,Low_SNR,0.101,0.233,0.145,0.23
1716,0.252,0.190,0.122,0.160,0.148,0.096,0.200,0.198,0.101,0.095,0.093,0.149,0.251,0.296,0.258,Low_SNR,Low_SNR,0.145,0.149,Low_SNR,0.105,0.232,0.131,0.23
1717,0.254,0.180,0.123,0.166,0.162,0.156,0.206,0.206,0.102,0.094,0.095,0.148,0.251,0.294,0.261,Low_SNR,Low_SNR,0.136,0.155,Low_SNR,0.102,0.236,0.147,0.22
1718,0.247,0.150,0.118,0.166,0.159,0.134,0.210,0.202,0.121,0.101,0.089,0.162,0.251,0.290,0.258,Low_SNR,0.001,0.149,0.146,Low_SNR,0.118,0.245,0.132,0.22
1719,0.248,0.174,0.115,0.162,0.157,0.120,0.199,0.198,0.100,0.088,0.088,0.159,0.243,0.291,0.272,Low_SNR,Low_SNR,0.124,0.145,Low_SNR,0.104,0.227,0.144,0.23
1720,0.244,0.162,0.115,0.166,0.167,0.149,0.208,0.202,0.115,0.088,0.092,0.156,0.242,0.284,0.270,Low_SNR,Low_SNR,0.127,0.148,Low_SNR,0.107,0.238,0.137,0.22
1721,0.250,0.180,0.118,0.162,0.150,0.126,0.205,0.199,0.100,0.086,0.078,0.153,0.241,0.289,0.270,Low_SNR,Low_SNR,0.130,0.138,Low_SNR,0.097,0.234,0.131,0.22
1722,0.244,0.156,0.127,0.171,0.165,0.130,0.207,0.202,0.111,0.100,0.099,0.168,0.240,0.283,0.272,Low_SNR,Low_SNR,0.140,0.155,Low_SNR,0.107,0.247,0.133,0.23
1723,0.245,0.175,0.123,0.170,0.165,0.159,0.208,0.204,0.104,0.095,0.099,0.157,0.230,0.270,0.269,Low_SNR,Low_SNR,0.137,0.152,Low_SNR,0.096,0.235,0.120,0.22
1724,0.250,0.188,0.110,0.155,0.161,Low_SNR,0.202,0.197,0.079,0.077,0.067,0.150,0.244,0.289,0.280,Low_SNR,Low_SNR,0.116,0.136,Low_SNR,0.092,0.252,0.132,0.23
1725,0.245,0.166,0.113,0.161,0.160,0.136,0.207,0.199,0.101,0.089,0.084,0.156,0.237,0.285,0.278,Low_SNR,Low_SNR,0.126,0.136,Low_SNR,0.100,0.241,0.129,0.23
1726,0.245,0.176,0.127,0.164,0.157,0.152,0.209,0.205,0.102,0.088,0.087,0.157,0.238,0.279,0.274,Low_SNR,Low_SNR,0.135,0.145,Low_SNR,0.097,0.243,0.124,0.23
1727,0.257,0.204,0.135,0.173,0.160,0.149,0.206,0.208,0.092,0.092,0.089,0.159,0.250,0.293,0.257,0.001,Low_SNR,0.127,0.144,Low_SNR,0.101,0.238,0.132,0.23
1728,0.249,0.186,0.130,0.171,0.165,0.132,0.204,0.207,0.109,0.099,0.096,0.164,0.243,0.283,0.258,Low_SNR,Low_SNR,0.134,0.150,Low_SNR,0.116,0.234,0.135,0.23
1729,0.253,0.169,0.139,0.175,0.165,0.113,0.208,0.206,0.108,0.109,0.101,0.175,0.250,0.292,0.250,Low_SNR,Low_SNR,0.164,0.163,Low_SNR,0.107,0.240,0.121,0.23
1730,0.246,0.160,0.117,0.164,0.158,0.126,0.203,0.201,0.108,0.094,0.092,0.158,0.251,0.296,0.260,Low_SNR,Low_SNR,0.135,0.150,Low_SNR,0.102,0.232,0.130,0.23
1731,0.240,0.158,0.124,0.164,0.158,0.124,0.205,0.199,0.106,0.095,0.089,0.165,0.240,0.285,0.275,Low_SNR,Low_SNR,0.129,0.142,Low_SNR,0.103,0.241,0.127,0.22
1732,0.253,0.172,0.127,0.176,0.172,0.160,0.212,0.211,0.114,0.106,0.097,0.169,0.250,0.289,0.256,Low_SNR,Low_SNR,0.155,0.148,Low_SNR,0.108,0.245,0.140,0.23
1733,0.243,0.159,0.113,0.164,0.159,0.154,0.207,0.202,0.102,0.093,0.090,0.150,0.239,0.287,0.274,Low_SNR,Low_SNR,0.131,0.138,Low_SNR,0.106,0.235,0.127,0.23
1734,0.244,0.152,0.122,0.166,0.162,0.142,0.209,0.203,0.107,0.091,0.090,0.169,0.246,0.284,0.274,Low_SNR,Low_SNR,0.139,0.145,Low_SNR,0.107,0.238,0.138,0.25
1735,0.245,0.148,0.116,0.167,0.168,0.156,0.212,0.205,0.110,0.092,0.089,0.167,0.243,0.290,0.261,Low_SNR,Low_SNR,0.134,0.150,Low_SNR,0.104,0.249,0.129,0.21
1736,0.251,0.203,0.118,0.155,0.142,0.129,0.204,0.201,0.095,0.084,0.078,0.148,0.247,0.289,0.270,Low_SNR,Low_SNR,0.119,0.118,Low_SNR,0.095,0.235,0.107,0.23
1737,0.247,0.166,0.125,0.168,0.158,0.151,0.215,0.207,0.115,0.093,0.088,0.159,0.237,0.276,0.269,Low_SNR,Low_SNR,0.143,0.142,Low_SNR,0.119,0.253,0.112,0.22
1738,0.247,0.169,0.113,0.162,0.158,0.128,0.209,0.202,0.107,0.086,0.090,0.164,0.241,0.277,0.268,Low_SNR,Low_SNR,0.120,0.155,Low_SNR,0.092,0.246,0.119,0.23
1739,0.240,0.165,0.115,0.162,0.159,0.135,0.204,0.200,0.099,0.088,0.090,0.158,0.238,0.292,0.271,Low_SNR,Low_SNR,0.119,0.150,Low_SNR,0.099,0.231,0.128,0.23
1740,0.250,0.169,0.127,0.173,0.172,0.157,0.210,0.211,0.118,0.098,0.098,0.169,0.246,0.284,0.261,Low_SNR,Low_SNR,0.135,0.155,Low_SNR,0.107,0.237,0.136,0.23
1741,0.250,0.176,0.128,0.169,0.159,0.133,0.206,0.207,0.095,0.096,0.094,0.157,0.246,0.287,0.265,Low_SNR,Low_SNR,0.140,0.144,Low_SNR,0.105,0.238,0.126,0.22
1742,0.250,0.179,0.119,0.164,0.158,0.126,0.209,0.206,0.110,0.092,0.088,0.154,0.241,0.279,0.265,Low_SNR,Low_SNR,0.131,0.139,Low_SNR,0.110,0.249,0.134,0.23
1743,0.241,0.160,0.115,0.160,0.153,0.125,0.207,0.198,0.101,0.096,0.086,0.155,0.236,0.280,0.280,Low_SNR,Low_SNR,0.143,0.143,Low_SNR,0.101,0.239,0.131,0.23
1744,0.248,0.165,0.122,0.165,0.159,0.134,0.206,0.203,0.112,0.089,0.093,0.160,0.243,0.287,0.260,Low_SNR,Low_SNR,0.143,0.151,Low_SNR,0.105,0.243,0.127,0.23
1745,0.251,0.190,0.128,0.170,0.165,0.140,0.205,0.207,0.102,0.094,0.092,0.158,0.247,0.282,0.265,Low_SNR,Low_SNR,0.137,0.145,Low_SNR,0.098,0.233,0.131,0.23
1746,0.245,0.163,0.122,0.169,0.168,0.143,0.210,0.207,0.108,0.098,0.096,0.173,0.238,0.286,0.274,Low_SNR,Low_SNR,0.137,0.150,Low_SNR,0.099,0.246,0.128,0.24
1747,0.243,0.150,0.116,0.161,0.156,0.134,0.206,0.199,0.110,0.091,0.082,0.163,0.247,0.291,0.263,Low_SNR,Low_SNR,0.135,0.144,Low_SNR,0.101,0.238,0.132,0.22
1748,0.249,0.185,0.123,0.165,0.161,0.144,0.208,0.205,0.093,0.094,0.088,0.148,0.240,0.281,0.264,Low_SNR,Low_SNR,0.131,0.144,Low_SNR,0.105,0.239,0.124,0.22
1749,0.247,0.177,0.115,0.158,0.150,0.127,0.203,0.200,0.099,0.087,0.091,0.161,0.252,0.288,0.277,Low_SNR,Low_SNR,0.124,0.138,Low_SNR,0.093,0.235,0.124,0.22
1750,0.247,0.170,0.129,0.169,0.164,0.144,0.211,0.206,0.093,0.097,0.092,0.139,0.240,0.281,0.266,Low_SNR,Low_SNR,0.141,0.149,Low_SNR,0.084,0.246,0.109,0.22
1751,0.245,0.164,0.124,0.170,0.163,0.134,0.209,0.206,0.109,0.100,0.097,0.170,0.245,0.279,0.268,Low_SNR,Low_SNR,0.141,0.157,Low_SNR,0.112,0.246,0.135,0.23
1752,0.254,0.178,0.115,0.163,0.156,0.143,0.203,0.201,0.099,0.089,0.084,0.147,0.257,0.301,0.249,Low_SNR,Low_SNR,0.134,0.140,Low_SNR,0.094,0.234,0.112,0.23
1753,0.249,0.184,0.124,0.163,0.158,0.137,0.207,0.203,0.097,0.091,0.087,0.147,0.239,0.279,0.276,Low_SNR,Low_SNR,0.127,0.143,Low_SNR,0.096,0.234,0.124,0.22
1754,0.248,0.174,0.125,0.162,0.154,0.130,0.208,0.203,0.098,0.082,0.081,0.154,0.242,0.288,0.276,Low_SNR,Low_SNR,0.120,0.136,Low_SNR,0.099,0.239,0.116,0.23
1755,0.241,0.153,0.112,0.161,0.157,0.142,0.208,0.201,0.109,0.093,0.085,0.154,0.237,0.284,0.285,Low_SNR,Low_SNR,0.137,0.134,Low_SNR,0.092,0.236,0.125,0.22
1756,0.248,0.174,0.126,0.166,0.160,0.124,0.210,0.203,0.110,0.093,0.088,0.166,0.245,0.284,0.272,Low_SNR,Low_SNR,0.148,0.150,Low_SNR,0.110,0.245,0.132,0.23
1757,0.252,0.186,0.123,0.163,0.159,0.124,0.204,0.202,0.090,0.089,0.084,0.148,0.245,0.289,0.272,Low_SNR,Low_SNR,0.132,0.146,Low_SNR,0.087,0.232,0.117,0.23
1758,0.249,0.185,0.121,0.163,0.158,0.132,0.204,0.202,0.097,0.087,0.084,0.150,0.245,0.278,0.269,Low_SNR,Low_SNR,0.130,0.140,Low_SNR,0.099,0.234,0.128,0.23
1759,0.245,0.159,0.127,0.172,0.165,0.137,0.207,0.206,0.118,0.101,0.096,0.168,0.245,0.280,0.265,Low_SNR,Low_SNR,0.144,0.153,Low_SNR,0.109,0.241,0.137,0.21
1760,0.252,0.187,0.121,0.160,0.152,0.127,0.204,0.201,0.094,0.086,0.086,0.146,0.242,0.290,0.278,Low_SNR,Low_SNR,0.134,0.141,Low_SNR,0.093,0.235,0.131,0.23
1761,0.246,0.173,0.117,0.161,0.159,0.126,0.203,0.201,0.107,0.092,0.088,0.154,0.239,0.286,0.271,Low_SNR,Low_SNR,0.131,0.144,Low_SNR,0.099,0.232,0.131,0.23
1762,0.252,0.185,0.120,0.163,0.157,0.134,0.204,0.203,0.090,0.087,0.083,0.147,0.247,0.291,0.267,Low_SNR,Low_SNR,0.125,0.137,Low_SNR,0.095,0.233,0.130,0.22
1763,0.255,0.197,0.130,0.171,0.164,0.136,0.210,0.209,0.112,0.098,0.095,0.157,0.246,0.276,0.257,Low_SNR,Low_SNR,0.139,0.151,Low_SNR,0.112,0.245,0.127,0.23
1764,0.248,0.155,0.118,0.164,0.161,0.128,0.206,0.201,0.102,0.097,0.090,0.157,0.245,0.288,0.269,Low_SNR,Low_SNR,0.139,0.145,Low_SNR,0.102,0.233,0.126,0.22
1765,0.251,0.185,0.124,0.165,0.161,0.136,0.207,0.205,0.099,0.091,0.087,0.147,0.242,0.284,0.267,Low_SNR,Low_SNR,0.130,0.146,Low_SNR,0.097,0.239,0.129,0.23
1766,0.251,0.174,0.119,0.163,0.157,0.134,0.205,0.203,0.103,0.090,0.090,0.153,0.250,0.290,0.269,Low_SNR,Low_SNR,0.130,0.141,Low_SNR,0.097,0.235,0.130,0.23
1767,0.251,0.183,0.114,0.160,0.157,0.130,0.203,0.201,0.097,0.083,0.081,0.144,0.246,0.287,0.266,Low_SNR,Low_SNR,0.123,0.141,Low_SNR,0.092,0.234,0.125,0.22
1768,0.247,0.171,0.117,0.165,0.161,0.134,0.208,0.202,0.106,0.091,0.086,0.160,0.241,0.285,0.268,Low_SNR,Low_SNR,0.138,0.147,0.010,0.101,0.239,0.127,0.22
1769,0.242,0.154,0.119,0.163,0.158,0.139,0.209,0.200,0.113,0.091,0.089,0.162,0.241,0.280,0.271,Low_SNR,Low_SNR,0.137,0.142,Low_SNR,0.103,0.247,0.121,0.25
1770,0.249,0.180,0.118,0.165,0.159,0.133,0.204,0.204,0.100,0.093,0.093,0.154,0.246,0.284,0.265,Low_SNR,Low_SNR,0.127,0.146,Low_SNR,0.102,0.237,0.133,0.24
1771,0.246,0.166,0.124,0.168,0.164,0.137,0.205,0.204,0.112,0.096,0.091,0.163,0.245,0.282,0.263,Low_SNR,Low_SNR,0.139,0.151,Low_SNR,0.099,0.238,0.133,0.23
1772,0.245,0.161,0.125,0.170,0.166,0.134,0.208,0.206,0.111,0.095,0.090,0.167,0.246,0.280,0.262,Low_SNR,Low_SNR,0.141,0.152,Low_SNR,0.118,0.242,0.131,0.23
1773,0.247,0.175,0.123,0.165,0.160,0.134,0.207,0.204,0.105,0.092,0.087,0.154,0.244,0.278,0.271,0.000,Low_SNR,0.127,0.146,Low_SNR,0.094,0.239,0.123,0.22
1774,0.246,0.187,0.136,0.173,0.163,0.143,0.204,0.210,0.110,0.094,0.094,0.164,0.242,0.274,0.263,Low_SNR,Low_SNR,0.138,0.148,Low_SNR,0.102,0.231,0.148,0.23
1775,0.256,0.205,0.120,0.161,0.159,0.140,0.209,0.206,0.082,0.081,0.076,0.145,0.244,0.291,0.268,Low_SNR,Low_SNR,0.117,0.134,Low_SNR,0.089,0.235,0.123,0.23
1776,0.246,0.170,0.120,0.168,0.171,0.132,0.199,0.201,0.107,0.095,0.092,0.158,0.244,0.286,0.262,Low_SNR,Low_SNR,0.131,0.156,Low_SNR,0.101,0.223,0.144,0.22
1777,0.251,0.188,0.123,0.163,0.153,0.126,0.205,0.205,0.093,0.085,0.084,0.160,0.247,0.285,0.268,Low_SNR,Low_SNR,0.125,0.138,Low_SNR,0.097,0.234,0.120,0.23
1778,0.245,0.173,0.121,0.163,0.156,0.137,0.207,0.202,0.104,0.088,0.088,0.157,0.242,0.283,0.266,Low_SNR,Low_SNR,0.130,0.141,Low_SNR,0.100,0.234,0.126,0.23
1779,0.243,0.143,0.109,0.162,0.155,0.135,0.206,0.199,0.111,0.090,0.089,0.160,0.245,0.288,0.273,Low_SNR,Low_SNR,0.138,0.140,Low_SNR,0.105,0.239,0.141,0.23
1780,0.251,0.178,0.123,0.166,0.159,0.145,0.207,0.204,0.098,0.084,0.087,0.159,0.250,0.291,0.258,Low_SNR,Low_SNR,0.131,0.150,Low_SNR,0.103,0.235,0.127,0.23
1781,0.250,0.174,0.130,0.172,0.168,0.143,0.208,0.209,0.112,0.103,0.097,0.162,0.242,0.276,0.263,Low_SNR,Low_SNR,0.145,0.153,Low_SNR,0.118,0.239,0.135,0.22
1782,0.248,0.174,0.123,0.162,0.158,0.131,0.206,0.204,0.104,0.094,0.086,0.160,0.250,0.289,0.268,Low_SNR,Low_SNR,0.135,0.147,Low_SNR,0.102,0.237,0.126,0.23
1783,0.249,0.178,0.123,0.164,0.158,0.139,0.210,0.205,0.103,0.086,0.092,0.157,0.249,0.286,0.269,Low_SNR,Low_SNR,0.125,0.142,Low_SNR,0.098,0.243,0.124,0.23
1784,0.246,0.173,0.119,0.162,0.149,0.126,0.205,0.201,0.099,0.093,0.080,0.154,0.241,0.283,0.273,0.001,Low_SNR,0.126,0.132,Low_SNR,0.095,0.237,0.130,0.23
1785,0.256,0.183,0.126,0.170,0.161,0.136,0.206,0.209,0.101,0.096,0.093,0.161,0.255,0.288,0.256,Low_SNR,Low_SNR,0.140,0.150,Low_SNR,0.112,0.235,0.127,0.21
1786,0.252,0.182,0.114,0.162,0.156,0.135,0.206,0.203,0.095,0.085,0.083,0.147,0.245,0.289,0.271,Low_SNR,Low_SNR,0.131,0.141,Low_SNR,0.098,0.240,0.126,0.23
1787,0.248,0.168,0.120,0.165,0.160,0.142,0.207,0.204,0.092,0.091,0.085,0.152,0.242,0.288,0.263,Low_SNR,Low_SNR,0.138,0.144,Low_SNR,0.092,0.242,0.115,0.23
1788,0.253,0.175,0.123,0.167,0.166,0.136,0.205,0.207,0.104,0.094,0.097,0.164,0.251,0.293,0.263,Low_SNR,Low_SNR,0.136,0.155,Low_SNR,0.105,0.234,0.136,0.22
1789,0.250,0.172,0.119,0.163,0.159,0.133,0.208,0.205,0.098,0.092,0.079,0.161,0.247,0.286,0.267,Low_SNR,Low_SNR,0.135,0.139,Low_SNR,0.099,0.244,0.121,0.22
1790,0.251,0.181,0.124,0.169,0.163,0.136,0.208,0.208,0.105,0.093,0.095,0.156,0.249,0.284,0.265,Low_SNR,Low_SNR,0.129,0.142,Low_SNR,0.101,0.234,0.137,0.23
1791,0.246,0.169,0.114,0.159,0.154,0.138,0.209,0.202,0.095,0.096,0.086,0.153,0.242,0.270,0.277,Low_SNR,Low_SNR,0.136,0.134,Low_SNR,0.094,0.243,0.124,0.24
1792,0.244,0.170,0.111,0.160,0.158,0.133,0.208,0.202,0.097,0.083,0.080,0.147,0.240,0.277,0.278,Low_SNR,Low_SNR,0.125,0.146,Low_SNR,0.096,0.242,0.125,0.23
1793,0.248,0.169,0.114,0.163,0.157,0.130,0.208,0.204,0.106,0.092,0.092,0.154,0.245,0.276,0.269,Low_SNR,Low_SNR,0.138,0.147,Low_SNR,0.101,0.240,0.113,0.23
1794,0.258,0.219,0.120,0.160,0.142,0.170,0.208,0.210,0.104,0.092,0.090,0.145,0.251,0.275,0.275,Low_SNR,Low_SNR,0.134,0.122,Low_SNR,0.109,0.233,0.144,0.22
1795,0.253,0.201,0.151,0.178,0.169,0.147,0.207,0.217,0.112,0.109,0.103,0.154,0.241,0.279,0.258,Low_SNR,Low_SNR,0.138,0.147,Low_SNR,0.116,0.240,0.147,0.23
1796,0.247,0.187,0.139,0.166,0.146,Low_SNR,0.205,0.211,0.088,0.088,0.086,0.175,0.241,0.280,0.267,Low_SNR,Low_SNR,Low_SNR,Low_SNR,Low_SNR,0.122,0.233,0.137,0.22
1797,0.249,0.179,0.127,0.170,0.162,0.132,0.211,0.209,0.112,0.101,0.096,0.165,0.242,0.280,0.267,Low_SNR,Low_SNR,0.144,0.153,Low_SNR,0.101,0.243,0.129,0.23
1798,0.258,0.248,Low_SNR,0.179,0.182,0.206,0.208,0.224,Low_SNR,0.090,0.091,Low_SNR,0.245,0.283,0.249,Low_SNR,Low_SNR,0.134,0.132,Low_SNR,0.083,0.224,Low_SNR,0.24
1799,0.250,0.172,0.118,0.166,0.159,0.123,0.206,0.207,0.104,0.090,0.090,0.157,0.251,0.289,0.270,Low_SNR,Low_SNR,0.128,0.148,Low_SNR,0.102,0.236,0.126,0.22
1800,0.247,0.176,0.120,0.161,0.159,0.137,0.204,0.204,0.094,0.089,0.085,0.149,0.242,0.280,0.274,Low_SNR,Low_SNR,0.132,0.143,Low_SNR,0.090,0.230,0.127,0.23
1801,0.244,0.161,0.119,0.165,0.164,0.133,0.207,0.206,0.113,0.094,0.091,0.162,0.242,0.279,0.272,Low_SNR,Low_SNR,0.136,0.150,Low_SNR,0.101,0.240,0.130,0.23
1802,0.252,0.179,0.130,0.173,0.169,0.141,0.208,0.212,0.117,0.097,0.100,0.163,0.247,0.275,0.258,Low_SNR,Low_SNR,0.140,0.153,Low_SNR,0.114,0.241,0.136,0.23
1803,0.248,0.178,0.123,0.169,0.169,0.150,0.207,0.206,0.098,0.098,0.089,0.172,0.247,0.284,0.259,Low_SNR,Low_SNR,0.138,0.152,Low_SNR,0.097,0.234,0.131,0.22
1804,0.245,0.159,0.120,0.163,0.157,0.136,0.205,0.199,0.102,0.087,0.085,0.164,0.248,0.315,0.257,Low_SNR,Low_SNR,0.135,0.141,Low_SNR,0.102,0.233,0.133,0.22
1805,0.246,0.180,0.129,0.170,0.167,0.144,0.210,0.205,0.104,0.099,0.097,0.165,0.238,0.305,0.255,Low_SNR,Low_SNR,0.136,0.150,Low_SNR,0.106,0.246,0.130,0.22
1806,0.244,0.166,0.120,0.166,0.163,0.150,0.205,0.202,0.098,0.092,0.090,0.159,0.242,0.309,0.264,Low_SNR,Low_SNR,0.143,0.145,Low_SNR,0.104,0.236,0.140,0.23
1807,0.243,0.165,0.116,0.163,0.163,0.153,0.210,0.204,0.104,0.081,0.082,0.157,0.243,0.309,0.252,Low_SNR,Low_SNR,0.132,0.132,Low_SNR,0.094,0.244,0.108,0.22
1808,0.245,0.167,0.118,0.166,0.164,0.132,0.205,0.202,0.113,0.091,0.086,0.157,0.242,0.298,0.264,Low_SNR,Low_SNR,0.136,0.150,Low_SNR,0.103,0.239,0.139,0.23
1809,0.245,0.155,0.123,0.166,0.160,0.133,0.205,0.201,0.106,0.095,0.090,0.164,0.245,0.306,0.259,Low_SNR,Low_SNR,0.140,0.145,Low_SNR,0.099,0.235,0.128,0.22
1810,0.246,0.171,0.123,0.165,0.159,0.133,0.206,0.203,0.106,0.093,0.089,0.160,0.244,0.302,0.264,Low_SNR,Low_SNR,0.134,0.140,Low_SNR,0.104,0.241,0.132,0.22
1811,0.245,0.180,0.127,0.167,0.157,0.131,0.206,0.203,0.100,0.096,0.093,0.155,0.241,0.298,0.268,Low_SNR,Low_SNR,0.133,0.141,Low_SNR,0.100,0.234,0.125,0.23
1812,0.244,0.176,0.124,0.166,0.161,0.148,0.208,0.205,0.108,0.092,0.089,0.159,0.241,0.304,0.265,Low_SNR,Low_SNR,0.136,0.140,Low_SNR,0.099,0.243,0.126,0.22
1813,0.243,0.153,0.121,0.169,0.166,0.144,0.212,0.205,0.113,0.091,0.093,0.166,0.244,0.299,0.262,Low_SNR,Low_SNR,0.131,0.153,Low_SNR,0.107,0.245,0.140,0.22
1814,0.249,0.177,0.120,0.166,0.159,0.135,0.207,0.204,0.106,0.090,0.090,0.158,0.249,0.300,0.256,Low_SNR,Low_SNR,0.129,0.143,Low_SNR,0.101,0.239,0.127,0.23
1815,0.240,0.140,0.116,0.165,0.162,0.122,0.207,0.199,0.118,0.097,0.096,0.160,0.250,0.297,0.267,Low_SNR,Low_SNR,0.136,0.155,Low_SNR,0.111,0.238,0.143,0.23
1816,0.242,0.160,0.129,0.172,0.161,0.123,0.211,0.204,0.112,0.102,0.100,0.179,0.240,0.286,0.264,Low_SNR,Low_SNR,0.148,0.156,Low_SNR,0.120,0.250,0.122,0.22
1817,0.244,0.164,0.125,0.166,0.159,0.124,0.208,0.202,0.107,0.091,0.087,0.172,0.238,0.293,0.267,Low_SNR,Low_SNR,0.137,0.147,Low_SNR,0.108,0.241,0.148,0.22
1818,0.254,0.199,0.118,0.161,0.152,0.126,0.205,0.203,0.088,0.088,0.087,0.139,0.243,0.297,0.269,0.000,Low_SNR,0.126,0.135,Low_SNR,0.103,0.237,0.129,0.23
1819,0.251,0.184,0.126,0.170,0.170,0.139,0.208,0.207,0.101,0.091,0.093,0.159,0.249,0.294,0.255,Low_SNR,Low_SNR,0.132,0.158,Low_SNR,0.097,0.240,0.126,0.23
1820,0.252,0.199,0.126,0.166,0.155,0.140,0.207,0.205,0.099,0.089,0.085,0.156,0.242,0.287,0.262,Low_SNR,0.001,0.134,0.140,Low_SNR,0.093,0.234,0.131,0.22
1821,0.240,0.146,0.114,0.162,0.160,0.137,0.210,0.199,0.107,0.090,0.086,0.166,0.241,0.296,0.275,Low_SNR,Low_SNR,0.129,0.141,Low_SNR,0.100,0.245,0.125,0.23
1822,0.246,0.178,0.118,0.163,0.157,0.126,0.205,0.203,0.102,0.091,0.086,0.152,0.238,0.288,0.273,Low_SNR,Low_SNR,0.134,0.142,Low_SNR,0.108,0.239,0.135,0.23
1823,0.241,0.151,0.125,0.168,0.163,0.140,0.212,0.206,0.113,0.097,0.092,0.173,0.242,0.283,0.268,Low_SNR,Low_SNR,0.143,0.151,Low_SNR,0.106,0.248,0.128,0.23
1824,0.249,0.186,0.123,0.165,0.161,0.137,0.206,0.206,0.099,0.093,0.088,0.161,0.245,0.290,0.268,0.001,Low_SNR,0.131,0.146,Low_SNR,0.100,0.233,0.134,0.22
1825,0.241,0.162,0.125,0.167,0.160,0.134,0.208,0.204,0.101,0.092,0.089,0.168,0.241,0.291,0.270,Low_SNR,Low_SNR,0.140,0.146,Low_SNR,0.100,0.242,0.132,0.23
1826,0.242,0.164,0.110,0.158,0.152,0.128,0.209,0.199,0.105,0.084,0.084,0.148,0.236,0.289,0.277,Low_SNR,Low_SNR,0.125,0.139,Low_SNR,0.104,0.243,0.120,0.23
1827,0.247,0.175,0.118,0.162,0.155,0.134,0.204,0.203,0.101,0.090,0.088,0.151,0.243,0.289,0.274,Low_SNR,0.000,0.132,0.141,Low_SNR,0.099,0.236,0.126,0.25
1828,0.246,0.174,0.121,0.161,0.159,0.131,0.205,0.202,0.103,0.087,0.078,0.158,0.240,0.288,0.270,Low_SNR,Low_SNR,0.139,0.141,Low_SNR,0.098,0.234,0.130,0.23
1829,0.249,0.193,0.121,0.166,0.160,0.140,0.206,0.206,0.105,0.088,0.087,0.157,0.245,0.284,0.264,Low_SNR,Low_SNR,0.127,0.145,Low_SNR,0.096,0.237,0.126,0.24
1830,0.249,0.180,0.124,0.168,0.163,0.138,0.206,0.206,0.111,0.095,0.095,0.159,0.249,0.291,0.264,Low_SNR,Low_SNR,0.131,0.150,Low_SNR,0.102,0.238,0.132,0.23
1831,0.242,0.160,0.115,0.163,0.157,0.130,0.205,0.199,0.109,0.083,0.083,0.163,0.237,0.280,0.275,Low_SNR,Low_SNR,0.128,0.143,Low_SNR,0.100,0.238,0.127,0.24
1832,0.244,0.165,0.121,0.166,0.158,0.134,0.206,0.203,0.104,0.091,0.088,0.164,0.245,0.287,0.273,Low_SNR,Low_SNR,0.133,0.150,Low_SNR,0.104,0.238,0.134,0.23
1833,0.239,0.144,0.120,0.166,0.160,0.134,0.210,0.200,0.105,0.093,0.091,0.165,0.239,0.289,0.277,Low_SNR,Low_SNR,0.136,0.149,Low_SNR,0.100,0.241,0.132,0.22
1834,0.248,0.176,0.119,0.160,0.158,0.134,0.207,0.201,0.101,0.085,0.082,0.153,0.246,0.290,0.270,Low_SNR,Low_SNR,0.133,0.144,Low_SNR,0.102,0.233,0.126,0.25
1835,0.250,0.185,0.117,0.164,0.159,0.136,0.207,0.206,0.099,0.091,0.087,0.148,0.247,0.289,0.264,Low_SNR,Low_SNR,0.125,0.146,Low_SNR,0.101,0.238,0.129,0.21
1836,0.245,0.163,0.120,0.166,0.163,0.143,0.210,0.205,0.107,0.092,0.086,0.158,0.243,0.284,0.269,Low_SNR,Low_SNR,0.135,0.145,Low_SNR,0.106,0.238,0.134,0.21
1837,0.249,0.182,0.120,0.165,0.157,0.130,0.205,0.204,0.107,0.089,0.087,0.152,0.246,0.286,0.262,Low_SNR,Low_SNR,0.131,0.146,Low_SNR,0.105,0.235,0.129,0.22
1838,0.243,0.164,0.118,0.162,0.155,0.134,0.205,0.201,0.107,0.087,0.089,0.159,0.243,0.283,0.270,Low_SNR,Low_SNR,0.124,0.145,Low_SNR,0.103,0.236,0.130,0.21
1839,0.246,0.167,0.120,0.164,0.158,0.140,0.207,0.204,0.103,0.090,0.088,0.159,0.244,0.287,0.264,Low_SNR,Low_SNR,0.128,0.146,Low_SNR,0.100,0.237,0.131,0.22
1840,0.250,0.181,0.125,0.169,0.165,0.142,0.210,0.208,0.108,0.097,0.092,0.163,0.248,0.282,0.259,Low_SNR,Low_SNR,0.140,0.155,Low_SNR,0.108,0.243,0.134,0.23
1841,0.245,0.159,0.129,0.172,0.166,0.141,0.209,0.207,0.122,0.098,0.092,0.174,0.241,0.280,0.265,Low_SNR,Low_SNR,0.144,0.152,Low_SNR,0.111,0.241,0.139,0.23
1842,0.250,0.182,0.120,0.164,0.162,0.133,0.205,0.206,0.103,0.084,0.087,0.156,0.243,0.285,0.260,Low_SNR,Low_SNR,0.131,0.149,Low_SNR,0.101,0.237,0.131,0.23
1843,0.245,0.170,0.125,0.171,0.164,0.139,0.208,0.208,0.114,0.095,0.099,0.167,0.243,0.280,0.260,Low_SNR,Low_SNR,0.136,0.151,Low_SNR,0.103,0.238,0.135,0.22
1844,0.248,0.178,0.125,0.170,0.166,0.135,0.207,0.207,0.107,0.095,0.093,0.158,0.245,0.282,0.262,Low_SNR,Low_SNR,0.139,0.152,Low_SNR,0.108,0.239,0.133,0.23
1845,0.251,0.192,0.126,0.170,0.165,0.139,0.211,0.210,0.109,0.101,0.093,0.160,0.246,0.279,0.266,Low_SNR,Low_SNR,0.141,0.150,Low_SNR,0.109,0.241,0.136,0.25
1846,0.248,0.175,0.116,0.162,0.158,0.130,0.208,0.203,0.099,0.091,0.083,0.157,0.243,0.287,0.280,Low_SNR,Low_SNR,0.127,0.143,Low_SNR,0.095,0.234,0.127,0.26
1847,0.244,0.172,0.121,0.168,0.162,0.136,0.206,0.204,0.101,0.089,0.090,0.159,0.240,0.287,0.270,0.001,Low_SNR,0.136,0.150,Low_SNR,0.104,0.238,0.132,0.23
1848,0.244,0.165,0.124,0.167,0.161,0.139,0.208,0.204,0.109,0.093,0.092,0.163,0.246,0.286,0.273,Low_SNR,Low_SNR,0.138,0.147,Low_SNR,0.098,0.240,0.131,0.24
1849,0.248,0.175,0.121,0.166,0.160,0.132,0.205,0.205,0.105,0.093,0.092,0.161,0.249,0.285,0.265,Low_SNR,Low_SNR,0.133,0.147,Low_SNR,0.103,0.238,0.130,0.23
1850,0.249,0.183,0.121,0.165,0.159,0.139,0.208,0.204,0.101,0.094,0.090,0.150,0.243,0.276,0.274,Low_SNR,Low_SNR,0.133,0.146,Low_SNR,0.098,0.241,0.131,0.23
1851,0.247,0.179,0.117,0.164,0.159,0.131,0.205,0.203,0.099,0.084,0.087,0.156,0.250,0.282,0.267,Low_SNR,Low_SNR,0.126,0.150,Low_SNR,0.100,0.239,0.132,0.23
1852,0.252,0.181,0.123,0.165,0.158,0.128,0.207,0.205,0.104,0.097,0.089,0.156,0.250,0.287,0.265,Low_SNR,Low_SNR,0.127,0.147,Low_SNR,0.106,0.240,0.125,0.24
1853,0.248,0.169,0.135,0.173,0.170,0.152,0.211,0.211,0.106,0.100,0.091,0.180,0.250,0.287,0.254,Low_SNR,Low_SNR,0.148,0.155,Low_SNR,0.104,0.245,0.129,0.22
1854,0.242,0.155,0.124,0.169,0.164,0.141,0.209,0.206,0.123,0.096,0.095,0.168,0.240,0.280,0.258,Low_SNR,Low_SNR,0.139,0.156,Low_SNR,0.109,0.248,0.135,0.22
1855,0.247,0.193,0.121,0.162,0.153,0.126,0.204,0.204,0.094,0.089,0.085,0.149,0.239,0.276,0.273,Low_SNR,Low_SNR,0.129,0.136,Low_SNR,0.099,0.237,0.124,0.23
1856,0.248,0.172,0.126,0.170,0.167,0.145,0.210,0.208,0.111,0.098,0.094,0.159,0.239,0.274,0.265,Low_SNR,Low_SNR,0.141,0.153,Low_SNR,0.112,0.242,0.136,0.23
1857,0.245,0.163,0.122,0.164,0.158,0.132,0.205,0.203,0.109,0.095,0.089,0.162,0.251,0.294,0.261,Low_SNR,Low_SNR,0.139,0.147,Low_SNR,0.103,0.234,0.129,0.24
1858,0.253,0.188,0.130,0.174,0.170,0.138,0.208,0.212,0.116,0.097,0.105,0.163,0.249,0.281,0.254,Low_SNR,Low_SNR,0.139,0.162,Low_SNR,0.111,0.235,0.133,0.24
1859,0.251,0.181,0.134,0.171,0.163,0.152,0.209,0.211,0.109,0.105,0.092,0.164,0.250,0.287,0.263,Low_SNR,Low_SNR,0.138,0.135,Low_SNR,0.104,0.237,0.134,0.23
1860,0.248,0.171,0.123,0.166,0.163,0.133,0.207,0.207,0.104,0.094,0.092,0.161,0.242,0.286,0.268,0.000,Low_SNR,0.132,0.148,Low_SNR,0.099,0.233,0.121,0.22
1861,0.247,0.181,0.122,0.161,0.152,0.131,0.206,0.205,0.097,0.089,0.091,0.167,0.249,0.285,0.264,Low_SNR,Low_SNR,0.126,0.143,Low_SNR,0.105,0.238,0.126,0.22
1862,0.246,0.170,0.120,0.162,0.157,0.125,0.205,0.204,0.106,0.094,0.087,0.161,0.245,0.282,0.266,Low_SNR,Low_SNR,0.129,0.149,Low_SNR,0.101,0.235,0.133,0.23
1863,0.247,0.175,0.124,0.166,0.163,0.141,0.207,0.207,0.103,0.090,0.091,0.158,0.243,0.286,0.265,Low_SNR,Low_SNR,0.134,0.149,Low_SNR,0.102,0.237,0.131,0.23
1864,0.243,0.156,0.126,0.166,0.161,0.136,0.208,0.208,0.104,0.100,0.090,0.168,0.242,0.285,0.265,Low_SNR,Low_SNR,0.144,0.151,Low_SNR,0.105,0.240,0.139,0.23
1865,0.245,0.161,0.130,0.168,0.161,0.135,0.207,0.206,0.114,0.101,0.090,0.176,0.246,0.295,0.262,Low_SNR,Low_SNR,0.143,0.144,Low_SNR,0.102,0.236,0.132,0.23
1866,0.248,0.171,0.124,0.170,0.165,0.140,0.207,0.210,0.111,0.100,0.097,0.161,0.244,0.280,0.260,Low_SNR,Low_SNR,0.143,0.148,Low_SNR,0.106,0.244,0.137,0.23
1867,0.240,0.148,0.125,0.167,0.162,0.135,0.208,0.203,0.111,0.099,0.096,0.171,0.239,0.286,0.276,Low_SNR,Low_SNR,0.145,0.146,Low_SNR,0.101,0.237,0.126,0.23
1868,0.249,0.174,0.116,0.162,0.156,0.138,0.208,0.202,0.101,0.087,0.087,0.145,0.245,0.287,0.270,Low_SNR,Low_SNR,0.127,0.140,Low_SNR,0.100,0.236,0.134,0.25
1869,0.253,0.186,0.121,0.168,0.158,0.138,0.205,0.206,0.110,0.091,0.088,0.161,0.251,0.287,0.258,Low_SNR,Low_SNR,0.130,0.146,Low_SNR,0.099,0.231,0.126,0.23
1870,0.247,0.181,0.131,0.173,0.189,0.144,0.201,0.209,0.108,0.091,0.089,0.167,0.243,0.279,0.270,Low_SNR,Low_SNR,0.137,0.140,Low_SNR,0.110,0.220,Low_SNR,0.23
1871,0.246,0.166,0.114,0.159,0.151,0.128,0.213,0.201,0.104,0.080,0.082,0.165,0.247,0.282,0.259,Low_SNR,Low_SNR,0.130,0.137,Low_SNR,0.092,0.246,0.106,0.22
1872,0.251,0.177,0.124,0.165,0.157,0.137,0.208,0.208,0.107,0.092,0.084,0.159,0.251,0.293,0.267,0.001,Low_SNR,0.129,0.137,Low_SNR,0.093,0.239,0.127,0.24
1873,0.248,0.191,0.113,0.160,0.168,Low_SNR,0.206,0.203,0.094,0.078,0.080,0.154,0.246,0.284,0.275,Low_SNR,Low_SNR,0.115,0.141,Low_SNR,0.090,0.247,Low_SNR,0.23
1874,0.249,0.151,0.128,0.170,0.162,0.128,0.206,0.206,0.108,0.097,0.092,0.178,0.257,0.288,0.254,Low_SNR,Low_SNR,0.149,0.150,Low_SNR,0.107,0.235,0.141,0.24
1875,0.245,0.156,0.106,0.160,0.163,0.115,0.202,0.200,0.121,0.091,0.090,0.150,0.245,0.288,0.270,Low_SNR,Low_SNR,0.121,0.150,Low_SNR,0.099,0.232,0.136,0.22
1876,0.246,0.171,0.129,0.169,0.159,0.094,0.204,0.202,0.105,0.106,0.097,0.146,0.241,0.278,0.265,Low_SNR,Low_SNR,0.137,0.153,Low_SNR,0.103,0.241,0.135,0.22
1877,0.247,0.178,0.128,0.171,0.163,0.138,0.211,0.207,0.115,0.105,0.105,0.171,0.243,0.271,0.270,Low_SNR,Low_SNR,0.143,0.151,Low_SNR,0.115,0.246,0.142,0.23
1878,0.247,0.175,0.119,0.165,0.156,0.139,0.209,0.206,0.114,0.090,0.091,0.159,0.242,0.285,0.267,Low_SNR,Low_SNR,0.132,0.140,Low_SNR,0.092,0.233,0.128,0.23
1879,0.244,0.156,0.114,0.171,0.183,Low_SNR,0.202,0.207,0.121,0.095,0.096,0.193,0.245,0.287,0.262,Low_SNR,Low_SNR,0.133,0.153,Low_SNR,0.107,0.233,Low_SNR,0.23
1880,0.248,0.171,0.117,0.168,0.164,0.146,0.212,0.206,0.095,0.090,0.095,0.156,0.242,0.287,0.263,0.000,Low_SNR,0.128,0.154,Low_SNR,0.104,0.246,0.134,0.23
1881,0.249,0.171,0.118,0.164,0.159,0.137,0.207,0.203,0.101,0.089,0.089,0.162,0.241,0.284,0.262,Low_SNR,Low_SNR,0.127,0.143,Low_SNR,0.107,0.242,0.138,0.23
1882,0.246,0.169,0.115,0.161,0.155,0.126,0.209,0.202,0.102,0.087,0.087,0.162,0.244,0.288,0.268,Low_SNR,Low_SNR,0.132,0.142,Low_SNR,0.101,0.237,0.129,0.23
1883,0.245,0.170,0.123,0.163,0.159,0.128,0.206,0.204,0.106,0.095,0.091,0.165,0.242,0.286,0.263,Low_SNR,Low_SNR,0.134,0.148,Low_SNR,0.102,0.232,0.128,0.23
1884,0.247,0.171,0.121,0.169,0.163,0.139,0.209,0.205,0.111,0.092,0.089,0.162,0.241,0.282,0.265,Low_SNR,Low_SNR,0.137,0.147,Low_SNR,0.098,0.242,0.135,0.23
1885,0.249,0.173,0.124,0.169,0.165,0.139,0.207,0.208,0.106,0.096,0.094,0.171,0.246,0.284,0.255,Low_SNR,Low_SNR,0.138,0.153,Low_SNR,0.111,0.240,0.130,0.23
1886,0.243,0.170,0.120,0.162,0.157,0.138,0.210,0.204,0.103,0.089,0.091,0.149,0.236,0.285,0.266,Low_SNR,Low_SNR,0.127,0.141,Low_SNR,0.097,0.240,0.126,0.23
1887,0.246,0.176,0.126,0.170,0.161,0.130,0.207,0.205,0.104,0.097,0.090,0.164,0.239,0.281,0.257,Low_SNR,Low_SNR,0.145,0.149,Low_SNR,0.101,0.236,0.132,0.23
1888,0.250,0.159,0.123,0.170,0.175,0.153,0.200,0.205,0.115,0.097,0.095,0.156,0.249,0.288,0.258,Low_SNR,0.000,0.137,0.155,Low_SNR,0.113,0.231,0.178,0.23
1889,0.247,0.167,0.123,0.167,0.162,0.125,0.203,0.204,0.102,0.094,0.088,0.164,0.244,0.281,0.268,Low_SNR,Low_SNR,0.140,0.147,Low_SNR,0.110,0.229,0.152,0.22
1890,0.245,0.165,0.128,0.170,0.168,0.160,0.206,0.209,0.101,0.100,0.094,0.172,0.244,0.285,0.263,Low_SNR,Low_SNR,0.141,0.143,Low_SNR,0.100,0.230,0.154,0.23
1891,0.245,0.180,0.120,0.165,0.157,0.163,0.213,0.209,0.096,0.088,0.083,0.156,0.243,0.280,0.264,Low_SNR,Low_SNR,0.133,0.133,Low_SNR,0.096,0.243,Low_SNR,0.23
1892,0.245,0.151,0.116,0.162,0.155,0.116,0.209,0.201,0.118,0.089,0.085,0.162,0.250,0.292,0.262,Low_SNR,Low_SNR,0.130,0.147,Low_SNR,0.100,0.247,Low_SNR,0.22
1893,0.246,0.166,0.122,0.169,0.171,0.164,0.208,0.210,0.094,0.091,0.090,0.159,0.240,0.279,0.258,Low_SNR,Low_SNR,0.137,0.153,Low_SNR,0.096,0.239,0.128,0.22
1894,0.247,0.154,0.125,0.171,0.167,0.075,0.193,0.201,0.114,0.095,0.102,0.175,0.250,0.288,0.270,Low_SNR,Low_SNR,0.143,0.181,Low_SNR,0.119,0.239,0.200,0.23
1895,0.243,0.169,0.110,0.152,0.144,0.104,0.213,0.198,0.095,0.081,0.082,0.160,0.242,0.287,0.263,Low_SNR,Low_SNR,0.117,0.137,Low_SNR,0.082,0.237,Low_SNR,0.22
1896,0.246,0.177,0.111,0.159,0.154,0.149,0.212,0.205,0.105,0.086,0.085,0.160,0.244,0.279,0.264,Low_SNR,0.000,0.132,0.138,Low_SNR,0.092,0.245,0.079,0.21
1897,0.246,0.159,0.115,0.165,0.162,0.123,0.200,0.204,0.125,0.095,0.093,0.163,0.246,0.281,0.263,0.001,Low_SNR,0.131,0.141,Low_SNR,0.111,0.233,0.119,0.23
1898,0.243,Low_SNR,0.133,0.184,0.176,Low_SNR,0.177,0.205,0.152,0.119,0.136,Low_SNR,0.248,0.290,0.267,Low_SNR,Low_SNR,0.154,Low_SNR,Low_SNR,Low_SNR,0.209,Low_SNR,0.23
1899,0.240,0.160,0.113,0.158,0.150,0.132,0.213,0.203,0.112,0.078,0.078,0.173,0.239,0.275,0.264,Low_SNR,Low_SNR,Low_SNR,0.138,Low_SNR,0.110,0.239,0.087,0.22
1900,0.251,0.180,0.124,0.170,0.172,0.158,0.206,0.212,0.089,0.094,0.092,0.144,0.245,0.275,0.261,Low_SNR,Low_SNR,0.135,0.147,Low_SNR,0.096,0.236,0.145,0.22
1901,0.249,0.181,0.123,0.163,0.157,0.134,0.205,0.205,0.108,0.089,0.091,0.153,0.247,0.284,0.264,Low_SNR,Low_SNR,0.132,0.146,Low_SNR,0.098,0.237,0.124,0.23
1902,0.250,0.177,0.119,0.166,0.160,0.140,0.205,0.206,0.107,0.089,0.086,0.152,0.249,0.284,0.259,Low_SNR,Low_SNR,0.135,0.145,Low_SNR,0.099,0.238,0.130,0.23
1903,0.251,0.173,0.128,0.168,0.164,0.131,0.204,0.206,0.101,0.097,0.093,0.161,0.249,0.288,0.258,Low_SNR,Low_SNR,0.141,0.148,Low_SNR,0.103,0.234,0.126,0.23
1904,0.243,0.170,0.118,0.164,0.160,0.138,0.204,0.204,0.099,0.087,0.090,0.160,0.242,0.278,0.263,Low_SNR,Low_SNR,0.128,0.146,Low_SNR,0.094,0.236,0.127,0.23
1905,0.246,0.165,0.116,0.162,0.156,0.127,0.205,0.201,0.108,0.089,0.089,0.150,0.242,0.284,0.265,Low_SNR,Low_SNR,0.129,0.147,Low_SNR,0.098,0.238,0.127,0.23
1906,0.238,Low_SNR,Low_SNR,0.173,0.187,Low_SNR,0.222,0.220,Low_SNR,Low_SNR,Low_SNR,0.152,0.215,0.270,0.258,Low_SNR,Low_SNR,Low_SNR,Low_SNR,Low_SNR,Low_SNR,0.246,Low_SNR,0.24
1907,0.248,0.179,0.122,0.165,0.159,0.134,0.207,0.205,0.094,0.090,0.086,0.156,0.246,0.282,0.259,0.001,Low_SNR,0.134,0.146,Low_SNR,0.092,0.236,0.127,0.22
1908,0.247,0.178,0.123,0.164,0.160,0.142,0.206,0.206,0.095,0.084,0.085,0.157,0.242,0.280,0.265,Low_SNR,Low_SNR,0.128,0.145,Low_SNR,0.095,0.237,0.128,0.23
1909,0.245,0.165,0.117,0.160,0.155,0.131,0.207,0.199,0.092,0.087,0.087,0.155,0.247,0.290,0.262,Low_SNR,Low_SNR,0.129,0.140,Low_SNR,0.092,0.235,0.124,0.23
1910,0.251,0.183,0.123,0.168,0.162,0.130,0.206,0.208,0.105,0.093,0.090,0.162,0.247,0.282,0.263,Low_SNR,Low_SNR,0.141,0.148,Low_SNR,0.098,0.239,0.134,0.23
1911,0.246,0.171,0.117,0.162,0.154,0.129,0.203,0.203,0.100,0.091,0.083,0.155,0.246,0.284,0.266,0.000,Low_SNR,0.131,0.140,Low_SNR,0.102,0.235,0.134,0.23
1912,0.241,0.173,0.118,0.162,0.157,0.135,0.202,0.202,0.097,0.085,0.085,0.153,0.236,0.276,0.264,Low_SNR,Low_SNR,0.123,0.144,Low_SNR,0.094,0.235,0.123,0.23
1913,0.247,0.164,0.122,0.169,0.164,0.142,0.209,0.207,0.113,0.098,0.095,0.158,0.248,0.283,0.263,Low_SNR,Low_SNR,0.138,0.153,Low_SNR,0.103,0.242,0.139,0.22
1914,0.247,0.167,0.113,0.158,0.155,0.133,0.206,0.201,0.102,0.085,0.086,0.157,0.248,0.283,0.263,Low_SNR,Low_SNR,0.130,0.143,Low_SNR,0.091,0.235,0.126,0.22
1915,0.247,0.170,0.118,0.166,0.162,0.139,0.208,0.208,0.110,0.097,0.094,0.164,0.248,0.282,0.262,Low_SNR,Low_SNR,0.137,0.147,Low_SNR,0.106,0.238,0.130,0.23
1916,0.245,0.167,0.112,0.160,0.156,0.131,0.204,0.199,0.104,0.087,0.087,0.159,0.247,0.281,0.267,0.000,Low_SNR,0.129,0.144,Low_SNR,0.096,0.234,0.130,0.23
1917,0.245,0.167,0.119,0.163,0.159,0.133,0.205,0.202,0.099,0.091,0.087,0.174,0.244,0.279,0.265,Low_SNR,Low_SNR,0.134,0.145,Low_SNR,0.106,0.238,0.128,0.24
1918,0.249,0.185,0.128,0.169,0.159,0.126,0.206,0.208,0.100,0.091,0.093,0.156,0.249,0.281,0.262,Low_SNR,Low_SNR,0.132,0.148,Low_SNR,0.110,0.240,0.135,0.23
1919,0.239,0.138,0.091,0.149,0.134,Low_SNR,0.220,0.196,0.114,0.085,0.083,0.137,0.240,0.274,0.266,Low_SNR,Low_SNR,0.120,0.114,Low_SNR,0.111,0.260,0.116,0.22
1920,0.256,Low_SNR,0.162,0.175,0.163,Low_SNR,0.205,0.208,0.099,0.104,0.112,0.146,0.250,0.270,0.261,Low_SNR,Low_SNR,0.117,0.194,Low_SNR,0.119,0.248,Low_SNR,0.24
1921,0.247,0.175,0.120,0.165,0.162,0.135,0.208,0.205,0.103,0.087,0.083,0.157,0.245,0.271,0.264,Low_SNR,Low_SNR,0.131,0.149,Low_SNR,0.095,0.244,0.125,0.23
1922,0.247,0.169,0.121,0.167,0.166,0.135,0.209,0.206,0.103,0.099,0.092,0.153,0.240,0.274,0.266,Low_SNR,Low_SNR,0.135,0.149,Low_SNR,0.116,0.246,0.135,0.23
1923,0.246,0.172,0.116,0.164,0.160,0.128,0.204,0.204,0.102,0.093,0.082,0.156,0.248,0.278,0.263,Low_SNR,Low_SNR,0.139,0.143,Low_SNR,0.103,0.238,0.131,0.24
1924,0.250,0.174,0.120,0.164,0.158,0.134,0.203,0.206,0.104,0.090,0.091,0.163,0.250,0.287,0.262,Low_SNR,Low_SNR,0.132,0.148,Low_SNR,0.102,0.232,0.129,0.23
1925,0.246,0.171,0.113,0.159,0.154,0.129,0.206,0.201,0.096,0.083,0.080,0.152,0.252,0.285,0.267,Low_SNR,Low_SNR,0.122,0.137,Low_SNR,0.089,0.240,0.131,0.23
1926,0.246,0.171,0.122,0.167,0.160,0.137,0.206,0.207,0.106,0.097,0.092,0.162,0.249,0.285,0.262,Low_SNR,Low_SNR,0.138,0.146,Low_SNR,0.101,0.236,0.124,0.23
1927,0.246,0.175,0.125,0.168,0.160,0.135,0.209,0.206,0.107,0.089,0.087,0.154,0.235,0.276,0.268,Low_SNR,Low_SNR,0.131,0.146,Low_SNR,0.099,0.240,0.133,0.23
1928,0.250,0.176,0.124,0.165,0.162,0.141,0.207,0.207,0.107,0.089,0.089,0.161,0.248,0.281,0.263,Low_SNR,Low_SNR,0.130,0.148,Low_SNR,0.098,0.236,0.130,0.24
1929,0.248,Low_SNR,0.114,0.161,0.148,0.133,0.192,0.197,0.126,0.096,0.087,0.157,0.258,0.292,0.269,Low_SNR,Low_SNR,0.154,0.140,Low_SNR,0.127,0.218,Low_SNR,0.25
1930,0.258,0.229,0.136,0.164,0.153,0.108,0.195,0.206,0.101,0.083,0.086,0.157,0.255,0.282,0.257,Low_SNR,Low_SNR,0.112,0.147,Low_SNR,0.110,0.228,0.164,0.24
1931,0.244,0.168,0.133,0.179,0.175,0.171,0.223,0.218,0.110,0.104,0.101,0.169,0.230,0.257,0.261,Low_SNR,Low_SNR,0.148,0.159,Low_SNR,0.114,0.258,Low_SNR,0.22
1932,0.250,0.171,0.120,0.164,0.163,0.147,0.207,0.207,0.103,0.088,0.086,0.161,0.255,0.292,0.265,Low_SNR,Low_SNR,0.132,0.144,Low_SNR,0.102,0.235,0.142,0.22
1933,0.246,0.173,0.119,0.166,0.161,0.136,0.207,0.207,0.104,0.086,0.086,0.164,0.243,0.278,0.271,Low_SNR,Low_SNR,0.132,0.148,Low_SNR,0.108,0.239,0.127,0.24
1934,0.250,0.169,0.123,0.166,0.159,0.142,0.203,0.206,0.112,0.091,0.089,0.161,0.251,0.285,0.262,Low_SNR,Low_SNR,0.129,0.143,Low_SNR,0.102,0.231,0.123,0.23
1935,0.248,0.173,0.121,0.167,0.162,0.140,0.204,0.206,0.116,0.096,0.095,0.156,0.246,0.279,0.256,Low_SNR,Low_SNR,0.136,0.151,Low_SNR,0.109,0.234,0.135,0.22
1936,0.251,0.179,0.123,0.166,0.161,0.142,0.207,0.208,0.102,0.093,0.086,0.163,0.245,0.283,0.264,Low_SNR,Low_SNR,0.131,0.144,Low_SNR,0.106,0.237,0.124,0.23
1937,0.250,0.175,0.120,0.164,0.159,0.138,0.208,0.207,0.092,0.088,0.087,0.161,0.246,0.287,0.267,Low_SNR,Low_SNR,0.128,0.144,Low_SNR,0.100,0.237,0.124,0.23
1938,0.248,0.178,0.124,0.168,0.162,0.134,0.208,0.209,0.095,0.093,0.092,0.169,0.244,0.271,0.260,Low_SNR,Low_SNR,0.133,0.147,Low_SNR,0.107,0.240,0.135,0.23
1939,0.249,0.179,0.127,0.171,0.163,0.139,0.206,0.210,0.105,0.094,0.094,0.162,0.247,0.280,0.255,Low_SNR,Low_SNR,0.139,0.152,0.022,0.106,0.231,0.144,0.23
1940,0.251,0.174,0.118,0.161,0.153,0.128,0.207,0.206,0.102,0.090,0.084,0.161,0.249,0.291,0.261,Low_SNR,Low_SNR,0.127,0.139,Low_SNR,0.104,0.237,0.112,0.23
1941,0.250,0.171,0.118,0.165,0.160,0.135,0.206,0.207,0.104,0.092,0.091,0.163,0.252,0.283,0.255,Low_SNR,Low_SNR,0.134,0.148,Low_SNR,0.106,0.233,0.132,0.24
1942,0.245,0.173,0.117,0.164,0.161,0.133,0.208,0.205,0.102,0.088,0.087,0.158,0.244,0.272,0.265,Low_SNR,Low_SNR,0.133,0.146,Low_SNR,0.101,0.240,0.123,0.23
1943,0.245,Low_SNR,0.107,0.155,0.145,Low_SNR,0.208,0.199,0.113,0.083,0.073,0.181,0.246,0.288,0.270,Low_SNR,Low_SNR,0.123,0.134,Low_SNR,0.110,0.242,Low_SNR,0.22
1944,0.249,0.188,0.117,0.167,0.161,0.149,0.214,0.212,0.108,0.091,0.087,0.146,0.241,0.278,0.261,Low_SNR,Low_SNR,0.131,0.146,Low_SNR,0.095,0.242,0.131,0.23
1945,0.255,0.172,0.124,0.167,0.159,0.118,0.200,0.206,0.104,0.096,0.095,0.169,0.259,0.287,0.249,Low_SNR,Low_SNR,0.140,0.152,Low_SNR,0.110,0.225,0.145,0.22
1946,0.242,0.162,0.112,0.157,0.149,0.127,0.212,0.201,0.087,0.087,0.085,0.145,0.240,0.282,0.272,Low_SNR,Low_SNR,0.119,0.134,Low_SNR,0.092,0.248,Low_SNR,0.22
1947,0.244,0.166,0.118,0.158,0.148,0.133,0.205,0.204,0.107,0.088,0.087,0.157,0.247,0.293,0.270,Low_SNR,Low_SNR,0.126,0.135,Low_SNR,0.089,0.238,0.148,0.23
1948,0.248,0.182,0.126,0.170,0.164,0.130,0.205,0.209,0.099,0.092,0.092,0.167,0.247,0.274,0.260,Low_SNR,Low_SNR,0.137,0.153,Low_SNR,0.102,0.235,0.148,0.24
1949,0.247,0.176,0.125,0.172,0.165,0.139,0.209,0.212,0.118,0.098,0.096,0.167,0.243,0.260,0.261,Low_SNR,Low_SNR,0.140,0.152,Low_SNR,0.108,0.238,0.163,0.24
1950,0.240,0.171,0.105,0.161,0.165,0.146,0.219,0.205,0.093,0.084,0.085,0.147,0.236,0.265,0.266,Low_SNR,Low_SNR,0.121,0.151,0.033,0.085,0.255,Low_SNR,0.24
1951,0.245,0.167,0.117,0.162,0.157,0.133,0.207,0.206,0.103,0.086,0.089,0.152,0.245,0.288,0.264,Low_SNR,Low_SNR,0.129,0.144,Low_SNR,0.098,0.234,0.127,0.23
1952,0.245,0.173,0.120,0.162,0.157,0.135,0.206,0.206,0.096,0.091,0.084,0.160,0.248,0.271,0.266,Low_SNR,Low_SNR,0.132,0.145,Low_SNR,0.091,0.238,0.118,0.23
1953,0.245,0.184,0.124,0.164,0.156,0.126,0.204,0.208,0.097,0.088,0.089,0.162,0.243,0.268,0.265,Low_SNR,Low_SNR,0.129,0.140,0.023,0.100,0.236,0.131,0.24
1954,0.242,0.173,0.125,0.167,0.163,0.143,0.214,0.211,0.106,0.090,0.089,0.161,0.234,0.253,0.270,Low_SNR,0.001,0.134,0.148,Low_SNR,0.108,0.249,0.121,0.23
1955,0.247,0.169,0.121,0.166,0.162,0.133,0.209,0.210,0.118,0.092,0.088,0.156,0.241,0.277,0.260,Low_SNR,Low_SNR,0.139,0.149,Low_SNR,0.106,0.240,0.131,0.23
1956,0.243,0.172,0.117,0.163,0.157,0.141,0.212,0.206,0.093,0.088,0.085,0.155,0.236,0.267,0.271,Low_SNR,Low_SNR,0.127,0.144,Low_SNR,0.097,0.239,0.128,0.23
1957,0.246,0.178,0.121,0.163,0.154,0.125,0.203,0.205,0.093,0.093,0.086,0.166,0.253,0.282,0.263,Low_SNR,Low_SNR,0.133,0.141,Low_SNR,0.104,0.236,0.130,0.22
1958,0.247,0.183,0.123,0.166,0.161,0.133,0.207,0.210,0.106,0.091,0.093,0.161,0.243,0.271,0.265,Low_SNR,Low_SNR,0.132,0.147,Low_SNR,0.106,0.237,0.111,0.23
1959,0.248,0.200,0.117,0.157,0.141,0.162,0.209,0.209,0.098,0.082,0.077,0.169,0.246,0.273,0.260,Low_SNR,0.001,0.120,0.130,Low_SNR,0.100,0.242,Low_SNR,0.24
1960,0.243,0.173,0.118,0.163,0.154,0.111,0.209,0.205,0.106,0.083,0.081,0.159,0.247,0.265,0.265,Low_SNR,Low_SNR,0.132,0.138,Low_SNR,0.093,0.243,Low_SNR,0.24
1961,0.248,0.175,0.118,0.166,0.161,0.136,0.210,0.208,0.102,0.088,0.086,0.159,0.249,0.276,0.255,0.000,Low_SNR,0.133,0.144,Low_SNR,0.111,0.240,0.150,0.23
1962,0.247,0.177,0.128,0.167,0.163,0.144,0.206,0.213,0.116,0.096,0.097,0.169,0.252,0.277,0.259,Low_SNR,Low_SNR,0.137,0.151,Low_SNR,0.107,0.233,0.148,0.24
1963,0.246,0.175,0.124,0.166,0.159,0.142,0.208,0.210,0.117,0.097,0.095,0.164,0.248,0.273,0.266,Low_SNR,Low_SNR,0.136,0.145,Low_SNR,0.116,0.241,0.139,0.22
1964,0.246,0.167,0.124,0.167,0.162,0.137,0.205,0.210,0.108,0.093,0.087,0.158,0.246,0.277,0.258,Low_SNR,Low_SNR,0.138,0.143,Low_SNR,0.107,0.232,0.159,0.22
1965,0.249,0.178,0.124,0.168,0.166,0.143,0.209,0.214,0.093,0.095,0.098,0.165,0.238,0.271,0.260,Low_SNR,Low_SNR,0.137,0.152,0.017,0.106,0.240,0.143,0.23
1966,0.244,0.173,0.122,0.163,0.157,0.131,0.207,0.210,0.103,0.094,0.090,0.163,0.245,0.273,0.263,Low_SNR,Low_SNR,0.129,0.144,Low_SNR,0.111,0.237,0.119,0.23
1967,0.245,0.170,0.120,0.165,0.159,0.138,0.207,0.209,0.103,0.096,0.094,0.156,0.245,0.283,0.259,Low_SNR,Low_SNR,0.136,0.146,Low_SNR,0.103,0.237,0.137,0.22
1968,0.245,0.167,0.119,0.164,0.159,0.129,0.206,0.206,0.101,0.088,0.086,0.156,0.247,0.272,0.269,Low_SNR,Low_SNR,0.131,0.145,Low_SNR,0.105,0.239,0.130,0.22
1969,0.250,0.179,0.118,0.161,0.152,0.127,0.203,0.206,0.099,0.090,0.086,0.161,0.252,0.291,0.264,Low_SNR,Low_SNR,0.127,0.140,Low_SNR,0.098,0.229,0.141,0.23
1970,0.253,0.192,0.132,0.175,0.168,0.156,0.204,0.216,0.102,0.099,0.097,0.158,0.249,0.279,0.246,Low_SNR,Low_SNR,0.138,0.155,Low_SNR,0.108,0.229,0.163,0.23
1971,0.247,0.175,0.123,0.165,0.156,0.131,0.207,0.209,0.107,0.092,0.090,0.160,0.243,0.275,0.264,Low_SNR,Low_SNR,0.131,0.144,Low_SNR,0.106,0.237,0.147,0.22
1972,0.249,0.179,0.122,0.166,0.159,0.146,0.207,0.211,0.107,0.094,0.090,0.165,0.251,0.281,0.256,Low_SNR,Low_SNR,0.134,0.145,Low_SNR,0.103,0.236,0.143,0.23
1973,0.251,0.181,0.128,0.174,0.170,0.142,0.211,0.214,0.110,0.102,0.097,0.168,0.247,0.270,0.251,Low_SNR,Low_SNR,0.144,0.158,Low_SNR,0.117,0.242,0.144,0.22
1974,0.246,0.168,0.118,0.163,0.159,0.137,0.197,0.208,0.096,0.089,0.093,0.159,0.251,0.287,0.259,0.001,Low_SNR,0.133,0.150,Low_SNR,0.108,0.219,0.173,0.22
1975,0.241,0.159,0.111,0.159,0.156,0.186,0.225,0.209,0.110,0.083,0.074,0.170,0.240,0.264,0.261,Low_SNR,Low_SNR,0.133,0.141,Low_SNR,0.090,0.261,Low_SNR,0.24
1976,0.248,0.178,0.124,0.166,0.152,0.131,0.215,0.210,0.096,0.093,0.094,0.162,0.247,0.274,0.256,Low_SNR,Low_SNR,0.131,0.142,Low_SNR,0.102,0.250,Low_SNR,0.23
1977,0.247,0.169,0.123,0.165,0.158,0.130,0.206,0.207,0.102,0.095,0.089,0.148,0.247,0.282,0.262,Low_SNR,Low_SNR,0.137,0.142,Low_SNR,0.101,0.239,0.133,0.23
1978,0.244,0.175,0.123,0.166,0.157,0.137,0.211,0.208,0.100,0.097,0.093,0.139,0.247,0.274,0.254,Low_SNR,Low_SNR,0.133,0.145,Low_SNR,0.099,0.247,0.114,0.22
1979,0.248,0.175,0.118,0.161,0.155,0.122,0.203,0.206,0.097,0.086,0.082,0.162,0.247,0.278,0.261,Low_SNR,Low_SNR,0.128,0.142,Low_SNR,0.099,0.233,0.107,0.23
1980,0.240,0.167,0.121,0.166,0.161,0.138,0.209,0.208,0.103,0.097,0.092,0.155,0.232,0.269,0.269,Low_SNR,Low_SNR,0.139,0.148,Low_SNR,0.104,0.245,0.124,0.23
1981,0.246,0.179,0.124,0.167,0.156,0.130,0.207,0.210,0.113,0.095,0.094,0.176,0.237,0.271,0.259,Low_SNR,Low_SNR,0.135,0.144,Low_SNR,0.104,0.244,0.117,0.23
1982,0.246,0.173,0.120,0.165,0.158,0.139,0.205,0.209,0.100,0.095,0.094,0.156,0.253,0.267,0.266,Low_SNR,Low_SNR,0.132,0.148,0.027,0.104,0.235,0.142,0.23
1983,0.250,0.182,0.129,0.171,0.168,0.137,0.205,0.213,0.114,0.096,0.094,0.195,0.250,0.268,0.255,Low_SNR,Low_SNR,0.142,0.151,Low_SNR,0.111,0.234,0.151,0.24
1984,0.252,0.182,0.125,0.169,0.164,0.135,0.210,0.214,0.096,0.098,0.098,0.166,0.249,0.272,0.256,Low_SNR,Low_SNR,0.138,0.153,Low_SNR,0.105,0.242,0.119,0.23
1985,0.245,0.169,0.121,0.166,0.161,0.134,0.207,0.210,0.110,0.091,0.092,0.156,0.244,0.271,0.267,Low_SNR,Low_SNR,0.130,0.148,Low_SNR,0.107,0.236,0.138,0.24
1986,0.244,0.172,0.122,0.166,0.162,0.142,0.209,0.211,0.105,0.090,0.089,0.165,0.249,0.270,0.265,Low_SNR,Low_SNR,0.135,0.147,Low_SNR,0.107,0.241,0.131,0.23
1987,0.248,0.172,0.119,0.164,0.157,0.133,0.205,0.208,0.108,0.089,0.084,0.163,0.249,0.275,0.261,Low_SNR,Low_SNR,0.131,0.143,Low_SNR,0.101,0.236,0.133,0.23
1988,0.243,0.175,0.124,0.167,0.161,0.137,0.208,0.210,0.106,0.092,0.091,0.165,0.245,0.269,0.263,Low_SNR,Low_SNR,0.135,0.146,Low_SNR,0.103,0.240,0.129,0.24
1989,0.243,0.169,0.118,0.161,0.158,0.132,0.204,0.207,0.093,0.086,0.085,0.160,0.247,0.282,0.264,Low_SNR,Low_SNR,0.126,0.143,Low_SNR,0.094,0.233,0.126,0.23
1990,0.244,0.173,0.121,0.165,0.163,0.141,0.208,0.209,0.100,0.092,0.093,0.159,0.238,0.266,0.264,0.001,Low_SNR,0.133,0.149,Low_SNR,0.100,0.241,0.132,0.23
1991,0.245,0.175,0.122,0.165,0.162,0.134,0.208,0.210,0.102,0.092,0.088,0.161,0.244,0.273,0.264,Low_SNR,Low_SNR,0.130,0.147,Low_SNR,0.100,0.236,0.133,0.23
1992,0.245,0.175,0.124,0.170,0.164,0.139,0.210,0.213,0.114,0.099,0.097,0.164,0.246,0.267,0.263,Low_SNR,Low_SNR,0.138,0.153,Low_SNR,0.114,0.239,0.132,0.24
1993,0.245,0.171,0.118,0.162,0.158,0.134,0.205,0.207,0.103,0.089,0.091,0.159,0.247,0.278,0.264,Low_SNR,Low_SNR,0.127,0.147,Low_SNR,0.099,0.234,0.129,0.23
1994,0.248,0.178,0.128,0.173,0.166,0.139,0.210,0.215,0.112,0.104,0.096,0.167,0.243,0.264,0.256,Low_SNR,Low_SNR,0.142,0.152,Low_SNR,0.116,0.242,0.134,0.23
1995,0.244,0.172,0.121,0.164,0.155,0.135,0.208,0.207,0.105,0.095,0.092,0.159,0.244,0.275,0.263,Low_SNR,Low_SNR,0.132,0.145,0.017,0.103,0.237,0.137,0.23
1996,0.246,0.172,0.119,0.161,0.157,0.132,0.205,0.206,0.105,0.089,0.089,0.157,0.241,0.273,0.264,Low_SNR,Low_SNR,0.131,0.144,Low_SNR,0.103,0.234,0.123,0.23
1997,0.243,0.171,0.116,0.160,0.153,0.131,0.204,0.205,0.098,0.089,0.087,0.156,0.246,0.289,0.267,Low_SNR,Low_SNR,0.125,0.140,Low_SNR,0.098,0.230,0.129,0.22
1998,0.246,0.175,0.124,0.169,0.167,0.144,0.208,0.213,0.106,0.096,0.093,0.166,0.246,0.274,0.258,Low_SNR,Low_SNR,0.136,0.152,Low_SNR,0.103,0.238,0.136,0.22
1999,0.247,0.182,0.119,0.163,0.158,0.136,0.205,0.210,0.106,0.089,0.090,0.159,0.244,0.276,0.264,Low_SNR,Low_SNR,0.131,0.144,Low_SNR,0.093,0.236,0.133,0.24
2000,0.249,0.185,0.133,0.176,0.189,0.194,0.211,0.220,0.092,0.092,0.095,0.151,0.241,0.260,0.265,Low_SNR,Low_SNR,0.136,0.166,Low_SNR,0.085,0.234,0.134,0.23
2001,0.245,0.175,0.121,0.167,0.162,0.139,0.209,0.210,0.105,0.092,0.087,0.162,0.244,0.269,0.264,Low_SNR,Low_SNR,0.133,0.145,Low_SNR,0.103,0.239,0.128,0.23
2002,0.246,0.175,0.123,0.167,0.164,0.138,0.207,0.209,0.111,0.095,0.093,0.163,0.247,0.274,0.254,Low_SNR,Low_SNR,0.136,0.150,Low_SNR,0.105,0.236,0.130,0.23
2003,0.246,0.174,0.121,0.165,0.156,0.130,0.204,0.208,0.109,0.089,0.090,0.159,0.250,0.276,0.260,Low_SNR,Low_SNR,0.133,0.143,Low_SNR,0.100,0.232,0.128,0.27
2004,0.245,0.173,0.121,0.164,0.157,0.130,0.208,0.206,0.101,0.087,0.089,0.159,0.245,0.274,0.264,Low_SNR,Low_SNR,0.130,0.147,Low_SNR,0.100,0.234,0.134,0.23
2005,0.244,0.172,0.118,0.162,0.154,0.138,0.208,0.205,0.109,0.087,0.090,0.161,0.245,0.276,0.264,Low_SNR,Low_SNR,0.128,0.139,Low_SNR,0.103,0.235,0.128,0.23
2006,0.247,0.177,0.123,0.165,0.161,0.135,0.206,0.209,0.108,0.090,0.085,0.163,0.241,0.279,0.261,Low_SNR,Low_SNR,0.132,0.145,Low_SNR,0.108,0.234,0.126,0.24
2007,0.245,0.173,0.117,0.161,0.154,0.131,0.205,0.205,0.103,0.086,0.081,0.158,0.246,0.279,0.264,Low_SNR,Low_SNR,0.127,0.138,Low_SNR,0.101,0.233,0.131,0.23
2008,0.245,0.177,0.126,0.171,0.164,0.143,0.210,0.212,0.112,0.096,0.095,0.166,0.246,0.267,0.258,Low_SNR,Low_SNR,0.139,0.146,Low_SNR,0.103,0.240,0.135,0.24
2009,0.247,0.160,0.131,0.174,0.169,0.129,0.206,0.211,0.123,0.100,0.105,0.155,0.248,0.268,0.253,Low_SNR,Low_SNR,0.143,0.165,Low_SNR,0.117,0.238,Low_SNR,0.23
2010,0.248,0.192,0.125,0.166,0.156,0.135,0.202,0.210,0.107,0.095,0.090,0.184,0.251,0.276,0.260,Low_SNR,Low_SNR,0.130,0.142,Low_SNR,0.106,0.235,Low_SNR,0.24
2011,0.248,0.198,0.123,0.161,0.148,0.110,0.203,0.206,0.091,0.092,0.089,0.139,0.243,0.269,0.257,Low_SNR,Low_SNR,0.126,0.135,Low_SNR,0.107,0.231,Low_SNR,0.23
2012,0.252,0.193,0.138,0.171,0.167,0.134,0.199,0.213,0.103,0.098,0.099,0.170,0.258,0.270,0.256,Low_SNR,Low_SNR,0.139,0.150,Low_SNR,0.116,0.224,0.168,0.24
2013,0.253,0.198,0.126,0.165,0.157,0.134,0.208,0.213,0.101,0.090,0.094,0.169,0.250,0.267,0.256,Low_SNR,Low_SNR,0.128,0.144,Low_SNR,0.103,0.243,Low_SNR,0.22
2014,0.241,0.135,0.125,0.172,0.169,0.161,0.204,0.211,0.114,0.099,0.097,0.179,0.243,0.282,0.259,Low_SNR,Low_SNR,0.151,0.154,Low_SNR,0.104,0.226,0.173,0.23
2015,0.252,0.202,0.127,0.166,0.160,0.161,0.197,0.211,0.094,0.089,0.081,0.159,0.247,0.278,0.258,Low_SNR,Low_SNR,0.132,0.133,Low_SNR,0.096,0.226,0.169,0.23
2016,0.238,0.153,0.114,0.160,0.158,0.149,0.218,0.206,0.102,0.085,0.084,0.162,0.233,0.268,0.267,Low_SNR,Low_SNR,0.129,0.135,Low_SNR,0.094,0.262,Low_SNR,0.23
2017,0.244,Low_SNR,Low_SNR,0.164,Low_SNR,Low_SNR,0.213,0.211,Low_SNR,Low_SNR,0.090,Low_SNR,0.258,0.283,0.252,Low_SNR,Low_SNR,Low_SNR,0.186,Low_SNR,Low_SNR,0.222,Low_SNR,0.25
2018,0.245,0.194,0.124,0.166,0.165,0.149,0.208,0.213,0.096,0.087,0.085,0.157,0.242,0.268,0.260,Low_SNR,Low_SNR,0.125,0.135,Low_SNR,0.095,0.233,0.113,0.23
2019,0.245,0.170,0.122,0.167,0.164,0.129,0.214,0.210,0.104,0.091,0.086,0.168,0.248,0.265,0.257,Low_SNR,Low_SNR,0.139,0.151,Low_SNR,0.093,0.250,0.140,0.23
2020,0.242,0.170,0.118,0.167,0.158,0.108,0.205,0.207,0.113,0.095,0.092,0.161,0.248,0.270,0.257,Low_SNR,Low_SNR,0.142,0.152,Low_SNR,0.103,0.240,Low_SNR,0.24
2021,0.243,0.163,0.129,0.167,0.158,0.138,0.215,0.211,0.107,0.095,0.091,0.167,0.246,0.272,0.259,Low_SNR,Low_SNR,0.140,0.140,Low_SNR,0.109,0.242,Low_SNR,0.22
2022,0.247,0.172,0.119,0.167,0.166,0.163,0.209,0.209,0.108,0.092,0.092,0.154,0.249,0.275,0.257,Low_SNR,Low_SNR,0.127,0.149,Low_SNR,0.098,0.240,0.129,0.22
2023,0.249,0.174,0.123,0.167,0.160,0.128,0.205,0.210,0.110,0.090,0.090,0.165,0.250,0.277,0.255,Low_SNR,Low_SNR,0.128,0.146,Low_SNR,0.103,0.230,0.119,0.23
2024,0.247,0.171,0.111,0.158,0.153,0.137,0.209,0.206,0.097,0.083,0.084,0.162,0.248,0.277,0.265,Low_SNR,Low_SNR,0.119,0.136,Low_SNR,0.092,0.241,0.109,0.23
2025,0.243,0.171,0.125,0.167,0.157,0.140,0.212,0.213,0.100,0.098,0.094,0.171,0.244,0.260,0.257,0.001,Low_SNR,0.139,0.148,Low_SNR,0.101,0.243,0.099,0.24
2026,0.248,0.176,0.125,0.165,0.156,0.127,0.204,0.208,0.107,0.096,0.094,0.154,0.251,0.276,0.261,Low_SNR,Low_SNR,0.137,0.145,Low_SNR,0.106,0.234,0.134,0.23
2027,0.243,0.168,0.125,0.170,0.162,0.132,0.207,0.209,0.115,0.097,0.095,0.173,0.250,0.268,0.253,Low_SNR,Low_SNR,0.142,0.154,Low_SNR,0.109,0.237,0.139,0.23
2028,0.247,0.174,0.115,0.159,0.158,0.152,0.211,0.208,0.081,0.083,0.080,0.158,0.246,0.278,0.260,Low_SNR,Low_SNR,0.124,0.139,Low_SNR,0.087,0.241,0.110,0.22
2029,0.246,0.177,0.122,0.167,0.158,0.129,0.205,0.209,0.099,0.092,0.090,0.172,0.247,0.267,0.265,Low_SNR,Low_SNR,0.131,0.145,Low_SNR,0.106,0.231,0.132,0.23
2030,0.245,0.167,0.114,0.159,0.153,0.136,0.204,0.205,0.098,0.083,0.080,0.160,0.249,0.289,0.262,Low_SNR,Low_SNR,0.125,0.137,Low_SNR,0.091,0.231,0.121,0.24
2031,0.246,0.166,0.118,0.165,0.159,0.153,0.206,0.208,0.103,0.094,0.089,0.155,0.245,0.264,0.263,Low_SNR,Low_SNR,0.136,0.142,Low_SNR,0.104,0.231,0.158,0.23
2032,0.242,0.164,0.121,0.165,0.157,0.133,0.207,0.207,0.110,0.092,0.089,0.166,0.246,0.276,0.260,0.001,Low_SNR,0.133,0.144,Low_SNR,0.106,0.236,0.141,0.23
2033,0.245,0.171,0.122,0.165,0.160,0.134,0.206,0.210,0.112,0.093,0.090,0.158,0.246,0.271,0.260,Low_SNR,Low_SNR,0.136,0.148,Low_SNR,0.102,0.235,0.125,0.23
2034,0.246,0.183,0.131,0.170,0.164,0.148,0.209,0.214,0.102,0.097,0.093,0.168,0.244,0.269,0.259,Low_SNR,Low_SNR,0.141,0.141,Low_SNR,0.099,0.237,0.126,0.23
2035,0.249,0.173,0.120,0.166,0.164,0.120,0.204,0.208,0.109,0.093,0.092,0.170,0.247,0.276,0.257,Low_SNR,Low_SNR,0.137,0.149,Low_SNR,0.104,0.234,0.139,0.23
2036,0.245,0.177,0.126,0.172,0.170,0.145,0.213,0.215,0.100,0.096,0.098,0.166,0.243,0.261,0.261,Low_SNR,Low_SNR,0.142,0.155,Low_SNR,0.105,0.246,0.151,0.24
2037,0.250,0.181,0.124,0.168,0.162,0.158,0.209,0.213,0.101,0.089,0.093,0.167,0.245,0.276,0.256,Low_SNR,Low_SNR,0.126,0.148,Low_SNR,0.095,0.237,0.141,0.23
2038,0.243,0.168,0.118,0.163,0.154,0.144,0.210,0.208,0.104,0.091,0.086,0.164,0.243,0.276,0.261,Low_SNR,Low_SNR,0.132,0.137,Low_SNR,0.093,0.242,0.121,0.23
2039,0.249,0.191,0.127,0.168,0.159,0.148,0.209,0.211,0.099,0.091,0.090,0.170,0.247,0.266,0.251,Low_SNR,Low_SNR,0.137,0.143,Low_SNR,0.097,0.237,0.134,0.23
2040,0.246,0.171,0.119,0.167,0.159,0.143,0.211,0.210,0.106,0.094,0.091,0.166,0.247,0.272,0.257,Low_SNR,Low_SNR,0.139,0.150,Low_SNR,0.109,0.238,0.135,0.24
2041,0.245,0.173,0.124,0.167,0.160,0.139,0.209,0.210,0.101,0.098,0.091,0.157,0.239,0.270,0.262,Low_SNR,Low_SNR,0.131,0.147,Low_SNR,0.103,0.240,0.147,0.23
2042,0.244,0.167,0.123,0.168,0.162,0.137,0.205,0.210,0.101,0.095,0.092,0.164,0.242,0.269,0.256,Low_SNR,Low_SNR,0.136,0.148,Low_SNR,0.111,0.235,0.131,0.23
2043,0.246,0.164,0.119,0.165,0.159,0.145,0.207,0.208,0.110,0.088,0.089,0.167,0.241,0.271,0.259,Low_SNR,Low_SNR,0.137,0.146,Low_SNR,0.111,0.241,0.157,0.23
2044,0.240,0.158,0.127,0.171,0.160,0.137,0.211,0.211,0.113,0.103,0.095,0.162,0.239,0.262,0.260,Low_SNR,0.000,0.147,0.147,Low_SNR,0.124,0.241,0.140,0.23
2045,0.239,0.131,0.105,0.165,0.170,0.128,0.207,0.205,0.123,0.100,0.104,0.159,0.242,0.267,0.265,Low_SNR,0.001,0.137,0.180,Low_SNR,0.099,0.238,0.132,0.24
2046,0.247,0.167,0.116,0.165,0.161,0.141,0.204,0.209,0.109,0.092,0.089,0.151,0.250,0.276,0.261,Low_SNR,Low_SNR,0.135,0.147,Low_SNR,0.104,0.230,0.137,0.23
2047,0.246,0.168,0.123,0.171,0.169,0.148,0.211,0.212,0.114,0.100,0.098,0.164,0.243,0.264,0.252,Low_SNR,Low_SNR,0.140,0.153,Low_SNR,0.112,0.245,0.137,0.23
2048,0.246,0.185,0.124,0.168,0.162,0.152,0.215,0.213,0.092,0.095,0.095,0.169,0.240,0.263,0.260,Low_SNR,Low_SNR,0.131,0.149,Low_SNR,0.103,0.242,0.110,0.24
2049,0.249,0.186,0.124,0.171,0.165,0.142,0.208,0.214,0.104,0.089,0.089,0.176,0.249,0.263,0.254,Low_SNR,Low_SNR,0.135,0.148,Low_SNR,0.101,0.232,0.135,0.23
2050,0.247,0.182,0.125,0.167,0.162,0.134,0.205,0.211,0.106,0.098,0.095,0.166,0.249,0.273,0.261,Low_SNR,Low_SNR,0.135,0.148,Low_SNR,0.109,0.237,0.126,0.23
2051,0.244,0.166,0.116,0.161,0.158,0.129,0.200,0.206,0.102,0.088,0.089,0.150,0.243,0.279,0.267,Low_SNR,Low_SNR,0.131,0.144,0.008,0.101,0.233,0.140,0.23
2052,0.245,0.176,0.125,0.169,0.162,0.134,0.208,0.211,0.110,0.095,0.097,0.159,0.242,0.263,0.266,Low_SNR,Low_SNR,0.138,0.149,Low_SNR,0.109,0.235,0.133,0.23
2053,0.246,0.171,0.123,0.169,0.162,0.137,0.205,0.210,0.115,0.101,0.093,0.161,0.247,0.270,0.253,Low_SNR,Low_SNR,0.136,0.150,Low_SNR,0.111,0.232,0.139,0.23
2054,0.244,0.167,0.121,0.167,0.165,0.138,0.206,0.209,0.107,0.093,0.092,0.162,0.246,0.274,0.258,Low_SNR,Low_SNR,0.135,0.149,Low_SNR,0.097,0.233,0.130,0.21
2055,0.245,0.170,0.120,0.167,0.165,0.144,0.209,0.213,0.109,0.091,0.089,0.151,0.243,0.270,0.262,Low_SNR,Low_SNR,0.131,0.148,Low_SNR,0.103,0.240,0.111,0.23
2056,0.247,0.187,0.127,0.173,0.163,0.145,0.212,0.214,0.112,0.098,0.094,0.168,0.245,0.263,0.253,Low_SNR,Low_SNR,0.141,0.150,Low_SNR,0.107,0.243,0.131,0.24
2057,0.245,0.164,0.117,0.163,0.155,0.132,0.207,0.206,0.111,0.093,0.087,0.166,0.248,0.271,0.258,Low_SNR,Low_SNR,0.131,0.142,Low_SNR,0.107,0.236,0.145,0.24
2058,0.242,0.172,0.128,0.168,0.158,0.115,0.202,0.209,0.110,0.096,0.097,0.159,0.245,0.272,0.258,Low_SNR,Low_SNR,0.139,0.148,Low_SNR,0.108,0.231,0.135,0.23
2059,0.246,0.173,0.126,0.166,0.155,0.129,0.207,0.210,0.108,0.094,0.091,0.173,0.243,0.271,0.266,Low_SNR,Low_SNR,0.138,0.142,Low_SNR,0.106,0.225,0.123,0.24
2060,0.247,0.195,0.128,0.174,0.167,0.136,0.212,0.216,0.113,0.095,0.094,0.186,0.239,0.246,0.259,Low_SNR,Low_SNR,0.143,0.150,Low_SNR,0.114,0.242,0.138,0.24
2061,0.246,0.177,0.122,0.168,0.161,0.134,0.214,0.212,0.110,0.099,0.094,0.173,0.244,0.261,0.252,Low_SNR,Low_SNR,0.134,0.146,Low_SNR,0.108,0.240,0.118,0.21
2062,0.241,0.152,0.112,0.163,0.155,0.124,0.206,0.203,0.108,0.094,0.094,0.158,0.238,0.275,0.262,Low_SNR,Low_SNR,0.132,0.145,Low_SNR,0.107,0.238,0.122,0.24
2063,0.247,0.175,0.120,0.166,0.160,0.138,0.205,0.209,0.097,0.087,0.088,0.178,0.246,0.268,0.259,Low_SNR,Low_SNR,0.129,0.145,Low_SNR,0.092,0.235,0.128,0.23
2064,0.245,0.177,0.125,0.166,0.161,0.158,0.210,0.211,0.097,0.086,0.090,0.159,0.241,0.261,0.255,Low_SNR,Low_SNR,0.132,0.144,Low_SNR,0.090,0.243,0.147,0.24
2065,0.241,0.173,0.121,0.164,0.158,0.129,0.210,0.207,0.102,0.091,0.086,0.157,0.235,0.258,0.271,Low_SNR,Low_SNR,0.138,0.144,Low_SNR,0.097,0.246,0.129,0.24
2066,0.242,0.163,0.114,0.161,0.155,0.123,0.205,0.204,0.102,0.081,0.079,0.152,0.242,0.277,0.257,Low_SNR,0.000,0.130,0.139,Low_SNR,0.093,0.240,0.138,0.23
2067,0.248,0.175,0.125,0.170,0.165,0.145,0.210,0.213,0.118,0.095,0.092,0.150,0.248,0.273,0.249,Low_SNR,Low_SNR,0.136,0.151,Low_SNR,0.116,0.240,0.144,0.24
2068,0.250,0.188,0.127,0.171,0.166,0.143,0.208,0.215,0.106,0.103,0.092,0.162,0.241,0.263,0.249,Low_SNR,Low_SNR,0.139,0.152,0.024,0.103,0.236,0.156,0.23
2069,0.249,0.187,0.124,0.168,0.162,0.125,0.207,0.211,0.100,0.097,0.087,0.167,0.246,0.261,0.261,Low_SNR,Low_SNR,0.139,0.145,Low_SNR,0.108,0.235,0.154,0.23
2070,0.246,0.168,0.121,0.164,0.158,0.138,0.207,0.210,0.106,0.094,0.089,0.151,0.247,0.278,0.258,Low_SNR,Low_SNR,0.131,0.143,Low_SNR,0.106,0.236,0.138,0.23
2071,0.247,0.186,0.126,0.166,0.158,0.121,0.200,0.208,0.104,0.088,0.092,0.171,0.246,0.266,0.261,Low_SNR,Low_SNR,0.130,0.150,Low_SNR,0.109,0.229,0.138,0.23
2072,0.246,0.180,0.126,0.168,0.160,0.131,0.205,0.213,0.104,0.094,0.092,0.169,0.244,0.270,0.257,Low_SNR,Low_SNR,0.139,0.144,Low_SNR,0.108,0.236,0.140,0.23
2073,0.247,0.176,0.119,0.166,0.160,0.134,0.207,0.210,0.104,0.092,0.089,0.149,0.243,0.269,0.253,Low_SNR,Low_SNR,0.128,0.147,Low_SNR,0.107,0.235,0.124,0.23
2074,0.246,0.177,0.119,0.162,0.157,0.145,0.208,0.207,0.100,0.090,0.082,0.162,0.238,0.267,0.261,Low_SNR,Low_SNR,0.129,0.140,Low_SNR,0.091,0.238,0.108,0.23
2075,0.245,0.168,0.121,0.166,0.167,0.151,0.208,0.211,0.106,0.093,0.091,0.151,0.239,0.270,0.261,Low_SNR,Low_SNR,0.131,0.148,Low_SNR,0.097,0.240,0.137,0.24
2076,0.248,0.184,0.120,0.160,0.147,0.120,0.206,0.207,0.098,0.095,0.088,0.167,0.249,0.274,0.263,Low_SNR,Low_SNR,0.130,0.136,Low_SNR,0.101,0.234,0.124,0.23
2077,0.246,0.179,0.121,0.166,0.162,0.132,0.205,0.209,0.100,0.085,0.084,0.161,0.245,0.265,0.253,0.001,0.000,0.132,0.143,Low_SNR,0.103,0.230,0.141,0.23
2078,0.248,0.172,0.123,0.166,0.159,0.143,0.207,0.211,0.099,0.095,0.088,0.161,0.250,0.275,0.254,Low_SNR,Low_SNR,0.135,0.141,Low_SNR,0.103,0.236,0.133,0.23
2079,0.243,0.169,0.117,0.159,0.154,0.133,0.208,0.207,0.103,0.084,0.084,0.170,0.243,0.275,0.257,Low_SNR,Low_SNR,0.124,0.138,Low_SNR,0.102,0.234,0.122,0.23
2080,0.249,0.187,0.122,0.165,0.154,0.121,0.207,0.210,0.103,0.093,0.092,0.175,0.256,0.268,0.246,Low_SNR,Low_SNR,0.133,0.144,Low_SNR,0.106,0.234,0.120,0.23
2081,0.246,0.171,0.117,0.161,0.156,0.132,0.209,0.206,0.099,0.087,0.079,0.167,0.246,0.269,0.263,Low_SNR,Low_SNR,0.129,0.138,Low_SNR,0.088,0.239,0.124,0.24
2082,0.248,0.183,0.121,0.162,0.157,0.137,0.205,0.209,0.096,0.091,0.084,0.166,0.247,0.275,0.264,Low_SNR,Low_SNR,0.128,0.140,Low_SNR,0.092,0.231,0.136,0.23
2083,0.250,0.187,0.126,0.167,0.156,0.120,0.205,0.211,0.108,0.089,0.088,0.176,0.251,0.271,0.255,Low_SNR,Low_SNR,0.132,0.144,Low_SNR,0.108,0.233,0.134,0.23
2084,0.249,0.177,0.121,0.169,0.162,0.126,0.209,0.212,0.111,0.099,0.095,0.181,0.254,0.271,0.260,Low_SNR,Low_SNR,0.135,0.149,Low_SNR,0.108,0.234,0.130,0.23
2085,0.247,0.179,0.121,0.169,0.163,0.126,0.201,0.212,0.106,0.099,0.095,0.167,0.244,0.269,0.264,Low_SNR,Low_SNR,0.137,0.152,Low_SNR,0.113,0.227,0.149,0.22
2086,0.242,0.165,0.113,0.160,0.150,0.126,0.207,0.206,0.097,0.087,0.085,0.159,0.242,0.270,0.261,0.000,Low_SNR,0.129,0.138,Low_SNR,0.104,0.243,0.101,0.23
2087,0.247,0.177,0.123,0.169,0.166,0.148,0.206,0.212,0.105,0.094,0.088,0.159,0.246,0.270,0.262,Low_SNR,Low_SNR,0.134,0.146,Low_SNR,0.096,0.236,0.153,0.23
2088,0.245,0.164,0.113,0.161,0.153,0.126,0.205,0.205,0.092,0.082,0.088,0.154,0.247,0.279,0.266,Low_SNR,Low_SNR,0.127,0.140,Low_SNR,0.090,0.236,0.140,0.23
2089,0.243,0.167,0.125,0.169,0.163,0.148,0.214,0.212,0.115,0.108,0.095,0.168,0.240,0.262,0.258,Low_SNR,Low_SNR,0.143,0.148,Low_SNR,0.102,0.245,0.127,0.23
2090,0.241,0.165,0.113,0.159,0.154,0.138,0.208,0.206,0.103,0.085,0.080,0.158,0.245,0.271,0.257,Low_SNR,Low_SNR,0.125,0.136,Low_SNR,0.089,0.231,0.123,0.22
2091,0.247,0.175,0.129,0.177,0.170,0.144,0.213,0.217,0.118,0.100,0.100,0.160,0.247,0.257,0.250,Low_SNR,Low_SNR,0.143,0.154,Low_SNR,0.110,0.245,0.134,0.23
2092,0.242,0.169,0.114,0.163,0.163,0.149,0.209,0.211,0.103,0.092,0.083,0.154,0.236,0.261,0.266,Low_SNR,Low_SNR,0.130,0.143,Low_SNR,0.090,0.239,0.118,0.22
2093,0.247,0.179,0.121,0.169,0.163,0.150,0.211,0.215,0.107,0.090,0.090,0.163,0.242,0.265,0.255,Low_SNR,Low_SNR,0.133,0.146,Low_SNR,0.102,0.240,0.146,0.24
2094,0.245,0.170,0.124,0.170,0.164,0.147,0.209,0.213,0.121,0.101,0.102,0.165,0.241,0.266,0.260,Low_SNR,Low_SNR,0.137,0.152,Low_SNR,0.105,0.242,0.151,0.24
2095,0.243,0.176,0.124,0.170,0.163,0.138,0.211,0.214,0.115,0.098,0.095,0.158,0.241,0.258,0.257,Low_SNR,Low_SNR,0.137,0.148,Low_SNR,0.106,0.240,0.124,0.23
2096,0.246,0.176,0.124,0.170,0.163,0.142,0.204,0.213,0.112,0.088,0.098,0.172,0.243,0.265,0.257,Low_SNR,Low_SNR,0.136,0.149,Low_SNR,0.108,0.234,0.149,0.24
2097,0.249,0.182,0.128,0.171,0.163,0.130,0.206,0.214,0.112,0.093,0.096,0.170,0.250,0.261,0.256,Low_SNR,Low_SNR,0.138,0.152,Low_SNR,0.117,0.235,0.145,0.23
2098,0.245,0.178,0.121,0.165,0.157,0.137,0.213,0.213,0.100,0.092,0.089,0.161,0.241,0.267,0.259,Low_SNR,Low_SNR,0.132,0.146,0.014,0.099,0.243,0.125,0.23
2099,0.249,0.188,0.129,0.172,0.165,0.139,0.206,0.215,0.105,0.102,0.103,0.165,0.245,0.264,0.262,Low_SNR,Low_SNR,0.137,0.152,Low_SNR,0.112,0.234,0.149,0.23
2100,0.244,0.169,0.123,0.170,0.163,0.138,0.213,0.214,0.108,0.098,0.091,0.152,0.241,0.256,0.256,Low_SNR,Low_SNR,0.141,0.144,0.023,0.105,0.248,0.125,0.23
2101,0.249,0.181,0.124,0.168,0.161,0.127,0.204,0.210,0.100,0.100,0.091,0.179,0.249,0.268,0.258,Low_SNR,Low_SNR,0.139,0.148,Low_SNR,0.105,0.233,0.138,0.22
2102,0.249,0.181,0.118,0.163,0.154,0.124,0.204,0.208,0.098,0.091,0.084,0.172,0.251,0.271,0.261,Low_SNR,Low_SNR,0.130,0.141,Low_SNR,0.096,0.223,0.143,0.23
2103,0.247,0.184,0.124,0.168,0.164,0.148,0.212,0.216,0.110,0.092,0.095,0.159,0.244,0.261,0.252,Low_SNR,Low_SNR,0.136,0.151,Low_SNR,0.105,0.246,0.119,0.24
2104,0.245,0.164,0.123,0.170,0.165,0.133,0.207,0.210,0.112,0.099,0.093,0.165,0.244,0.269,0.256,Low_SNR,Low_SNR,0.139,0.154,Low_SNR,0.105,0.243,0.136,0.24
2105,0.246,0.173,0.119,0.163,0.157,0.133,0.205,0.209,0.110,0.093,0.090,0.163,0.250,0.275,0.255,Low_SNR,Low_SNR,0.131,0.144,Low_SNR,0.106,0.237,0.121,0.25
2106,0.243,0.169,0.114,0.158,0.153,0.128,0.208,0.206,0.096,0.083,0.083,0.158,0.244,0.266,0.268,Low_SNR,Low_SNR,0.122,0.137,Low_SNR,0.100,0.241,0.106,0.23
2107,0.247,0.188,0.125,0.170,0.163,0.135,0.208,0.213,0.095,0.097,0.091,0.170,0.240,0.253,0.264,Low_SNR,Low_SNR,0.134,0.149,Low_SNR,0.101,0.236,0.142,0.23
2108,0.245,0.174,0.125,0.172,0.163,0.140,0.209,0.212,0.111,0.097,0.096,0.171,0.237,0.261,0.259,Low_SNR,Low_SNR,0.135,0.150,Low_SNR,0.117,0.238,0.143,0.23
2109,0.242,0.155,0.113,0.165,0.158,0.141,0.207,0.207,0.114,0.094,0.088,0.158,0.241,0.272,0.258,Low_SNR,Low_SNR,0.132,0.144,Low_SNR,0.103,0.233,0.131,0.23
2110,0.250,0.183,0.129,0.172,0.164,0.143,0.207,0.215,0.106,0.087,0.089,0.174,0.253,0.277,0.245,Low_SNR,Low_SNR,0.135,0.148,Low_SNR,0.098,0.232,0.143,0.24
2111,0.247,0.178,0.125,0.169,0.163,0.145,0.214,0.216,0.111,0.093,0.098,0.176,0.251,0.270,0.249,Low_SNR,Low_SNR,0.137,0.147,Low_SNR,0.109,0.242,0.126,0.23
2112,0.248,0.182,0.128,0.172,0.166,0.144,0.207,0.215,0.113,0.091,0.097,0.164,0.247,0.265,0.254,0.000,Low_SNR,0.138,0.152,Low_SNR,0.111,0.232,0.136,0.23
2113,0.246,0.175,0.123,0.169,0.164,0.137,0.209,0.213,0.107,0.096,0.091,0.153,0.243,0.260,0.261,Low_SNR,Low_SNR,0.141,0.148,Low_SNR,0.103,0.236,0.134,0.23
2114,0.246,0.177,0.123,0.168,0.164,0.153,0.212,0.212,0.100,0.096,0.090,0.162,0.245,0.260,0.258,Low_SNR,Low_SNR,0.135,0.144,Low_SNR,0.093,0.241,0.124,0.23
2115,0.243,0.166,0.112,0.156,0.154,0.136,0.209,0.204,0.092,0.080,0.083,0.151,0.239,0.271,0.265,Low_SNR,Low_SNR,0.124,0.137,Low_SNR,0.091,0.238,0.120,0.22
2116,0.249,0.181,0.118,0.161,0.153,0.122,0.206,0.209,0.096,0.096,0.085,0.161,0.247,0.275,0.260,Low_SNR,Low_SNR,0.128,0.143,Low_SNR,0.101,0.231,0.136,0.24
2117,0.245,0.174,0.121,0.166,0.160,0.132,0.209,0.213,0.103,0.098,0.091,0.160,0.247,0.265,0.263,Low_SNR,Low_SNR,0.136,0.145,Low_SNR,0.104,0.239,0.129,0.24
2118,0.250,0.189,0.126,0.170,0.160,0.133,0.203,0.213,0.102,0.090,0.089,0.175,0.252,0.267,0.255,Low_SNR,Low_SNR,0.135,0.145,Low_SNR,0.108,0.226,0.143,0.23
2119,0.248,0.183,0.123,0.168,0.161,0.140,0.213,0.214,0.108,0.091,0.091,0.168,0.248,0.265,0.249,Low_SNR,Low_SNR,0.134,0.147,Low_SNR,0.107,0.248,0.126,0.23
2120,0.246,0.179,0.127,0.170,0.163,0.140,0.209,0.214,0.111,0.107,0.099,0.168,0.243,0.263,0.257,0.001,Low_SNR,0.142,0.153,Low_SNR,0.107,0.236,0.150,0.23
2121,0.247,0.181,0.124,0.168,0.161,0.147,0.210,0.212,0.102,0.098,0.093,0.165,0.246,0.267,0.259,Low_SNR,Low_SNR,0.137,0.146,Low_SNR,0.100,0.235,0.131,0.23
2122,0.250,0.180,0.123,0.168,0.162,0.135,0.206,0.215,0.108,0.100,0.090,0.172,0.252,0.270,0.250,Low_SNR,Low_SNR,0.135,0.141,0.013,0.101,0.230,0.138,0.23
2123,0.245,0.177,0.115,0.164,0.158,0.135,0.207,0.208,0.102,0.084,0.083,0.162,0.243,0.272,0.256,Low_SNR,Low_SNR,0.128,0.143,Low_SNR,0.095,0.236,0.133,0.24
2124,0.248,0.191,0.124,0.170,0.164,0.136,0.208,0.214,0.108,0.085,0.092,0.175,0.245,0.253,0.253,Low_SNR,Low_SNR,0.132,0.150,Low_SNR,0.109,0.240,0.134,0.23
2124,0.245,0.178,0.122,0.166,0.160,0.136,0.209,0.209,0.107,0.093,0.089,0.160,0.241,0.264,0.259,Low_SNR,Low_SNR,0.132,0.144,0.021,0.104,0.245,0.101,0.23
2125,0.248,0.188,0.130,0.174,0.166,0.139,0.208,0.217,0.110,0.100,0.098,0.172,0.246,0.260,0.248,Low_SNR,Low_SNR,0.139,0.156,0.015,0.114,0.237,0.128,0.23
2126,0.248,0.180,0.118,0.164,0.155,0.124,0.207,0.209,0.108,0.090,0.086,0.164,0.249,0.266,0.258,Low_SNR,Low_SNR,0.136,0.139,Low_SNR,0.106,0.232,0.143,0.22
2127,0.246,0.160,0.124,0.170,0.167,0.154,0.211,0.211,0.104,0.093,0.091,0.172,0.244,0.272,0.255,Low_SNR,Low_SNR,0.134,0.136,Low_SNR,0.098,0.238,0.130,0.24
2128,0.244,0.191,0.134,0.172,0.154,Low_SNR,0.214,0.212,0.115,0.099,0.102,0.151,0.240,0.263,0.256,Low_SNR,Low_SNR,0.138,0.177,Low_SNR,Low_SNR,0.249,Low_SNR,0.23
2129,0.244,0.161,0.115,0.166,0.163,0.157,0.212,0.212,0.110,0.089,0.087,0.162,0.250,0.268,0.253,Low_SNR,Low_SNR,0.137,0.141,0.029,0.105,0.238,0.121,0.23
2130,0.245,0.168,0.121,0.164,0.155,0.136,0.208,0.209,0.112,0.091,0.090,0.162,0.241,0.267,0.260,Low_SNR,Low_SNR,0.137,0.149,Low_SNR,0.098,0.239,0.152,0.23
2131,0.246,0.180,0.126,0.165,0.162,0.143,0.212,0.210,0.103,0.088,0.084,0.160,0.242,0.263,0.258,Low_SNR,Low_SNR,0.127,0.142,Low_SNR,0.094,0.244,0.121,0.24
2132,0.248,0.177,0.122,0.172,0.165,0.133,0.208,0.214,0.116,0.088,0.098,0.172,0.251,0.268,0.252,Low_SNR,Low_SNR,0.135,0.154,Low_SNR,0.107,0.238,0.141,0.23
2133,0.244,0.169,0.115,0.162,0.156,0.127,0.209,0.209,0.101,0.100,0.090,0.167,0.244,0.271,0.261,Low_SNR,Low_SNR,0.132,0.143,Low_SNR,0.108,0.238,0.150,0.23
2134,0.245,0.172,0.117,0.162,0.153,0.139,0.210,0.208,0.104,0.088,0.084,0.166,0.245,0.265,0.259,Low_SNR,Low_SNR,0.132,0.138,Low_SNR,0.101,0.244,0.126,0.23
2135,0.249,0.177,0.123,0.170,0.165,0.143,0.213,0.215,0.105,0.098,0.096,0.163,0.247,0.263,0.252,Low_SNR,Low_SNR,0.134,0.150,Low_SNR,0.109,0.237,0.144,0.23
2136,0.243,0.172,0.125,0.171,0.163,0.140,0.209,0.214,0.112,0.095,0.095,0.176,0.238,0.257,0.260,Low_SNR,Low_SNR,0.141,0.149,Low_SNR,0.112,0.243,0.153,0.23
2137,0.245,0.169,0.121,0.171,0.166,0.155,0.211,0.214,0.111,0.096,0.093,0.159,0.250,0.267,0.255,Low_SNR,Low_SNR,0.137,0.150,Low_SNR,0.104,0.242,0.154,0.24
2138,0.250,0.175,0.123,0.169,0.164,0.146,0.215,0.215,0.116,0.094,0.093,0.160,0.245,0.267,0.256,Low_SNR,0.001,0.137,0.147,Low_SNR,0.098,0.243,0.122,0.23
2139,0.246,0.181,0.117,0.164,0.161,0.145,0.210,0.211,0.088,0.091,0.087,0.159,0.245,0.265,0.261,Low_SNR,Low_SNR,0.121,0.144,Low_SNR,0.087,0.241,0.122,0.24
2140,0.250,0.183,0.127,0.169,0.160,0.130,0.205,0.212,0.104,0.101,0.093,0.168,0.249,0.278,0.248,Low_SNR,Low_SNR,0.138,0.149,Low_SNR,0.107,0.231,0.119,0.24
2141,0.246,0.173,0.114,0.166,0.160,0.136,0.209,0.209,0.102,0.088,0.092,0.159,0.245,0.259,0.260,Low_SNR,Low_SNR,0.130,0.148,Low_SNR,0.109,0.238,0.138,0.23
2142,0.245,0.175,0.127,0.171,0.164,0.142,0.210,0.212,0.108,0.092,0.092,0.161,0.244,0.259,0.251,Low_SNR,Low_SNR,0.138,0.149,Low_SNR,0.111,0.245,0.124,0.25
2143,0.245,0.173,0.120,0.169,0.164,0.143,0.213,0.216,0.110,0.105,0.095,0.160,0.246,0.263,0.258,Low_SNR,Low_SNR,0.138,0.153,Low_SNR,0.109,0.243,0.138,0.22
2144,0.243,0.170,0.120,0.166,0.157,0.141,0.210,0.210,0.104,0.083,0.088,0.149,0.242,0.266,0.261,Low_SNR,Low_SNR,0.131,0.141,Low_SNR,0.099,0.243,0.111,0.23
2145,0.248,0.194,0.126,0.168,0.161,0.147,0.202,0.213,0.102,0.092,0.092,0.170,0.249,0.268,0.255,Low_SNR,Low_SNR,0.132,0.142,0.021,0.097,0.229,0.138,0.24
2146,0.247,0.172,0.120,0.167,0.162,0.140,0.205,0.211,0.114,0.105,0.098,0.174,0.246,0.273,0.260,Low_SNR,Low_SNR,0.134,0.153,Low_SNR,0.108,0.228,0.141,0.23
2147,0.243,0.171,0.127,0.172,0.169,0.149,0.211,0.214,0.112,0.098,0.094,0.162,0.239,0.258,0.256,Low_SNR,Low_SNR,0.141,0.151,Low_SNR,0.106,0.245,0.143,0.24
2148,0.245,0.177,0.122,0.168,0.162,0.141,0.210,0.212,0.103,0.095,0.089,0.167,0.243,0.264,0.256,Low_SNR,Low_SNR,0.135,0.153,Low_SNR,0.101,0.241,0.131,0.24
2149,0.246,0.178,0.120,0.164,0.155,0.141,0.213,0.211,0.099,0.085,0.081,0.164,0.244,0.259,0.256,Low_SNR,Low_SNR,0.125,0.134,Low_SNR,0.094,0.235,0.120,0.23
2150,0.247,0.173,0.121,0.166,0.155,0.120,0.206,0.211,0.109,0.093,0.091,0.170,0.244,0.261,0.268,Low_SNR,0.000,0.135,0.145,Low_SNR,0.114,0.235,0.139,0.23
2151,0.248,0.188,0.127,0.172,0.163,0.116,0.205,0.213,0.114,0.105,0.095,0.181,0.251,0.255,0.253,Low_SNR,Low_SNR,0.141,0.152,Low_SNR,0.118,0.233,0.134,0.24
2152,0.245,0.182,0.122,0.165,0.157,0.130,0.209,0.210,0.100,0.097,0.091,0.153,0.241,0.264,0.257,Low_SNR,Low_SNR,0.128,0.144,Low_SNR,0.103,0.237,0.112,0.22
2153,0.248,0.180,0.123,0.166,0.158,0.141,0.211,0.212,0.099,0.098,0.089,0.146,0.242,0.264,0.248,Low_SNR,Low_SNR,0.138,0.140,Low_SNR,0.098,0.240,0.131,0.23
2154,0.250,0.180,0.115,0.162,0.154,0.134,0.208,0.209,0.099,0.093,0.081,0.157,0.250,0.275,0.255,Low_SNR,Low_SNR,0.131,0.137,Low_SNR,0.091,0.241,0.128,0.23
2155,0.253,0.197,0.124,0.169,0.161,0.125,0.207,0.213,0.097,0.095,0.089,0.173,0.255,0.271,0.248,Low_SNR,Low_SNR,0.136,0.148,Low_SNR,0.099,0.239,0.131,0.24
2156,0.252,0.177,0.123,0.169,0.160,0.121,0.204,0.211,0.111,0.108,0.093,0.165,0.255,0.277,0.252,Low_SNR,Low_SNR,0.141,0.151,Low_SNR,0.109,0.230,0.137,0.25
2157,0.244,0.174,0.118,0.161,0.152,0.141,0.209,0.210,0.105,0.098,0.088,0.161,0.241,0.270,0.259,Low_SNR,Low_SNR,0.130,0.133,Low_SNR,0.105,0.233,0.124,0.22
2158,0.249,0.183,0.112,0.161,0.162,0.157,0.210,0.210,0.094,0.083,0.082,0.166,0.252,0.270,0.251,Low_SNR,Low_SNR,0.125,0.138,Low_SNR,0.092,0.239,0.133,0.22
2159,0.244,0.170,0.120,0.164,0.157,0.133,0.212,0.210,0.105,0.086,0.085,0.153,0.244,0.264,0.262,Low_SNR,Low_SNR,0.127,0.142,Low_SNR,0.094,0.245,0.110,0.23
2160,0.246,0.181,0.128,0.173,0.168,0.157,0.215,0.220,0.111,0.101,0.095,0.160,0.246,0.258,0.250,Low_SNR,Low_SNR,0.143,0.152,Low_SNR,0.115,0.246,0.162,0.24
2161,0.243,0.169,0.121,0.169,0.166,0.154,0.218,0.214,0.109,0.083,0.086,0.165,0.244,0.254,0.250,Low_SNR,Low_SNR,0.130,0.153,Low_SNR,0.091,0.248,0.132,0.23
2162,0.249,0.186,0.126,0.170,0.159,0.126,0.202,0.210,0.112,0.089,0.094,0.167,0.248,0.273,0.259,Low_SNR,Low_SNR,0.135,0.149,Low_SNR,0.102,0.229,0.143,0.23
2163,0.243,0.169,0.113,0.160,0.156,0.144,0.209,0.207,0.095,0.093,0.086,0.154,0.242,0.268,0.259,Low_SNR,Low_SNR,0.125,0.140,Low_SNR,0.090,0.236,0.125,0.24
2164,0.248,0.174,0.120,0.163,0.157,0.133,0.206,0.208,0.099,0.090,0.088,0.170,0.252,0.276,0.251,Low_SNR,Low_SNR,0.133,0.141,Low_SNR,0.092,0.234,0.127,0.23
2165,0.247,0.182,0.127,0.171,0.165,0.126,0.205,0.211,0.106,0.102,0.096,0.182,0.246,0.263,0.261,Low_SNR,Low_SNR,0.138,0.152,Low_SNR,0.117,0.232,0.144,0.23
2166,0.244,0.166,0.122,0.166,0.161,0.135,0.211,0.210,0.107,0.092,0.094,0.151,0.242,0.259,0.255,Low_SNR,Low_SNR,0.136,0.150,Low_SNR,0.098,0.243,0.136,0.23
2167,0.245,0.171,0.125,0.168,0.161,0.144,0.211,0.214,0.115,0.094,0.091,0.167,0.248,0.267,0.255,Low_SNR,Low_SNR,0.137,0.150,Low_SNR,0.104,0.242,0.135,0.23
2168,0.246,0.172,0.120,0.167,0.162,0.132,0.206,0.209,0.107,0.093,0.090,0.148,0.241,0.266,0.259,Low_SNR,Low_SNR,0.132,0.149,Low_SNR,0.100,0.234,0.145,0.23
2169,0.243,0.164,0.117,0.164,0.159,0.131,0.206,0.208,0.106,0.090,0.085,0.161,0.246,0.273,0.258,Low_SNR,Low_SNR,0.136,0.144,Low_SNR,0.106,0.236,0.143,0.24
2170,0.246,0.178,0.121,0.166,0.158,0.133,0.209,0.211,0.112,0.098,0.092,0.166,0.244,0.264,0.260,Low_SNR,Low_SNR,0.134,0.145,Low_SNR,0.105,0.239,0.141,0.23
2171,0.245,0.173,0.122,0.162,0.152,0.117,0.202,0.209,0.103,0.089,0.088,0.159,0.251,0.270,0.255,Low_SNR,Low_SNR,0.133,0.144,0.020,0.108,0.230,0.127,0.24
2172,0.248,0.188,0.119,0.165,0.156,0.135,0.205,0.212,0.090,0.087,0.087,0.166,0.245,0.265,0.262,Low_SNR,Low_SNR,0.130,0.143,Low_SNR,0.102,0.232,0.131,0.22
2173,0.245,0.172,0.124,0.168,0.160,0.129,0.202,0.208,0.105,0.097,0.096,0.149,0.243,0.264,0.266,Low_SNR,0.000,0.140,0.148,Low_SNR,0.107,0.230,0.151,0.23
2174,0.249,0.181,0.122,0.164,0.155,0.116,0.204,0.211,0.107,0.093,0.089,0.165,0.251,0.270,0.258,Low_SNR,Low_SNR,0.134,0.146,Low_SNR,0.104,0.231,0.142,0.23
2175,0.242,0.168,0.118,0.164,0.156,0.137,0.213,0.210,0.103,0.096,0.094,0.150,0.239,0.260,0.260,Low_SNR,Low_SNR,0.132,0.145,Low_SNR,0.109,0.242,0.125,0.25
2176,0.244,0.168,0.120,0.164,0.157,0.137,0.211,0.210,0.103,0.091,0.089,0.152,0.242,0.270,0.257,Low_SNR,Low_SNR,0.129,0.141,Low_SNR,0.106,0.241,0.130,0.23
2177,0.247,0.180,0.121,0.165,0.155,0.139,0.209,0.211,0.107,0.088,0.092,0.166,0.241,0.268,0.253,0.001,Low_SNR,0.137,0.145,Low_SNR,0.098,0.239,0.111,0.24
2178,0.247,0.170,0.123,0.172,0.165,0.156,0.214,0.217,0.118,0.089,0.092,0.174,0.246,0.263,0.256,Low_SNR,Low_SNR,0.135,0.151,Low_SNR,0.108,0.250,0.142,0.23
2179,0.249,0.185,0.131,0.175,0.170,0.138,0.206,0.218,0.119,0.099,0.097,0.167,0.249,0.267,0.248,Low_SNR,Low_SNR,0.139,0.155,Low_SNR,0.120,0.238,0.148,0.23
2180,0.249,0.182,0.131,0.174,0.166,0.117,0.204,0.216,0.116,0.105,0.105,0.165,0.252,0.267,0.256,Low_SNR,Low_SNR,0.141,0.160,Low_SNR,0.117,0.231,0.152,0.23
2181,0.247,0.180,0.130,0.176,0.172,0.164,0.212,0.221,0.108,0.102,0.099,0.167,0.242,0.260,0.248,Low_SNR,Low_SNR,0.140,0.158,Low_SNR,0.107,0.242,0.142,0.24
2182,0.242,0.162,0.115,0.164,0.156,0.127,0.206,0.206,0.104,0.088,0.088,0.163,0.239,0.263,0.268,Low_SNR,Low_SNR,0.130,0.144,Low_SNR,0.105,0.231,0.141,0.23
2183,0.243,0.177,0.120,0.166,0.156,0.122,0.210,0.210,0.095,0.094,0.095,0.148,0.246,0.256,0.268,Low_SNR,Low_SNR,0.134,0.148,Low_SNR,0.104,0.239,0.130,0.23
2184,0.243,0.171,0.119,0.162,0.154,0.130,0.209,0.208,0.110,0.087,0.082,0.147,0.243,0.271,0.264,Low_SNR,Low_SNR,0.129,0.138,Low_SNR,0.102,0.236,0.125,0.24
2185,0.243,0.167,0.117,0.166,0.164,0.158,0.215,0.211,0.101,0.088,0.089,0.159,0.239,0.265,0.264,Low_SNR,Low_SNR,0.129,0.146,Low_SNR,0.094,0.244,0.140,0.24
2186,0.250,0.189,0.129,0.172,0.160,0.134,0.210,0.215,0.111,0.100,0.091,0.176,0.248,0.262,0.249,Low_SNR,Low_SNR,0.140,0.147,Low_SNR,0.116,0.246,0.135,0.24
2187,0.243,0.171,0.121,0.167,0.156,0.136,0.214,0.211,0.120,0.090,0.089,0.167,0.240,0.252,0.261,Low_SNR,Low_SNR,0.137,0.146,Low_SNR,0.099,0.244,0.144,0.23
2188,0.247,0.173,0.116,0.162,0.158,0.141,0.214,0.209,0.097,0.090,0.084,0.165,0.244,0.268,0.263,Low_SNR,Low_SNR,0.132,0.142,Low_SNR,0.090,0.238,0.133,0.23
2189,0.244,0.174,0.118,0.164,0.157,0.135,0.206,0.208,0.097,0.087,0.084,0.170,0.246,0.263,0.260,Low_SNR,Low_SNR,0.131,0.143,Low_SNR,0.091,0.233,0.124,0.25
2190,0.250,0.185,0.124,0.168,0.162,0.146,0.207,0.215,0.101,0.084,0.084,0.166,0.246,0.274,0.250,Low_SNR,Low_SNR,0.133,0.142,Low_SNR,0.094,0.229,0.122,0.23
2191,0.245,0.177,0.124,0.170,0.166,0.160,0.216,0.217,0.104,0.089,0.095,0.165,0.241,0.255,0.262,Low_SNR,Low_SNR,0.129,0.150,Low_SNR,0.103,0.245,0.126,0.23
2192,0.242,0.162,0.118,0.166,0.164,0.156,0.216,0.213,0.102,0.091,0.090,0.166,0.242,0.256,0.264,Low_SNR,Low_SNR,0.130,0.144,Low_SNR,0.098,0.240,0.135,0.23
2193,0.245,0.176,0.116,0.160,0.152,0.131,0.209,0.208,0.089,0.083,0.085,0.154,0.245,0.267,0.262,Low_SNR,Low_SNR,0.121,0.141,Low_SNR,0.092,0.241,0.125,0.23
2194,0.241,0.169,0.122,0.168,0.163,0.133,0.213,0.214,0.121,0.097,0.090,0.169,0.245,0.254,0.259,Low_SNR,Low_SNR,0.139,0.146,Low_SNR,0.108,0.248,0.132,0.23
2195,0.249,0.191,0.127,0.170,0.164,0.139,0.213,0.217,0.102,0.099,0.095,0.169,0.244,0.255,0.260,Low_SNR,Low_SNR,0.138,0.149,Low_SNR,0.104,0.243,0.113,0.24
2196,0.245,0.175,0.124,0.167,0.158,0.131,0.206,0.211,0.091,0.094,0.090,0.175,0.249,0.266,0.256,Low_SNR,Low_SNR,0.134,0.145,Low_SNR,0.095,0.234,0.146,0.22
2197,0.248,0.198,0.123,0.167,0.157,0.123,0.208,0.214,0.114,0.085,0.087,0.175,0.243,0.254,0.267,Low_SNR,Low_SNR,0.129,0.147,Low_SNR,0.108,0.241,0.134,0.25
2198,0.242,0.159,0.119,0.167,0.159,0.125,0.209,0.208,0.122,0.095,0.093,0.173,0.242,0.257,0.271,Low_SNR,Low_SNR,0.133,0.152,Low_SNR,0.104,0.246,0.136,0.24
2199,0.240,0.153,0.116,0.163,0.157,0.134,0.211,0.207,0.102,0.085,0.086,0.154,0.239,0.266,0.262,Low_SNR,Low_SNR,0.131,0.145,Low_SNR,0.102,0.251,0.116,0.25
2200,0.250,0.179,0.121,0.166,0.160,0.154,0.216,0.213,0.098,0.090,0.088,0.171,0.249,0.276,0.252,Low_SNR,Low_SNR,0.128,0.140,Low_SNR,0.091,0.245,0.139,0.23
2201,0.246,0.172,0.122,0.164,0.155,0.138,0.208,0.211,0.114,0.092,0.086,0.159,0.246,0.265,0.265,Low_SNR,Low_SNR,0.133,0.141,Low_SNR,0.110,0.232,0.129,0.23
2202,0.245,0.189,0.124,0.172,0.165,0.145,0.213,0.217,0.100,0.096,0.095,0.180,0.240,0.248,0.266,Low_SNR,Low_SNR,0.136,0.150,Low_SNR,0.100,0.239,0.146,0.24
2203,0.244,0.178,0.123,0.170,0.167,0.132,0.209,0.215,0.108,0.093,0.094,0.160,0.240,0.257,0.251,Low_SNR,Low_SNR,0.132,0.155,Low_SNR,0.106,0.236,0.134,0.23
2204,0.247,0.179,0.128,0.175,0.169,0.145,0.211,0.218,0.115,0.098,0.098,0.169,0.251,0.265,0.245,Low_SNR,Low_SNR,0.142,0.153,Low_SNR,0.115,0.244,0.152,0.23
2205,0.244,0.172,0.126,0.167,0.160,0.149,0.214,0.213,0.104,0.082,0.092,0.158,0.242,0.260,0.257,Low_SNR,Low_SNR,0.134,0.144,Low_SNR,0.094,0.245,0.135,0.23
2206,0.247,0.171,0.122,0.169,0.158,0.141,0.208,0.212,0.111,0.089,0.093,0.161,0.254,0.278,0.243,Low_SNR,Low_SNR,0.138,0.145,Low_SNR,0.108,0.234,0.137,0.24
2207,0.247,0.184,0.131,0.170,0.163,0.135,0.209,0.215,0.104,0.101,0.100,0.175,0.246,0.264,0.257,Low_SNR,Low_SNR,0.139,0.152,Low_SNR,0.105,0.237,0.141,0.23
2208,0.245,0.170,0.117,0.162,0.156,0.137,0.210,0.209,0.106,0.091,0.087,0.169,0.245,0.269,0.261,Low_SNR,Low_SNR,0.132,0.142,Low_SNR,0.098,0.246,0.115,0.24
2209,0.248,0.181,0.132,0.172,0.173,0.105,0.200,0.211,0.105,0.100,0.096,0.170,0.251,0.264,0.257,Low_SNR,Low_SNR,0.151,0.188,Low_SNR,0.116,0.226,0.151,0.23
2210,0.245,0.186,Low_SNR,0.198,0.224,0.226,0.216,0.231,Low_SNR,0.134,0.123,0.174,0.237,0.259,0.254,Low_SNR,Low_SNR,Low_SNR,0.158,Low_SNR,Low_SNR,0.226,Low_SNR,0.26
2211,0.248,0.183,0.117,0.161,0.150,0.103,0.203,0.204,0.097,0.084,0.083,0.169,0.253,0.277,0.264,Low_SNR,Low_SNR,0.124,0.140,Low_SNR,0.101,0.233,0.125,0.23
2212,0.244,0.168,0.120,0.164,0.157,0.132,0.206,0.210,0.100,0.085,0.088,0.155,0.241,0.266,0.270,Low_SNR,Low_SNR,0.132,0.143,Low_SNR,0.100,0.233,0.144,0.24
2213,0.246,0.176,0.121,0.167,0.160,0.133,0.206,0.211,0.102,0.096,0.091,0.151,0.242,0.267,0.263,Low_SNR,Low_SNR,0.135,0.147,Low_SNR,0.107,0.228,0.149,0.23
2214,0.245,0.170,0.124,0.173,0.168,0.150,0.214,0.216,0.114,0.100,0.100,0.158,0.246,0.261,0.251,Low_SNR,Low_SNR,0.140,0.150,Low_SNR,0.108,0.244,0.149,0.24
2215,0.246,0.176,0.121,0.164,0.156,0.146,0.213,0.213,0.096,0.090,0.087,0.157,0.242,0.266,0.258,Low_SNR,Low_SNR,0.133,0.143,Low_SNR,0.094,0.239,0.112,0.24
2216,0.243,0.169,0.124,0.172,0.168,0.150,0.216,0.216,0.117,0.105,0.097,0.172,0.239,0.253,0.257,Low_SNR,Low_SNR,0.144,0.151,Low_SNR,0.103,0.243,0.131,0.23
2217,0.248,0.187,0.118,0.166,0.158,0.149,0.211,0.212,0.109,0.086,0.089,0.173,0.244,0.262,0.263,Low_SNR,Low_SNR,0.129,0.141,Low_SNR,0.098,0.235,0.138,0.23
2218,0.244,0.178,0.116,0.162,0.152,0.124,0.208,0.209,0.108,0.092,0.085,0.162,0.243,0.263,0.265,Low_SNR,Low_SNR,0.130,0.139,Low_SNR,0.102,0.233,0.120,0.23
2219,0.247,0.177,0.125,0.171,0.168,0.151,0.209,0.215,0.107,0.092,0.095,0.168,0.249,0.261,0.249,Low_SNR,Low_SNR,0.136,0.149,Low_SNR,0.100,0.239,0.144,0.23
2220,0.245,0.174,0.123,0.171,0.164,0.147,0.211,0.213,0.105,0.093,0.088,0.167,0.242,0.256,0.251,Low_SNR,Low_SNR,0.133,0.150,Low_SNR,0.109,0.238,0.149,0.25
2221,0.242,0.175,0.120,0.170,0.161,0.151,0.215,0.216,0.112,0.093,0.094,0.170,0.244,0.251,0.261,Low_SNR,Low_SNR,0.136,0.146,Low_SNR,0.110,0.238,0.104,0.23
2222,0.244,0.173,0.115,0.161,0.155,0.143,0.209,0.208,0.094,0.083,0.085,0.156,0.249,0.264,0.265,Low_SNR,Low_SNR,0.124,0.140,Low_SNR,0.088,0.238,0.130,0.22
2223,0.241,0.163,0.119,0.163,0.160,0.146,0.203,0.208,0.094,0.085,0.091,0.155,0.248,0.267,0.263,Low_SNR,Low_SNR,0.129,0.146,Low_SNR,0.095,0.229,0.151,0.23
2224,0.246,0.179,0.124,0.166,0.161,0.137,0.205,0.212,0.100,0.086,0.084,0.159,0.249,0.277,0.245,Low_SNR,Low_SNR,0.134,0.144,Low_SNR,0.092,0.229,0.132,0.23
2225,0.248,0.180,0.122,0.167,0.161,0.148,0.209,0.217,0.097,0.087,0.085,0.160,0.254,0.267,0.251,Low_SNR,Low_SNR,0.132,0.146,Low_SNR,0.100,0.241,0.132,0.23
2226,0.245,0.176,0.124,0.167,0.165,0.153,0.209,0.216,0.107,0.087,0.087,0.159,0.243,0.261,0.255,Low_SNR,Low_SNR,0.132,0.144,Low_SNR,0.099,0.237,0.136,0.25
2227,0.245,0.182,0.123,0.168,0.162,0.128,0.209,0.211,0.103,0.101,0.095,0.164,0.243,0.262,0.260,Low_SNR,Low_SNR,0.134,0.149,0.025,0.113,0.239,0.136,0.24
2228,0.241,0.168,0.120,0.164,0.158,0.141,0.209,0.208,0.095,0.079,0.085,0.162,0.244,0.261,0.261,Low_SNR,Low_SNR,0.129,0.146,Low_SNR,0.095,0.247,0.121,0.24
2229,0.243,0.168,0.120,0.166,0.164,0.158,0.215,0.212,0.101,0.086,0.085,0.154,0.243,0.266,0.248,Low_SNR,Low_SNR,0.131,0.146,Low_SNR,0.091,0.246,0.138,0.23
2230,0.247,0.176,0.120,0.168,0.162,0.147,0.209,0.213,0.107,0.093,0.094,0.168,0.247,0.271,0.247,Low_SNR,Low_SNR,0.130,0.146,Low_SNR,0.098,0.234,0.157,0.23
2231,0.242,0.166,0.116,0.164,0.158,0.152,0.204,0.208,0.094,0.088,0.084,0.151,0.243,0.273,0.256,Low_SNR,Low_SNR,0.129,0.141,Low_SNR,0.098,0.225,0.145,0.23
2232,0.247,0.184,0.123,0.167,0.156,0.132,0.213,0.213,0.112,0.094,0.094,0.177,0.242,0.249,0.261,Low_SNR,Low_SNR,0.133,0.146,Low_SNR,0.116,0.235,0.136,0.24
2233,0.246,0.178,0.120,0.166,0.158,0.136,0.209,0.213,0.101,0.092,0.087,0.165,0.248,0.266,0.251,Low_SNR,Low_SNR,0.132,0.143,Low_SNR,0.100,0.242,0.135,0.23
2234,0.243,0.169,0.121,0.166,0.157,0.137,0.211,0.212,0.108,0.095,0.090,0.157,0.247,0.258,0.255,Low_SNR,Low_SNR,0.135,0.143,Low_SNR,0.101,0.237,0.122,0.23
2235,0.244,0.180,0.122,0.168,0.162,0.144,0.214,0.213,0.095,0.094,0.089,0.173,0.247,0.257,0.255,Low_SNR,Low_SNR,0.131,0.146,Low_SNR,0.107,0.243,0.119,0.24
2236,0.246,0.177,0.123,0.170,0.163,0.148,0.212,0.214,0.107,0.098,0.097,0.163,0.243,0.257,0.258,Low_SNR,Low_SNR,0.136,0.147,Low_SNR,0.103,0.236,0.134,0.23
2237,0.250,0.182,0.115,0.164,0.154,0.144,0.211,0.211,0.100,0.083,0.085,0.167,0.251,0.272,0.259,Low_SNR,Low_SNR,0.124,0.138,Low_SNR,0.094,0.233,0.145,0.23
2238,0.250,0.186,0.130,0.172,0.166,0.147,0.212,0.219,0.106,0.101,0.095,0.168,0.245,0.259,0.253,Low_SNR,0.001,0.141,0.151,Low_SNR,0.106,0.235,0.142,0.23
2239,0.248,0.172,0.120,0.166,0.157,0.129,0.207,0.211,0.102,0.096,0.091,0.167,0.252,0.273,0.257,Low_SNR,Low_SNR,0.135,0.144,Low_SNR,0.103,0.224,0.140,0.23
2240,0.249,0.176,0.123,0.170,0.162,0.142,0.210,0.214,0.105,0.095,0.094,0.175,0.250,0.265,0.251,Low_SNR,Low_SNR,0.138,0.149,Low_SNR,0.110,0.240,0.133,0.23
2241,0.246,0.175,0.125,0.171,0.160,0.136,0.210,0.213,0.111,0.100,0.095,0.162,0.249,0.266,0.249,Low_SNR,Low_SNR,0.138,0.152,Low_SNR,0.103,0.236,0.131,0.25
2242,0.248,0.173,0.119,0.165,0.158,0.143,0.207,0.210,0.097,0.084,0.088,0.157,0.253,0.273,0.253,Low_SNR,Low_SNR,0.124,0.142,Low_SNR,0.093,0.228,0.147,0.24
2243,0.239,0.163,0.113,0.165,0.158,0.139,0.209,0.209,0.100,0.089,0.086,0.158,0.246,0.263,0.265,0.000,Low_SNR,0.126,0.143,Low_SNR,0.089,0.238,0.131,0.23
2244,0.242,0.174,0.119,0.163,0.157,0.132,0.206,0.210,0.105,0.089,0.088,0.162,0.243,0.260,0.265,Low_SNR,Low_SNR,0.131,0.145,Low_SNR,0.098,0.232,0.143,0.24
2245,0.246,0.181,0.127,0.172,0.163,0.144,0.214,0.214,0.115,0.103,0.095,0.173,0.244,0.252,0.251,Low_SNR,Low_SNR,0.141,0.148,Low_SNR,0.112,0.247,0.140,0.23
2246,0.242,0.147,0.117,0.167,0.167,0.162,0.210,0.210,0.106,0.096,0.089,0.167,0.241,0.272,0.261,Low_SNR,Low_SNR,0.141,0.148,Low_SNR,0.096,0.235,0.140,0.24
2247,0.248,0.186,0.126,0.169,0.160,0.141,0.210,0.217,0.109,0.095,0.091,0.172,0.245,0.263,0.250,Low_SNR,Low_SNR,0.137,0.142,Low_SNR,0.107,0.235,0.145,0.24
2248,0.252,0.186,0.126,0.172,0.168,0.136,0.205,0.215,0.118,0.098,0.092,0.170,0.254,0.269,0.242,0.000,Low_SNR,0.139,0.152,Low_SNR,0.112,0.231,0.170,0.24
2249,0.241,0.166,0.123,0.166,0.155,0.115,0.211,0.209,0.114,0.100,0.091,0.167,0.242,0.263,0.265,Low_SNR,Low_SNR,0.133,0.146,Low_SNR,0.109,0.240,0.138,0.22
2250,0.250,0.187,0.123,0.169,0.161,0.121,0.202,0.212,0.105,0.095,0.095,0.171,0.254,0.260,0.256,Low_SNR,Low_SNR,0.138,0.153,Low_SNR,0.103,0.231,0.147,0.23
2251,0.247,0.180,0.123,0.167,0.157,0.130,0.208,0.212,0.108,0.091,0.090,0.166,0.245,0.259,0.250,Low_SNR,Low_SNR,0.134,0.146,Low_SNR,0.099,0.243,0.140,0.23
2252,0.249,0.181,0.125,0.173,0.170,0.147,0.210,0.216,0.109,0.100,0.096,0.172,0.242,0.253,0.253,Low_SNR,Low_SNR,0.144,0.158,Low_SNR,0.114,0.245,0.161,0.24
2253,0.249,0.180,0.118,0.165,0.162,0.143,0.207,0.214,0.101,0.092,0.090,0.168,0.245,0.271,0.249,Low_SNR,Low_SNR,0.129,0.145,Low_SNR,0.094,0.228,0.134,0.23
2254,0.250,0.188,0.121,0.168,0.161,0.145,0.210,0.217,0.111,0.094,0.089,0.171,0.248,0.264,0.245,Low_SNR,Low_SNR,0.138,0.145,Low_SNR,0.107,0.237,0.134,0.24
2255,0.247,0.180,0.128,0.172,0.163,0.142,0.213,0.216,0.118,0.102,0.098,0.175,0.248,0.259,0.248,Low_SNR,Low_SNR,0.143,0.149,Low_SNR,0.112,0.241,0.129,0.24
2256,0.243,0.176,0.120,0.164,0.163,0.149,0.212,0.212,0.098,0.089,0.087,0.162,0.239,0.257,0.256,Low_SNR,Low_SNR,0.132,0.142,Low_SNR,0.089,0.243,0.115,0.23
2257,0.247,0.180,0.124,0.168,0.159,0.135,0.207,0.214,0.108,0.089,0.088,0.166,0.250,0.268,0.244,Low_SNR,Low_SNR,0.135,0.144,Low_SNR,0.100,0.237,0.123,0.23
2258,0.250,0.182,0.121,0.166,0.158,0.120,0.206,0.212,0.108,0.091,0.091,0.175,0.253,0.266,0.252,Low_SNR,0.001,0.133,0.147,Low_SNR,0.106,0.233,0.136,0.24
2259,0.243,0.172,0.116,0.163,0.156,0.137,0.212,0.211,0.102,0.088,0.087,0.163,0.248,0.267,0.254,Low_SNR,Low_SNR,0.132,0.145,Low_SNR,0.098,0.240,0.115,0.23
2260,0.246,0.173,0.120,0.166,0.159,0.132,0.209,0.211,0.100,0.089,0.086,0.161,0.244,0.269,0.254,Low_SNR,Low_SNR,0.135,0.145,0.008,0.094,0.237,0.125,0.23
2261,0.246,0.172,0.114,0.161,0.153,0.129,0.208,0.208,0.100,0.089,0.088,0.170,0.247,0.262,0.267,Low_SNR,Low_SNR,0.131,0.138,Low_SNR,0.102,0.240,0.134,0.24
2262,0.242,0.174,0.123,0.169,0.164,0.147,0.210,0.214,0.102,0.098,0.090,0.157,0.245,0.259,0.263,Low_SNR,Low_SNR,0.134,0.147,Low_SNR,0.101,0.239,0.140,0.23
2263,0.245,0.178,0.119,0.165,0.154,0.119,0.208,0.210,0.104,0.096,0.093,0.156,0.244,0.264,0.263,Low_SNR,Low_SNR,0.129,0.145,Low_SNR,0.107,0.237,0.136,0.22
2264,0.247,0.171,0.121,0.165,0.158,0.118,0.205,0.211,0.110,0.094,0.087,0.168,0.251,0.271,0.253,Low_SNR,Low_SNR,0.138,0.146,Low_SNR,0.103,0.230,0.130,0.24
2265,0.246,0.176,0.122,0.166,0.159,0.142,0.212,0.213,0.100,0.096,0.090,0.163,0.245,0.263,0.257,Low_SNR,Low_SNR,0.134,0.144,Low_SNR,0.096,0.239,0.119,0.23
2266,0.247,0.169,0.115,0.166,0.160,0.136,0.210,0.214,0.113,0.091,0.092,0.169,0.245,0.261,0.257,Low_SNR,Low_SNR,0.135,0.150,Low_SNR,0.105,0.243,0.135,0.23
2267,0.243,0.176,0.120,0.166,0.154,0.140,0.217,0.212,0.094,0.086,0.088,0.163,0.235,0.249,0.262,Low_SNR,Low_SNR,0.132,0.142,Low_SNR,0.097,0.248,0.132,0.24
2268,0.246,0.178,0.123,0.170,0.162,0.144,0.213,0.215,0.111,0.092,0.092,0.162,0.248,0.265,0.248,Low_SNR,Low_SNR,0.139,0.148,Low_SNR,0.105,0.243,0.127,0.24
2269,0.245,0.181,0.126,0.172,0.164,0.152,0.211,0.215,0.116,0.095,0.095,0.172,0.247,0.260,0.257,Low_SNR,Low_SNR,0.139,0.146,Low_SNR,0.104,0.239,0.150,0.23
2270,0.246,0.174,0.119,0.163,0.154,0.129,0.207,0.210,0.103,0.088,0.087,0.169,0.243,0.262,0.259,Low_SNR,Low_SNR,0.132,0.140,Low_SNR,0.103,0.230,0.138,0.23
2271,0.247,0.186,0.131,0.172,0.162,0.150,0.214,0.219,0.111,0.101,0.095,0.170,0.250,0.265,0.254,Low_SNR,Low_SNR,0.139,0.148,Low_SNR,0.101,0.244,0.122,0.24
2272,0.241,0.168,0.117,0.167,0.162,0.148,0.210,0.211,0.110,0.094,0.087,0.160,0.237,0.250,0.264,Low_SNR,Low_SNR,0.136,0.141,Low_SNR,0.100,0.237,0.144,0.24
2273,0.249,0.187,0.123,0.169,0.162,0.133,0.205,0.214,0.107,0.096,0.092,0.166,0.251,0.271,0.253,Low_SNR,Low_SNR,0.134,0.148,Low_SNR,0.099,0.230,0.133,0.23
2274,0.245,0.180,0.120,0.166,0.158,0.133,0.206,0.211,0.095,0.083,0.086,0.170,0.249,0.258,0.262,Low_SNR,Low_SNR,0.129,0.144,Low_SNR,0.095,0.228,0.140,0.25
2275,0.247,0.175,0.116,0.162,0.152,0.120,0.207,0.208,0.101,0.090,0.081,0.168,0.249,0.270,0.263,Low_SNR,Low_SNR,0.134,0.140,Low_SNR,0.094,0.234,0.134,0.23
2276,0.246,0.179,0.124,0.169,0.162,0.140,0.213,0.214,0.105,0.088,0.092,0.166,0.247,0.255,0.255,Low_SNR,Low_SNR,0.135,0.147,Low_SNR,0.103,0.240,0.140,0.24
2277,0.248,0.185,0.128,0.171,0.159,0.133,0.209,0.215,0.113,0.092,0.092,0.169,0.245,0.263,0.253,Low_SNR,Low_SNR,0.135,0.148,0.014,0.104,0.241,0.134,0.22
2278,0.247,0.182,0.124,0.172,0.170,0.147,0.211,0.217,0.107,0.100,0.094,0.169,0.245,0.248,0.257,Low_SNR,Low_SNR,0.140,0.152,Low_SNR,0.106,0.240,0.146,0.23
2279,0.247,0.175,0.121,0.166,0.158,0.143,0.206,0.211,0.103,0.085,0.090,0.167,0.248,0.267,0.247,Low_SNR,Low_SNR,0.130,0.148,Low_SNR,0.103,0.231,0.133,0.24
2280,0.243,0.175,0.121,0.170,0.167,0.150,0.213,0.215,0.111,0.089,0.091,0.163,0.240,0.251,0.252,Low_SNR,Low_SNR,0.132,0.148,Low_SNR,0.108,0.242,0.135,0.24
2281,0.244,0.178,0.118,0.164,0.158,0.152,0.212,0.211,0.095,0.089,0.088,0.160,0.246,0.265,0.263,Low_SNR,Low_SNR,0.127,0.139,Low_SNR,0.095,0.240,0.126,0.23
2282,0.241,0.176,0.120,0.166,0.153,0.136,0.207,0.210,0.106,0.092,0.093,0.171,0.239,0.254,0.265,0.000,Low_SNR,0.130,0.142,Low_SNR,0.099,0.236,0.129,0.23
2283,0.243,0.176,0.123,0.171,0.165,0.144,0.212,0.217,0.113,0.099,0.096,0.172,0.242,0.248,0.251,Low_SNR,0.000,0.137,0.148,Low_SNR,0.114,0.241,0.125,0.24
2284,0.244,0.170,0.120,0.165,0.155,0.130,0.210,0.210,0.105,0.086,0.087,0.162,0.246,0.266,0.261,Low_SNR,Low_SNR,0.132,0.141,Low_SNR,0.090,0.238,0.111,0.24
2285,0.245,0.170,0.124,0.168,0.160,0.121,0.202,0.211,0.112,0.093,0.094,0.166,0.245,0.258,0.264,Low_SNR,Low_SNR,0.137,0.151,Low_SNR,0.110,0.233,0.143,0.23
2286,0.252,0.179,0.118,0.161,0.150,0.138,0.208,0.210,0.102,0.083,0.082,0.168,0.252,0.268,0.255,Low_SNR,Low_SNR,0.133,0.133,Low_SNR,0.091,0.234,0.135,0.23
2287,0.244,0.179,0.128,0.170,0.160,0.139,0.211,0.215,0.108,0.094,0.094,0.162,0.238,0.250,0.257,Low_SNR,Low_SNR,0.143,0.148,Low_SNR,0.108,0.242,0.158,0.23
2288,0.244,0.170,0.124,0.170,0.160,0.117,0.208,0.210,0.108,0.090,0.094,0.168,0.242,0.260,0.262,Low_SNR,Low_SNR,0.134,0.149,Low_SNR,0.111,0.240,0.129,0.23
2289,0.248,0.190,0.126,0.170,0.172,0.146,0.213,0.215,0.097,0.088,0.087,0.161,0.246,0.257,0.251,Low_SNR,Low_SNR,0.132,0.153,0.032,0.102,0.241,0.140,0.24
2290,0.247,0.176,0.123,0.173,0.168,0.146,0.213,0.216,0.105,0.097,0.099,0.166,0.248,0.258,0.250,Low_SNR,Low_SNR,0.141,0.151,Low_SNR,0.110,0.245,0.134,0.24
2291,0.249,0.183,0.125,0.170,0.163,0.138,0.211,0.215,0.112,0.093,0.089,0.172,0.248,0.261,0.248,Low_SNR,Low_SNR,0.136,0.150,Low_SNR,0.101,0.243,0.138,0.23
2292,0.242,0.173,0.115,0.164,0.157,0.141,0.209,0.209,0.103,0.088,0.089,0.166,0.244,0.261,0.263,Low_SNR,Low_SNR,0.127,0.146,Low_SNR,0.101,0.232,0.135,0.23
2293,0.255,0.185,0.127,0.173,0.164,0.141,0.207,0.218,0.111,0.095,0.095,0.180,0.262,0.279,0.242,Low_SNR,Low_SNR,0.136,0.151,Low_SNR,0.109,0.231,0.133,0.25
2294,0.246,0.182,0.128,0.173,0.165,0.153,0.212,0.217,0.107,0.099,0.094,0.173,0.247,0.258,0.255,Low_SNR,Low_SNR,0.140,0.149,Low_SNR,0.104,0.236,0.130,0.23
2295,0.246,0.180,0.121,0.166,0.162,0.145,0.208,0.211,0.098,0.087,0.087,0.170,0.248,0.264,0.256,Low_SNR,Low_SNR,0.127,0.141,Low_SNR,0.090,0.236,0.134,0.23
2296,0.249,0.173,0.125,0.172,0.169,0.154,0.212,0.216,0.112,0.102,0.094,0.174,0.255,0.266,0.242,Low_SNR,Low_SNR,0.141,0.154,Low_SNR,0.104,0.236,0.119,0.23
2297,0.245,0.187,0.128,0.176,0.174,0.160,0.218,0.220,0.116,0.096,0.099,0.170,0.239,0.255,0.250,Low_SNR,Low_SNR,0.145,0.152,0.018,0.110,0.248,0.113,0.24
2298,0.246,0.177,0.122,0.162,0.158,0.132,0.209,0.211,0.102,0.092,0.091,0.168,0.251,0.268,0.255,Low_SNR,Low_SNR,0.129,0.138,Low_SNR,0.103,0.243,0.127,0.22
2299,0.245,0.179,0.124,0.167,0.158,0.137,0.213,0.213,0.107,0.094,0.094,0.170,0.245,0.261,0.261,Low_SNR,Low_SNR,0.136,0.147,Low_SNR,0.104,0.239,0.144,0.23
2300,0.254,0.190,0.141,0.175,0.167,0.149,0.209,0.219,0.100,0.093,0.095,0.174,0.262,0.271,0.241,Low_SNR,Low_SNR,0.141,0.151,Low_SNR,0.109,0.236,0.143,0.23
2301,0.241,0.164,0.126,0.170,0.162,0.141,0.212,0.212,0.118,0.094,0.093,0.169,0.239,0.252,0.264,Low_SNR,Low_SNR,0.157,0.145,Low_SNR,0.108,0.244,0.129,0.24
2302,0.247,0.174,0.115,0.162,0.156,0.140,0.208,0.210,0.105,0.087,0.082,0.164,0.252,0.261,0.259,Low_SNR,Low_SNR,0.129,0.145,Low_SNR,0.095,0.237,0.129,0.24
2303,0.246,0.160,0.126,0.173,0.166,0.136,0.207,0.217,0.130,0.098,0.100,0.176,0.250,0.259,0.256,Low_SNR,Low_SNR,0.131,0.150,Low_SNR,0.124,0.237,0.161,0.23
2304,0.258,0.212,0.134,0.170,0.159,0.117,0.201,0.216,0.086,0.089,0.091,0.136,0.261,0.261,0.249,Low_SNR,Low_SNR,0.115,0.151,Low_SNR,0.097,0.220,0.133,0.23
2305,0.246,0.178,0.131,0.170,0.154,0.145,0.206,0.210,0.096,0.098,0.090,0.161,0.241,0.260,0.258,Low_SNR,Low_SNR,0.148,0.145,Low_SNR,0.113,0.230,0.143,0.23
2306,0.249,0.194,0.131,0.171,0.163,0.138,0.206,0.217,0.100,0.094,0.091,0.166,0.247,0.260,0.253,Low_SNR,Low_SNR,0.126,0.148,Low_SNR,0.103,0.233,0.133,0.24
2307,0.246,0.148,0.111,0.168,0.168,0.141,0.210,0.209,0.095,0.095,0.096,0.165,0.246,0.266,0.266,Low_SNR,Low_SNR,0.137,0.167,Low_SNR,0.099,0.234,0.129,0.24
2308,0.244,0.175,0.123,0.164,0.158,0.141,0.209,0.210,0.099,0.088,0.087,0.161,0.245,0.262,0.265,0.000,Low_SNR,0.128,0.140,Low_SNR,0.089,0.234,0.123,0.24
2309,0.245,0.170,0.114,0.163,0.157,0.133,0.207,0.212,0.107,0.095,0.090,0.164,0.245,0.262,0.261,Low_SNR,Low_SNR,0.136,0.144,Low_SNR,0.100,0.233,0.140,0.22
2310,0.254,0.175,0.145,0.185,0.190,0.201,0.212,0.225,0.097,0.105,0.107,0.187,0.260,0.257,0.238,Low_SNR,Low_SNR,0.154,0.169,Low_SNR,0.104,0.232,Low_SNR,0.24
2311,0.248,0.183,0.130,0.178,0.173,0.155,0.216,0.223,0.118,0.110,0.108,0.177,0.250,0.247,0.253,Low_SNR,Low_SNR,0.147,0.164,Low_SNR,0.110,0.236,0.141,0.23
2312,0.244,0.170,0.109,0.156,0.148,0.124,0.209,0.207,0.094,0.086,0.086,0.164,0.246,0.271,0.261,Low_SNR,Low_SNR,0.124,0.135,Low_SNR,0.093,0.238,0.134,0.23
2313,0.241,0.173,0.123,0.167,0.164,0.142,0.212,0.216,0.116,0.099,0.097,0.162,0.237,0.251,0.269,Low_SNR,Low_SNR,0.136,0.152,Low_SNR,0.103,0.239,0.157,0.23
2314,0.242,0.176,0.122,0.169,0.161,0.141,0.213,0.214,0.118,0.097,0.094,0.164,0.242,0.251,0.261,Low_SNR,Low_SNR,0.134,0.147,Low_SNR,0.104,0.246,0.132,0.22
2315,0.245,0.176,0.120,0.168,0.161,0.144,0.207,0.216,0.099,0.090,0.086,0.166,0.248,0.258,0.248,Low_SNR,Low_SNR,0.130,0.142,Low_SNR,0.102,0.235,0.129,0.24
2316,0.246,0.175,0.118,0.164,0.158,0.137,0.210,0.211,0.095,0.089,0.087,0.155,0.245,0.270,0.254,Low_SNR,Low_SNR,0.129,0.143,Low_SNR,0.093,0.242,0.115,0.23
2317,0.243,0.170,0.119,0.164,0.157,0.117,0.208,0.210,0.110,0.093,0.089,0.176,0.245,0.260,0.259,Low_SNR,Low_SNR,0.135,0.149,Low_SNR,0.103,0.242,0.141,0.24
2318,0.245,0.182,0.128,0.175,0.166,0.136,0.208,0.218,0.119,0.098,0.101,0.173,0.249,0.246,0.261,Low_SNR,Low_SNR,0.147,0.156,Low_SNR,0.114,0.236,0.146,0.24
2319,0.249,0.183,0.126,0.173,0.165,0.141,0.207,0.219,0.113,0.110,0.100,0.176,0.255,0.260,0.254,Low_SNR,Low_SNR,0.142,0.157,Low_SNR,0.113,0.236,0.148,0.24
2320,0.246,0.182,0.123,0.169,0.162,0.135,0.207,0.213,0.104,0.099,0.095,0.170,0.247,0.261,0.255,Low_SNR,Low_SNR,0.135,0.148,Low_SNR,0.099,0.233,0.142,0.24
2321,0.247,0.178,0.123,0.169,0.163,0.143,0.208,0.217,0.106,0.092,0.090,0.173,0.251,0.266,0.243,Low_SNR,Low_SNR,0.134,0.150,Low_SNR,0.104,0.230,0.148,0.23
2322,0.249,0.180,0.130,0.176,0.169,0.143,0.208,0.219,0.122,0.110,0.103,0.184,0.249,0.264,0.239,Low_SNR,Low_SNR,0.146,0.158,Low_SNR,0.120,0.235,0.134,0.24
2323,0.247,0.171,0.122,0.171,0.164,0.140,0.208,0.215,0.111,0.096,0.095,0.167,0.241,0.261,0.262,Low_SNR,Low_SNR,0.135,0.153,0.025,0.107,0.228,0.149,0.23
2324,0.248,0.179,0.119,0.166,0.158,0.131,0.207,0.214,0.102,0.091,0.084,0.169,0.244,0.256,0.259,Low_SNR,Low_SNR,0.133,0.145,Low_SNR,0.105,0.235,0.132,0.23
2325,0.241,0.172,0.119,0.166,0.161,0.152,0.211,0.215,0.108,0.089,0.090,0.164,0.237,0.244,0.264,Low_SNR,Low_SNR,0.128,0.141,Low_SNR,0.094,0.243,0.143,0.24
2326,0.249,0.175,0.118,0.163,0.155,0.135,0.209,0.212,0.099,0.090,0.084,0.170,0.249,0.264,0.266,Low_SNR,Low_SNR,0.129,0.140,Low_SNR,0.092,0.239,0.125,0.24
2327,0.245,0.178,0.120,0.166,0.156,0.133,0.205,0.214,0.097,0.087,0.090,0.158,0.251,0.258,0.255,Low_SNR,Low_SNR,0.127,0.143,Low_SNR,0.099,0.234,0.139,0.23
2328,0.247,0.173,0.121,0.166,0.160,0.137,0.202,0.210,0.104,0.092,0.090,0.169,0.256,0.275,0.253,0.000,Low_SNR,0.134,0.145,Low_SNR,0.092,0.224,0.152,0.25
2329,0.246,0.180,0.125,0.169,0.162,0.136,0.208,0.217,0.105,0.094,0.092,0.171,0.247,0.259,0.254,Low_SNR,Low_SNR,0.138,0.151,Low_SNR,0.104,0.234,0.161,0.23
2330,0.247,0.178,0.118,0.164,0.158,0.134,0.208,0.213,0.099,0.088,0.087,0.166,0.252,0.257,0.254,Low_SNR,Low_SNR,0.129,0.139,Low_SNR,0.099,0.235,0.134,0.23
2331,0.242,0.167,0.126,0.168,0.162,0.121,0.208,0.213,0.117,0.098,0.098,0.183,0.243,0.247,0.260,Low_SNR,Low_SNR,0.142,0.155,Low_SNR,0.118,0.242,0.134,0.23
2332,0.245,0.171,0.125,0.172,0.167,0.153,0.213,0.219,0.115,0.100,0.099,0.177,0.244,0.243,0.249,Low_SNR,Low_SNR,0.138,0.154,Low_SNR,0.108,0.246,0.129,0.23
2333,0.245,0.180,0.115,0.162,0.156,0.117,0.206,0.209,0.113,0.086,0.086,0.155,0.244,0.258,0.267,Low_SNR,0.000,0.129,0.147,Low_SNR,0.089,0.238,Low_SNR,0.24
2334,0.244,0.162,0.116,0.166,0.162,0.158,0.209,0.214,0.107,0.093,0.091,0.171,0.249,0.257,0.256,Low_SNR,Low_SNR,0.137,0.146,Low_SNR,0.111,0.239,0.154,0.23
2335,0.244,0.180,0.119,0.167,0.161,0.185,0.217,0.218,0.099,0.079,0.077,0.167,0.239,0.259,0.254,Low_SNR,Low_SNR,0.122,0.140,Low_SNR,0.088,0.250,0.094,0.24
2336,0.243,0.173,0.122,0.166,0.154,0.128,0.204,0.214,0.107,0.091,0.090,0.165,0.244,0.258,0.258,Low_SNR,Low_SNR,0.133,0.144,Low_SNR,0.102,0.235,0.135,0.23
2337,0.243,0.172,0.118,0.166,0.157,0.133,0.209,0.213,0.097,0.088,0.089,0.165,0.244,0.254,0.266,Low_SNR,Low_SNR,0.131,0.144,Low_SNR,0.104,0.240,0.134,0.23
2338,0.254,0.197,0.121,0.164,0.154,0.124,0.206,0.216,0.101,0.089,0.086,0.174,0.254,0.263,0.248,Low_SNR,Low_SNR,0.129,0.142,Low_SNR,0.100,0.237,0.122,0.23
2339,0.241,0.167,0.121,0.163,0.157,0.139,0.211,0.211,0.092,0.086,0.082,0.182,0.242,0.257,0.263,Low_SNR,Low_SNR,0.130,0.137,Low_SNR,0.096,0.238,0.095,0.24
2340,0.251,0.189,0.125,0.172,0.166,0.141,0.204,0.218,0.111,0.097,0.094,0.173,0.254,0.263,0.246,Low_SNR,Low_SNR,0.138,0.150,Low_SNR,0.110,0.226,0.150,0.24
2341,0.242,0.168,0.123,0.166,0.157,0.159,0.210,0.214,0.107,0.096,0.091,0.166,0.242,0.256,0.263,Low_SNR,Low_SNR,0.131,0.141,Low_SNR,0.096,0.232,0.136,0.24
2342,0.235,0.149,0.112,0.162,0.160,0.159,0.212,0.213,0.097,0.087,0.089,0.146,0.231,0.254,0.262,Low_SNR,Low_SNR,0.130,0.142,Low_SNR,0.095,0.237,0.124,0.24
2343,0.250,0.189,0.124,0.165,0.154,0.118,0.203,0.214,0.103,0.091,0.087,0.164,0.253,0.269,0.252,Low_SNR,Low_SNR,0.131,0.146,Low_SNR,0.102,0.234,0.115,0.23
2344,0.247,0.195,0.128,0.173,0.164,0.123,0.207,0.219,0.115,0.101,0.100,0.165,0.244,0.253,0.257,Low_SNR,Low_SNR,0.134,0.159,Low_SNR,0.107,0.240,0.167,0.24
2345,0.251,0.184,0.123,0.166,0.159,0.149,0.215,0.220,0.096,0.097,0.092,0.170,0.256,0.265,0.257,Low_SNR,Low_SNR,0.132,0.148,Low_SNR,0.093,0.240,0.137,0.24
2346,0.246,0.169,0.123,0.167,0.160,0.145,0.210,0.217,0.110,0.089,0.092,0.170,0.245,0.261,0.247,Low_SNR,Low_SNR,0.137,0.150,Low_SNR,0.100,0.238,0.130,0.24
2347,0.246,0.180,0.118,0.166,0.155,0.119,0.208,0.213,0.115,0.090,0.088,0.171,0.247,0.267,0.257,Low_SNR,Low_SNR,0.130,0.149,Low_SNR,0.106,0.239,0.122,0.25
2348,0.248,0.181,0.129,0.173,0.168,0.150,0.206,0.220,0.103,0.093,0.092,0.162,0.249,0.265,0.248,Low_SNR,Low_SNR,0.134,0.150,Low_SNR,0.106,0.233,0.142,0.23
2349,0.247,0.192,0.128,0.169,0.154,0.106,0.210,0.215,0.114,0.092,0.094,0.172,0.243,0.257,0.255,Low_SNR,Low_SNR,0.138,0.144,Low_SNR,0.117,0.242,0.145,0.23
2350,0.243,0.157,0.114,0.164,0.162,0.146,0.214,0.214,0.107,0.098,0.092,0.156,0.242,0.257,0.259,Low_SNR,Low_SNR,0.136,0.143,Low_SNR,0.095,0.244,0.123,0.24
2351,0.248,0.182,0.124,0.171,0.163,0.153,0.209,0.220,0.115,0.102,0.099,0.171,0.251,0.266,0.255,Low_SNR,Low_SNR,0.135,0.145,Low_SNR,0.101,0.235,0.143,0.23
2352,0.250,0.193,0.126,0.167,0.153,0.168,0.208,0.219,0.097,0.093,0.089,0.165,0.247,0.259,0.252,Low_SNR,Low_SNR,0.127,0.136,Low_SNR,0.098,0.232,0.135,0.23
2353,0.249,0.198,0.131,0.173,0.165,0.147,0.210,0.222,0.101,0.093,0.091,0.174,0.248,0.248,0.249,Low_SNR,Low_SNR,0.139,0.140,Low_SNR,0.108,0.247,0.146,0.24
2354,0.248,0.180,0.121,0.165,0.159,0.153,0.210,0.217,0.095,0.087,0.084,0.172,0.246,0.264,0.258,Low_SNR,Low_SNR,0.127,0.136,Low_SNR,0.083,0.234,0.128,0.24
2355,0.242,0.169,0.119,0.165,0.161,0.125,0.204,0.213,0.102,0.095,0.095,0.163,0.245,0.255,0.266,Low_SNR,Low_SNR,0.133,0.146,Low_SNR,0.103,0.231,0.144,0.23
2356,0.246,0.188,0.118,0.167,0.163,0.151,0.215,0.219,0.090,0.085,0.084,0.154,0.246,0.255,0.255,Low_SNR,Low_SNR,0.123,0.143,Low_SNR,0.090,0.250,0.119,0.24
2357,0.247,0.183,0.121,0.165,0.154,0.118,0.204,0.216,0.108,0.094,0.092,0.165,0.248,0.260,0.257,Low_SNR,Low_SNR,0.135,0.147,Low_SNR,0.116,0.237,0.150,0.23
2358,0.249,0.181,0.131,0.176,0.171,0.160,0.209,0.225,0.116,0.104,0.102,0.175,0.250,0.251,0.241,Low_SNR,Low_SNR,0.140,0.150,Low_SNR,0.115,0.244,0.178,0.24
2359,0.246,0.193,0.121,0.165,0.156,Low_SNR,0.207,0.214,0.105,0.087,0.091,0.165,0.244,0.251,0.260,Low_SNR,Low_SNR,0.126,0.151,Low_SNR,0.095,0.237,0.147,0.23
2360,0.247,0.186,0.125,0.170,0.166,0.136,0.206,0.219,0.102,0.100,0.095,0.167,0.248,0.258,0.252,Low_SNR,Low_SNR,0.141,0.153,Low_SNR,0.113,0.230,0.143,0.23
2361,0.254,0.198,0.125,0.164,0.153,0.107,0.206,0.215,0.092,0.091,0.085,0.165,0.253,0.267,0.248,Low_SNR,Low_SNR,0.131,0.143,Low_SNR,0.101,0.238,0.135,0.24
2362,0.248,0.176,0.120,0.168,0.157,0.151,0.207,0.218,0.115,0.098,0.093,0.171,0.244,0.257,0.255,Low_SNR,Low_SNR,0.140,0.146,Low_SNR,0.112,0.235,0.167,0.24
2363,0.241,0.170,0.121,0.166,0.151,Low_SNR,0.205,0.213,0.111,0.092,0.088,0.160,0.236,0.256,0.264,Low_SNR,Low_SNR,0.136,0.143,Low_SNR,0.113,0.230,0.147,0.24
2364,0.249,0.190,0.122,0.167,0.158,0.172,0.206,0.219,0.083,0.090,0.087,0.176,0.249,0.261,0.257,Low_SNR,Low_SNR,0.130,0.137,Low_SNR,0.095,0.234,0.141,0.24
2365,0.242,0.166,0.122,0.168,0.163,0.172,0.214,0.218,0.107,0.089,0.085,0.165,0.240,0.251,0.255,Low_SNR,Low_SNR,0.131,0.136,Low_SNR,0.094,0.240,0.131,0.24
2366,0.246,0.189,0.118,0.161,0.152,0.118,0.213,0.214,0.095,0.086,0.085,0.159,0.241,0.258,0.259,Low_SNR,Low_SNR,0.123,0.143,Low_SNR,0.097,0.241,0.104,0.24
2367,0.245,0.171,0.116,0.167,0.159,0.174,0.209,0.217,0.098,0.091,0.088,0.169,0.246,0.259,0.252,Low_SNR,Low_SNR,0.132,0.134,Low_SNR,0.096,0.235,0.121,0.23
2368,0.243,0.187,0.127,0.166,0.153,0.134,0.213,0.218,0.105,0.090,0.085,0.161,0.238,0.255,0.261,Low_SNR,Low_SNR,0.132,0.136,Low_SNR,0.098,0.242,0.118,0.24
2369,0.244,0.189,0.120,0.164,0.159,0.144,0.211,0.217,0.095,0.092,0.092,0.159,0.239,0.252,0.267,Low_SNR,Low_SNR,0.124,0.142,Low_SNR,0.097,0.240,0.128,0.24
2370,0.244,0.173,0.119,0.165,0.159,0.133,0.209,0.214,0.113,0.091,0.091,0.171,0.243,0.252,0.259,Low_SNR,Low_SNR,0.136,0.146,Low_SNR,0.104,0.236,0.154,0.24
2371,0.244,0.163,0.114,0.162,0.163,0.178,0.210,0.217,0.103,0.085,0.082,0.166,0.240,0.260,0.257,Low_SNR,Low_SNR,0.130,0.131,Low_SNR,0.085,0.236,0.121,0.24
2372,0.248,0.181,0.124,0.168,0.158,0.100,0.203,0.215,0.113,0.100,0.094,0.168,0.248,0.259,0.251,Low_SNR,Low_SNR,0.138,0.158,Low_SNR,0.123,0.238,0.141,0.26
2373,0.249,0.180,0.122,0.167,0.167,0.166,0.213,0.221,0.101,0.088,0.086,0.180,0.248,0.253,0.246,Low_SNR,Low_SNR,0.129,0.142,Low_SNR,0.091,0.242,0.130,0.24
2374,0.248,0.185,0.124,0.171,0.160,0.147,0.209,0.220,0.114,0.094,0.093,0.171,0.248,0.256,0.253,Low_SNR,Low_SNR,0.136,0.150,Low_SNR,0.113,0.238,0.134,0.24
2375,0.246,0.176,0.118,0.164,0.157,0.146,0.207,0.217,0.103,0.092,0.088,0.164,0.245,0.259,0.259,Low_SNR,Low_SNR,0.138,0.142,Low_SNR,0.103,0.234,0.129,0.24
2376,0.248,0.177,0.118,0.163,0.152,0.142,0.204,0.215,0.095,0.087,0.083,0.167,0.251,0.272,0.248,Low_SNR,Low_SNR,0.125,0.135,Low_SNR,0.102,0.233,0.128,0.23
2377,0.252,0.194,0.129,0.172,0.165,0.140,0.210,0.224,0.107,0.099,0.098,0.176,0.252,0.259,0.243,0.000,Low_SNR,0.135,0.154,Low_SNR,0.100,0.240,0.123,0.24
2378,0.243,0.172,0.121,0.165,0.154,0.125,0.207,0.214,0.104,0.092,0.093,0.174,0.248,0.263,0.262,Low_SNR,Low_SNR,0.131,0.145,Low_SNR,0.100,0.239,0.137,0.24
2379,0.244,0.169,0.123,0.171,0.164,0.166,0.210,0.221,0.104,0.096,0.094,0.170,0.246,0.255,0.249,Low_SNR,Low_SNR,0.138,0.143,Low_SNR,0.103,0.237,0.127,0.24
2380,0.246,0.157,0.118,0.167,0.153,0.108,0.207,0.214,0.120,0.100,0.100,0.170,0.248,0.263,0.263,Low_SNR,Low_SNR,0.140,0.155,0.028,0.114,0.248,0.136,0.24
2381,0.248,0.182,0.122,0.170,0.166,0.165,0.213,0.224,0.119,0.094,0.096,0.161,0.247,0.261,0.246,Low_SNR,Low_SNR,0.128,0.142,Low_SNR,0.100,0.242,0.128,0.24
2382,0.246,0.169,0.113,0.162,0.153,0.134,0.209,0.216,0.117,0.089,0.085,0.170,0.251,0.258,0.246,Low_SNR,Low_SNR,0.133,0.137,Low_SNR,0.106,0.237,0.135,0.24
2383,0.250,0.193,0.125,0.164,0.151,Low_SNR,0.201,0.213,0.094,0.094,0.091,0.172,0.247,0.262,0.262,Low_SNR,Low_SNR,0.135,0.148,0.026,0.117,0.226,0.150,0.24
2384,0.242,0.184,0.117,0.168,0.168,0.180,0.215,0.220,0.101,0.088,0.090,0.158,0.241,0.253,0.253,Low_SNR,Low_SNR,0.122,0.147,Low_SNR,0.090,0.242,0.126,0.23
2385,0.246,0.190,0.131,0.173,0.163,0.146,0.208,0.224,0.108,0.096,0.093,0.171,0.247,0.259,0.253,Low_SNR,Low_SNR,0.135,0.145,Low_SNR,0.109,0.232,0.131,0.23
2386,0.241,0.171,0.121,0.167,0.159,0.156,0.211,0.218,0.100,0.091,0.093,0.164,0.238,0.246,0.264,Low_SNR,Low_SNR,0.129,0.140,Low_SNR,0.105,0.237,0.141,0.23
2387,0.246,0.175,0.114,0.161,0.152,0.131,0.205,0.211,0.089,0.087,0.086,0.167,0.250,0.268,0.255,Low_SNR,Low_SNR,0.130,0.134,Low_SNR,0.098,0.233,0.125,0.23
2388,0.251,0.212,Low_SNR,0.141,Low_SNR,Low_SNR,0.197,0.202,0.131,Low_SNR,Low_SNR,0.115,0.251,0.268,0.267,Low_SNR,Low_SNR,Low_SNR,Low_SNR,Low_SNR,Low_SNR,0.228,Low_SNR,0.26
2389,0.244,0.176,0.123,0.168,0.159,0.143,0.211,0.213,0.108,0.094,0.094,0.166,0.237,0.252,0.263,Low_SNR,Low_SNR,0.131,0.142,Low_SNR,0.106,0.241,0.138,0.24
2390,0.243,0.174,0.117,0.165,0.161,0.143,0.212,0.213,0.104,0.086,0.084,0.163,0.243,0.253,0.263,Low_SNR,Low_SNR,0.129,0.150,Low_SNR,0.095,0.246,0.126,0.23
2391,0.242,0.175,0.128,0.171,0.162,0.127,0.211,0.215,0.115,0.101,0.098,0.181,0.248,0.249,0.250,Low_SNR,Low_SNR,0.144,0.154,Low_SNR,0.132,0.241,0.146,0.24
2392,0.248,0.171,0.123,0.167,0.154,0.112,0.202,0.209,0.111,0.098,0.091,0.171,0.249,0.265,0.251,Low_SNR,Low_SNR,0.139,0.148,Low_SNR,0.116,0.234,0.156,0.22
2393,0.250,0.197,0.131,0.169,0.158,0.100,0.210,0.213,0.096,0.096,0.092,0.168,0.245,0.256,0.251,Low_SNR,Low_SNR,0.137,0.154,Low_SNR,0.102,0.245,0.146,0.25
2394,0.243,0.178,0.126,0.170,0.165,0.160,0.211,0.216,0.101,0.092,0.090,0.173,0.240,0.256,0.248,Low_SNR,0.001,0.135,0.146,Low_SNR,0.095,0.236,0.121,0.24
2395,0.250,0.178,0.124,0.167,0.150,0.069,0.200,0.209,0.113,0.093,0.099,0.172,0.256,0.268,0.251,Low_SNR,Low_SNR,0.136,0.159,Low_SNR,0.127,0.240,0.137,0.24
2396,0.249,0.174,0.116,0.168,0.167,0.166,0.214,0.217,0.095,0.091,0.088,0.164,0.249,0.261,0.250,Low_SNR,Low_SNR,0.132,0.145,Low_SNR,0.096,0.244,0.116,0.23
2397,0.240,0.164,0.120,0.166,0.159,0.114,0.209,0.210,0.108,0.094,0.093,0.169,0.241,0.262,0.255,Low_SNR,Low_SNR,0.134,0.150,Low_SNR,0.106,0.243,0.129,0.23
2398,0.245,0.179,0.118,0.164,0.163,0.166,0.211,0.216,0.099,0.089,0.087,0.170,0.247,0.261,0.249,Low_SNR,Low_SNR,0.126,0.143,Low_SNR,0.086,0.242,0.143,0.24
2399,0.248,0.187,0.123,0.162,0.145,0.099,0.207,0.209,0.109,0.095,0.092,0.176,0.251,0.262,0.250,Low_SNR,Low_SNR,0.137,0.147,Low_SNR,0.112,0.237,0.150,0.23
2400,0.245,0.171,0.111,0.162,0.159,0.137,0.205,0.211,0.101,0.093,0.091,0.164,0.247,0.262,0.261,Low_SNR,Low_SNR,0.133,0.143,0.026,0.099,0.230,0.142,0.25
2401,0.235,0.143,0.110,0.157,0.148,0.115,0.209,0.204,0.104,0.088,0.083,0.157,0.237,0.264,0.258,Low_SNR,Low_SNR,0.129,0.139,Low_SNR,0.107,0.240,0.119,0.23
2402,0.246,0.179,0.121,0.164,0.156,0.122,0.207,0.212,0.107,0.092,0.087,0.177,0.246,0.256,0.249,Low_SNR,Low_SNR,0.138,0.147,Low_SNR,0.103,0.236,0.145,0.23
2403,0.249,0.188,0.128,0.167,0.158,0.161,0.210,0.218,0.100,0.090,0.091,0.170,0.243,0.261,0.252,Low_SNR,Low_SNR,0.129,0.145,Low_SNR,0.104,0.235,0.145,0.24
2404,0.242,0.171,0.123,0.168,0.162,Low_SNR,0.210,0.217,0.110,0.088,0.091,0.164,0.245,0.257,0.250,Low_SNR,Low_SNR,0.134,0.142,Low_SNR,0.102,0.238,0.151,0.23
2405,0.241,0.166,0.116,0.163,0.156,0.144,0.212,0.212,0.110,0.086,0.089,0.169,0.243,0.253,0.260,Low_SNR,Low_SNR,0.123,0.144,Low_SNR,0.092,0.240,0.117,0.25
2406,0.243,0.161,0.113,0.163,0.155,0.125,0.210,0.209,0.116,0.093,0.095,0.169,0.241,0.256,0.258,Low_SNR,Low_SNR,0.138,0.146,Low_SNR,0.100,0.239,0.151,0.23
2407,0.248,0.202,0.126,0.170,0.163,0.156,0.209,0.218,0.094,0.089,0.091,0.173,0.244,0.254,0.249,Low_SNR,Low_SNR,0.128,0.139,0.022,0.101,0.232,0.138,0.23
2408,0.243,0.163,0.112,0.164,0.158,0.137,0.209,0.213,0.109,0.091,0.087,0.168,0.245,0.264,0.253,Low_SNR,Low_SNR,0.133,0.143,Low_SNR,0.108,0.241,0.130,0.24
2409,0.246,0.192,0.124,0.167,0.160,0.137,0.207,0.216,0.088,0.090,0.086,0.170,0.247,0.261,0.245,Low_SNR,Low_SNR,0.131,0.142,Low_SNR,0.087,0.234,0.136,0.23
2410,0.241,0.166,0.119,0.163,0.155,0.156,0.212,0.212,0.089,0.090,0.084,0.164,0.239,0.259,0.268,Low_SNR,Low_SNR,0.135,0.135,Low_SNR,0.093,0.245,0.118,0.23
2411,0.244,0.171,0.120,0.173,0.170,0.142,0.212,0.215,0.103,0.098,0.096,0.177,0.242,0.252,0.249,Low_SNR,Low_SNR,0.146,0.153,Low_SNR,0.113,0.238,0.135,0.24
2412,0.241,0.168,0.111,0.161,0.152,0.136,0.210,0.210,0.107,0.093,0.089,0.162,0.242,0.256,0.265,Low_SNR,Low_SNR,0.130,0.140,Low_SNR,0.102,0.240,0.122,0.24
2413,0.242,0.186,0.125,0.171,0.168,0.179,0.212,0.221,0.102,0.093,0.092,0.166,0.241,0.254,0.249,Low_SNR,Low_SNR,0.135,0.142,Low_SNR,0.102,0.236,0.139,0.23
2414,0.249,0.187,0.122,0.166,0.157,0.120,0.202,0.212,0.101,0.087,0.086,0.157,0.253,0.262,0.246,Low_SNR,Low_SNR,0.128,0.144,Low_SNR,0.104,0.228,0.140,0.25
2415,0.247,0.175,0.129,0.177,0.168,0.143,0.212,0.220,0.121,0.113,0.108,0.180,0.248,0.250,0.253,Low_SNR,Low_SNR,0.150,0.164,Low_SNR,0.114,0.241,0.153,0.23
2416,0.239,0.178,0.119,0.162,0.151,0.118,0.206,0.210,0.102,0.087,0.089,0.162,0.241,0.257,0.266,Low_SNR,Low_SNR,0.122,0.144,Low_SNR,0.103,0.237,0.141,0.25
2417,0.245,0.183,0.125,0.170,0.164,0.128,0.212,0.216,0.104,0.097,0.093,0.164,0.238,0.249,0.252,Low_SNR,0.000,0.135,0.149,Low_SNR,0.110,0.241,0.135,0.23
2418,0.240,0.154,0.113,0.160,0.152,Low_SNR,0.204,0.207,0.104,0.096,0.087,0.173,0.244,0.258,0.264,Low_SNR,Low_SNR,0.150,0.148,Low_SNR,0.106,0.237,0.126,0.26
2419,0.244,0.176,0.122,0.168,0.159,0.135,0.207,0.215,0.109,0.097,0.091,0.174,0.243,0.254,0.252,Low_SNR,Low_SNR,0.137,0.151,Low_SNR,0.105,0.231,0.137,0.24
2420,0.239,0.158,0.115,0.166,0.156,0.122,0.209,0.210,0.104,0.103,0.094,0.162,0.235,0.249,0.260,Low_SNR,Low_SNR,0.140,0.152,Low_SNR,0.097,0.241,0.139,0.23
2421,0.248,0.195,0.118,0.167,0.164,0.169,0.212,0.221,0.106,0.084,0.084,0.162,0.241,0.250,0.254,Low_SNR,Low_SNR,0.128,0.136,Low_SNR,0.098,0.237,0.129,0.24
2422,0.242,0.166,0.111,0.164,0.156,0.132,0.209,0.210,0.099,0.082,0.086,0.164,0.240,0.257,0.254,Low_SNR,Low_SNR,0.127,0.140,Low_SNR,0.094,0.244,0.115,0.26
2423,0.244,0.170,0.126,0.169,0.160,0.121,0.212,0.214,0.118,0.101,0.092,0.178,0.249,0.253,0.254,Low_SNR,Low_SNR,0.135,0.146,Low_SNR,0.108,0.242,0.131,0.24
2424,0.238,0.148,0.121,0.171,0.165,0.157,0.211,0.215,0.110,0.100,0.097,0.169,0.243,0.252,0.252,Low_SNR,Low_SNR,0.147,0.146,Low_SNR,0.103,0.239,0.131,0.25
2425,0.245,0.164,0.123,0.170,0.163,0.163,0.210,0.218,0.115,0.088,0.094,0.173,0.245,0.255,0.253,Low_SNR,Low_SNR,0.134,0.138,Low_SNR,0.115,0.237,0.144,0.22
2426,0.251,0.199,0.124,0.171,0.161,0.164,0.211,0.220,0.096,0.085,0.089,0.166,0.249,0.252,0.245,Low_SNR,Low_SNR,0.125,0.143,0.023,0.096,0.238,0.140,0.23
2427,0.251,0.196,0.125,0.171,0.156,0.098,0.204,0.216,0.113,0.097,0.098,0.173,0.252,0.264,0.249,Low_SNR,Low_SNR,0.132,0.156,0.040,0.126,0.234,0.154,0.24
2428,0.247,0.186,0.122,0.169,0.161,0.157,0.211,0.216,0.094,0.097,0.089,0.166,0.241,0.259,0.248,Low_SNR,0.000,0.138,0.142,Low_SNR,0.106,0.244,0.142,0.23
2429,0.251,0.208,0.127,0.168,0.156,0.104,0.206,0.214,0.098,0.087,0.090,0.178,0.246,0.260,0.247,Low_SNR,Low_SNR,0.120,0.142,Low_SNR,0.107,0.241,0.130,0.23
2430,0.245,0.190,0.130,0.173,0.167,0.165,0.211,0.220,0.102,0.098,0.093,0.172,0.243,0.254,0.250,Low_SNR,Low_SNR,0.134,0.146,Low_SNR,0.097,0.233,0.125,0.24
2431,0.244,0.178,0.128,0.168,0.156,0.124,0.208,0.212,0.104,0.093,0.091,0.176,0.242,0.256,0.257,Low_SNR,Low_SNR,0.133,0.150,Low_SNR,0.103,0.238,0.136,0.24
2432,0.240,0.167,0.119,0.168,0.161,0.157,0.212,0.217,0.112,0.097,0.094,0.167,0.243,0.252,0.252,Low_SNR,Low_SNR,0.144,0.150,0.022,0.090,0.238,0.133,0.23
2433,0.243,0.171,0.116,0.165,0.161,0.167,0.211,0.214,0.100,0.088,0.083,0.155,0.241,0.254,0.264,Low_SNR,Low_SNR,0.126,0.132,Low_SNR,0.100,0.240,0.119,0.24
2434,0.250,0.209,0.130,0.167,0.151,0.112,0.207,0.213,0.094,0.091,0.093,0.165,0.244,0.254,0.249,0.001,Low_SNR,0.126,0.141,Low_SNR,0.104,0.233,0.127,0.24
2435,0.238,0.145,0.110,0.164,0.160,0.165,0.211,0.210,0.108,0.095,0.092,0.166,0.242,0.259,0.265,Low_SNR,Low_SNR,0.128,0.143,Low_SNR,0.098,0.241,0.127,0.23
2436,0.245,0.171,0.116,0.164,0.154,Low_SNR,0.209,0.212,0.111,0.090,0.087,0.163,0.248,0.262,0.246,Low_SNR,0.001,0.131,0.139,Low_SNR,0.099,0.234,0.146,0.24
2437,0.249,0.190,0.125,0.170,0.157,0.130,0.206,0.217,0.105,0.095,0.092,0.180,0.254,0.255,0.241,Low_SNR,Low_SNR,0.138,0.153,Low_SNR,0.105,0.241,0.136,0.23
2438,0.250,0.190,0.124,0.169,0.157,0.117,0.208,0.215,0.110,0.093,0.095,0.171,0.255,0.261,0.240,Low_SNR,Low_SNR,0.135,0.147,Low_SNR,0.103,0.234,0.137,0.24
2439,0.242,0.168,0.127,0.172,0.167,0.146,0.212,0.217,0.110,0.098,0.095,0.174,0.242,0.247,0.249,Low_SNR,Low_SNR,0.139,0.143,Low_SNR,0.107,0.237,0.135,0.24
2440,0.241,0.166,0.118,0.169,0.166,0.160,0.215,0.217,0.112,0.088,0.092,0.170,0.242,0.248,0.250,Low_SNR,Low_SNR,0.130,0.142,Low_SNR,0.103,0.246,0.145,0.23
2441,0.244,0.185,0.121,0.168,0.160,0.150,0.210,0.215,0.104,0.087,0.095,0.159,0.246,0.255,0.258,Low_SNR,Low_SNR,0.131,0.150,Low_SNR,0.102,0.234,0.134,0.24
2442,0.241,0.170,0.117,0.164,0.158,0.131,0.211,0.214,0.105,0.090,0.091,0.166,0.242,0.253,0.250,Low_SNR,Low_SNR,0.125,0.144,Low_SNR,0.097,0.242,0.137,0.23
2443,0.245,0.188,0.125,0.171,0.163,0.152,0.212,0.218,0.102,0.095,0.093,0.162,0.244,0.258,0.247,Low_SNR,0.001,0.134,0.148,Low_SNR,0.094,0.240,0.139,0.24
2444,0.242,0.179,0.120,0.161,0.155,0.146,0.210,0.212,0.095,0.087,0.087,0.158,0.241,0.258,0.256,Low_SNR,Low_SNR,0.118,0.138,Low_SNR,0.088,0.238,0.123,0.23
2445,0.242,0.148,0.110,0.165,0.159,0.137,0.205,0.210,0.102,0.095,0.096,0.172,0.248,0.260,0.253,Low_SNR,Low_SNR,0.139,0.141,Low_SNR,0.105,0.228,0.151,0.24
2446,0.249,0.185,0.122,0.167,0.160,0.124,0.208,0.213,0.100,0.092,0.089,0.175,0.253,0.266,0.247,Low_SNR,Low_SNR,0.130,0.148,Low_SNR,0.112,0.235,0.152,0.24
2447,0.246,0.181,0.128,0.170,0.160,0.138,0.210,0.217,0.106,0.092,0.093,0.177,0.253,0.256,0.243,0.001,Low_SNR,0.139,0.147,Low_SNR,0.115,0.239,0.138,0.22
2448,0.248,0.202,0.126,0.169,0.159,0.138,0.211,0.218,0.103,0.096,0.092,0.169,0.244,0.244,0.251,Low_SNR,Low_SNR,0.130,0.149,Low_SNR,0.094,0.238,0.136,0.24
2449,0.249,0.199,0.125,0.166,0.159,0.152,0.211,0.219,0.105,0.092,0.087,0.172,0.245,0.251,0.256,Low_SNR,Low_SNR,0.122,0.139,Low_SNR,0.109,0.232,0.142,0.24
2450,0.242,0.166,0.117,0.167,0.159,0.123,0.208,0.211,0.106,0.101,0.094,0.166,0.239,0.249,0.252,Low_SNR,Low_SNR,0.144,0.155,Low_SNR,0.108,0.241,0.140,0.23
2451,0.251,0.179,0.113,0.164,0.157,0.124,0.211,0.212,0.099,0.092,0.091,0.176,0.251,0.258,0.255,Low_SNR,Low_SNR,0.135,0.152,Low_SNR,0.104,0.244,0.140,0.24
2452,0.243,0.176,0.121,0.169,0.168,0.164,0.209,0.218,0.098,0.100,0.086,0.169,0.241,0.254,0.253,Low_SNR,Low_SNR,0.130,0.140,Low_SNR,0.091,0.231,0.142,0.24
2453,0.246,0.180,0.122,0.171,0.160,Low_SNR,0.209,0.219,0.113,0.096,0.093,0.174,0.245,0.248,0.252,Low_SNR,Low_SNR,0.139,0.142,Low_SNR,0.110,0.233,0.142,0.24
2454,0.242,0.170,0.123,0.170,0.158,0.140,0.212,0.216,0.106,0.094,0.090,0.174,0.241,0.255,0.250,Low_SNR,Low_SNR,0.137,0.141,Low_SNR,0.100,0.245,0.125,0.24
2455,0.243,0.169,0.116,0.164,0.160,0.159,0.211,0.214,0.098,0.089,0.083,0.162,0.240,0.258,0.253,Low_SNR,Low_SNR,0.127,0.133,Low_SNR,0.099,0.239,0.120,0.23
2456,0.244,0.171,0.121,0.173,0.170,0.160,0.212,0.219,0.112,0.097,0.096,0.166,0.242,0.253,0.255,Low_SNR,Low_SNR,0.137,0.152,Low_SNR,0.100,0.237,0.147,0.23
2457,0.245,0.192,0.125,0.169,0.164,0.176,0.213,0.221,0.098,0.095,0.087,0.162,0.238,0.247,0.255,Low_SNR,Low_SNR,0.125,0.138,Low_SNR,0.096,0.238,0.129,0.23
2458,0.246,0.182,0.122,0.166,0.155,0.141,0.206,0.215,0.107,0.084,0.088,0.176,0.247,0.260,0.249,Low_SNR,Low_SNR,0.132,0.146,Low_SNR,0.106,0.237,0.136,0.24
2459,0.248,0.185,0.129,0.175,0.165,0.169,0.209,0.220,0.119,0.089,0.094,0.173,0.252,0.256,0.249,Low_SNR,Low_SNR,0.141,0.149,Low_SNR,0.108,0.235,0.151,0.25
2460,0.245,0.171,0.129,0.174,0.164,0.136,0.212,0.218,0.115,0.099,0.097,0.172,0.245,0.252,0.252,Low_SNR,Low_SNR,0.140,0.155,Low_SNR,0.109,0.240,0.153,0.24
2461,0.244,0.177,0.117,0.166,0.160,0.132,0.208,0.213,0.106,0.094,0.085,0.167,0.244,0.256,0.250,Low_SNR,Low_SNR,0.131,0.143,Low_SNR,0.099,0.239,0.143,0.26
2462,0.244,0.174,0.119,0.165,0.155,0.143,0.211,0.213,0.104,0.088,0.086,0.158,0.242,0.255,0.254,Low_SNR,Low_SNR,0.126,0.146,Low_SNR,0.100,0.243,0.133,0.24
2463,0.244,0.166,0.121,0.170,0.166,0.172,0.212,0.219,0.115,0.087,0.090,0.164,0.245,0.257,0.243,Low_SNR,Low_SNR,0.133,0.148,Low_SNR,0.104,0.233,0.137,0.24
2464,0.244,0.169,0.112,0.159,0.148,0.117,0.207,0.209,0.104,0.096,0.087,0.170,0.242,0.252,0.264,Low_SNR,Low_SNR,0.130,0.139,Low_SNR,0.106,0.239,0.134,0.24
2465,0.247,0.181,0.119,0.166,0.160,0.127,0.207,0.215,0.108,0.096,0.089,0.181,0.248,0.259,0.242,Low_SNR,Low_SNR,0.135,0.148,Low_SNR,0.106,0.234,0.144,0.24
2466,0.243,0.155,0.116,0.167,0.158,0.143,0.211,0.214,0.103,0.089,0.094,0.166,0.245,0.260,0.257,0.000,Low_SNR,0.135,0.141,Low_SNR,0.109,0.239,0.121,0.25
2467,0.243,0.174,0.120,0.165,0.152,0.124,0.208,0.212,0.097,0.096,0.086,0.162,0.245,0.255,0.253,Low_SNR,Low_SNR,0.135,0.138,Low_SNR,0.099,0.243,0.123,0.24
2468,0.242,0.174,0.116,0.161,0.152,0.133,0.205,0.210,0.097,0.082,0.082,0.168,0.243,0.261,0.262,0.000,Low_SNR,0.123,0.135,Low_SNR,0.089,0.230,0.140,0.23
2469,0.248,0.208,0.133,0.170,0.157,0.107,0.206,0.218,0.100,0.098,0.090,0.171,0.248,0.253,0.251,Low_SNR,Low_SNR,0.131,0.150,Low_SNR,0.105,0.234,0.152,0.25
2470,0.250,0.203,0.128,0.167,0.149,Low_SNR,0.208,0.216,0.101,0.087,0.093,0.169,0.247,0.261,0.251,Low_SNR,Low_SNR,0.129,0.146,Low_SNR,0.106,0.243,0.135,0.24
2471,0.244,0.176,0.120,0.167,0.159,Low_SNR,0.212,0.215,0.099,0.083,0.090,0.166,0.240,0.254,0.250,Low_SNR,Low_SNR,0.134,0.144,Low_SNR,0.089,0.239,0.116,0.23
2472,0.247,0.197,0.127,0.168,0.150,0.114,0.209,0.213,0.100,0.082,0.084,0.171,0.249,0.264,0.249,Low_SNR,Low_SNR,0.126,0.137,Low_SNR,0.108,0.240,0.125,0.24
2473,0.247,0.181,0.118,0.168,0.162,0.125,0.209,0.215,0.111,0.085,0.087,0.168,0.249,0.260,0.248,Low_SNR,Low_SNR,0.124,0.145,Low_SNR,0.104,0.234,0.133,0.25
2474,0.244,0.183,0.124,0.171,0.161,0.149,0.217,0.218,0.103,0.092,0.087,0.163,0.239,0.258,0.247,Low_SNR,Low_SNR,0.134,0.143,Low_SNR,0.100,0.245,0.114,0.23
2475,0.245,0.184,0.124,0.165,0.155,0.130,0.209,0.215,0.103,0.098,0.091,0.170,0.244,0.258,0.258,Low_SNR,Low_SNR,0.127,0.141,Low_SNR,0.098,0.236,0.142,0.23
2476,0.246,0.181,0.116,0.166,0.161,0.151,0.208,0.215,0.104,0.087,0.084,0.162,0.242,0.257,0.251,Low_SNR,Low_SNR,0.135,0.134,0.011,0.102,0.231,0.134,0.24
2477,0.251,0.191,0.128,0.172,0.158,0.151,0.213,0.217,0.112,0.085,0.090,0.175,0.252,0.254,0.242,Low_SNR,Low_SNR,0.130,0.147,Low_SNR,0.103,0.242,0.146,0.24
2478,0.243,0.175,0.122,0.166,0.152,0.104,0.206,0.211,0.113,0.089,0.091,0.176,0.249,0.258,0.258,Low_SNR,Low_SNR,0.141,0.147,Low_SNR,0.115,0.236,0.143,0.24
2479,0.243,0.168,0.118,0.166,0.157,0.133,0.209,0.212,0.105,0.084,0.084,0.162,0.240,0.262,0.254,0.000,Low_SNR,0.121,0.145,Low_SNR,0.098,0.241,0.121,0.24
2480,0.245,0.166,0.118,0.168,0.158,0.145,0.211,0.214,0.103,0.091,0.092,0.171,0.246,0.261,0.249,Low_SNR,Low_SNR,0.141,0.142,Low_SNR,0.102,0.238,0.131,0.23
2481,0.243,0.183,0.127,0.168,0.160,0.148,0.214,0.217,0.097,0.094,0.090,0.155,0.242,0.256,0.248,Low_SNR,Low_SNR,0.122,0.140,Low_SNR,0.094,0.245,0.115,0.24
2482,0.248,0.184,0.125,0.173,0.166,0.155,0.217,0.219,0.104,0.105,0.095,0.171,0.244,0.257,0.250,Low_SNR,0.000,0.139,0.149,0.019,0.099,0.247,0.140,0.24
2483,0.241,0.157,0.109,0.162,0.154,0.137,0.210,0.209,0.115,0.084,0.092,0.172,0.240,0.251,0.262,Low_SNR,Low_SNR,0.129,0.139,Low_SNR,0.102,0.240,0.120,0.24
2484,0.243,0.164,0.113,0.167,0.160,0.131,0.209,0.213,0.109,0.092,0.093,0.174,0.252,0.260,0.250,Low_SNR,Low_SNR,0.139,0.143,Low_SNR,0.113,0.235,0.138,0.23
2485,0.246,0.182,0.122,0.171,0.163,0.167,0.214,0.218,0.098,0.098,0.094,0.167,0.246,0.255,0.241,Low_SNR,0.001,0.134,0.142,Low_SNR,0.103,0.238,0.136,0.24
2486,0.242,0.167,0.113,0.161,0.152,0.122,0.211,0.208,0.101,0.086,0.087,0.164,0.241,0.266,0.255,Low_SNR,Low_SNR,0.131,0.143,Low_SNR,0.100,0.239,0.122,0.23
2487,0.239,0.159,0.107,0.160,0.156,0.141,0.210,0.208,0.106,0.088,0.090,0.165,0.243,0.266,0.264,Low_SNR,Low_SNR,0.127,0.150,Low_SNR,0.101,0.232,0.141,0.25
2488,0.240,0.154,0.107,0.160,0.151,0.112,0.212,0.206,0.103,0.090,0.088,0.162,0.243,0.265,0.261,Low_SNR,Low_SNR,0.137,0.146,Low_SNR,0.097,0.237,0.125,0.23
2489,0.249,0.189,0.127,0.173,0.167,0.145,0.210,0.217,0.103,0.096,0.095,0.171,0.246,0.249,0.241,Low_SNR,Low_SNR,0.141,0.155,Low_SNR,0.102,0.234,0.140,0.24
2490,0.247,0.179,0.123,0.171,0.167,0.151,0.211,0.218,0.108,0.090,0.095,0.174,0.247,0.252,0.243,Low_SNR,Low_SNR,0.136,0.148,Low_SNR,0.109,0.238,0.149,0.24
2491,0.248,0.183,0.121,0.169,0.158,0.144,0.208,0.215,0.103,0.085,0.091,0.174,0.249,0.257,0.237,Low_SNR,Low_SNR,0.133,0.143,Low_SNR,0.099,0.235,0.137,0.24
2492,0.240,0.162,0.111,0.160,0.148,0.128,0.208,0.207,0.093,0.087,0.084,0.161,0.239,0.254,0.268,Low_SNR,Low_SNR,0.121,0.133,Low_SNR,0.092,0.238,0.128,0.24
2493,0.248,0.190,0.131,0.171,0.157,0.122,0.208,0.216,0.104,0.093,0.092,0.168,0.246,0.254,0.242,Low_SNR,Low_SNR,0.136,0.143,Low_SNR,0.111,0.235,0.135,0.25
2494,0.244,0.172,0.126,0.172,0.158,0.128,0.205,0.215,0.115,0.095,0.097,0.174,0.245,0.252,0.253,Low_SNR,Low_SNR,0.142,0.152,Low_SNR,0.111,0.235,0.141,0.24
2495,0.246,0.197,0.129,0.167,0.162,0.158,0.212,0.220,0.091,0.089,0.086,0.171,0.240,0.252,0.254,Low_SNR,Low_SNR,0.125,0.136,Low_SNR,0.088,0.232,0.134,0.24
2496,0.248,0.193,0.128,0.174,0.171,0.153,0.207,0.219,0.104,0.102,0.097,0.182,0.245,0.264,0.241,0.001,Low_SNR,0.141,0.147,Low_SNR,0.102,0.235,0.159,0.25
2497,0.245,0.177,0.121,0.169,0.164,0.166,0.212,0.219,0.108,0.087,0.089,0.169,0.245,0.261,0.239,Low_SNR,Low_SNR,0.127,0.138,Low_SNR,0.090,0.237,0.128,0.22
2498,0.244,0.183,0.120,0.164,0.148,0.111,0.207,0.212,0.104,0.093,0.095,0.172,0.246,0.253,0.254,Low_SNR,Low_SNR,0.137,0.147,Low_SNR,0.113,0.246,0.131,0.23
2499,0.242,0.157,0.110,0.164,0.157,Low_SNR,0.212,0.210,0.117,0.091,0.094,0.171,0.244,0.256,0.255,Low_SNR,Low_SNR,0.142,0.153,Low_SNR,0.111,0.248,0.146,0.24
2500,0.244,0.187,0.121,0.165,0.156,0.137,0.209,0.215,0.099,0.092,0.083,0.170,0.243,0.252,0.257,Low_SNR,Low_SNR,0.127,0.137,Low_SNR,0.089,0.234,0.137,0.25
2501,0.244,0.185,0.122,0.164,0.152,0.122,0.210,0.214,0.098,0.088,0.087,0.167,0.243,0.256,0.260,Low_SNR,Low_SNR,0.126,0.135,Low_SNR,0.094,0.243,0.125,0.24
2502,0.244,0.172,0.123,0.168,0.160,0.169,0.217,0.217,0.111,0.092,0.091,0.167,0.244,0.259,0.249,Low_SNR,Low_SNR,0.129,0.145,Low_SNR,0.092,0.247,0.122,0.23
2503,0.246,0.175,0.115,0.164,0.155,0.139,0.210,0.213,0.108,0.090,0.088,0.176,0.251,0.263,0.241,Low_SNR,Low_SNR,0.132,0.141,Low_SNR,0.093,0.244,0.136,0.23
2504,0.243,0.169,0.125,0.171,0.168,0.138,0.208,0.215,0.105,0.094,0.093,0.175,0.246,0.251,0.251,Low_SNR,Low_SNR,0.139,0.151,Low_SNR,0.110,0.233,0.145,0.23
2505,0.241,0.168,0.120,0.174,0.171,0.178,0.217,0.220,0.111,0.100,0.097,0.166,0.238,0.243,0.259,Low_SNR,Low_SNR,0.143,0.149,Low_SNR,0.104,0.245,0.136,0.23
2506,0.246,0.189,0.124,0.169,0.159,0.143,0.210,0.216,0.099,0.093,0.091,0.171,0.245,0.257,0.246,Low_SNR,Low_SNR,0.133,0.135,Low_SNR,0.105,0.237,0.128,0.23
2507,0.246,0.189,0.119,0.168,0.166,0.181,0.212,0.218,0.094,0.087,0.084,0.165,0.244,0.255,0.242,Low_SNR,Low_SNR,0.122,0.144,Low_SNR,0.084,0.240,0.128,0.24
2508,0.243,0.164,0.112,0.170,0.168,0.162,0.212,0.216,0.117,0.097,0.095,0.170,0.245,0.250,0.247,Low_SNR,Low_SNR,0.142,0.146,Low_SNR,0.108,0.235,0.143,0.24
2509,0.247,0.191,0.122,0.168,0.155,0.163,0.207,0.215,0.101,0.094,0.091,0.171,0.247,0.257,0.254,Low_SNR,Low_SNR,0.133,0.145,Low_SNR,0.100,0.231,0.139,0.25
2510,0.244,0.159,0.117,0.167,0.160,0.132,0.211,0.212,0.112,0.086,0.087,0.173,0.248,0.259,0.250,Low_SNR,Low_SNR,0.141,0.145,0.019,0.096,0.238,0.119,0.25
2511,0.244,0.178,0.116,0.166,0.161,0.132,0.208,0.214,0.103,0.097,0.089,0.170,0.248,0.257,0.246,Low_SNR,Low_SNR,0.128,0.135,Low_SNR,0.102,0.233,0.139,0.24
2512,0.241,0.169,0.117,0.166,0.160,0.150,0.208,0.214,0.103,0.088,0.088,0.168,0.238,0.243,0.256,Low_SNR,Low_SNR,0.132,0.144,Low_SNR,0.105,0.234,0.131,0.23
2513,0.242,0.171,0.122,0.167,0.156,0.161,0.214,0.216,0.103,0.092,0.091,0.165,0.235,0.248,0.262,Low_SNR,Low_SNR,0.122,0.133,Low_SNR,0.095,0.247,0.117,0.25
2514,0.247,0.186,0.121,0.171,0.167,0.148,0.212,0.219,0.110,0.088,0.095,0.172,0.244,0.246,0.251,Low_SNR,Low_SNR,0.129,0.153,Low_SNR,0.108,0.239,0.144,0.23
2515,0.244,0.175,0.114,0.166,0.160,0.138,0.212,0.213,0.101,0.099,0.091,0.170,0.244,0.254,0.257,Low_SNR,Low_SNR,0.135,0.143,Low_SNR,0.107,0.236,0.129,0.24
2516,0.245,0.177,0.123,0.170,0.165,0.158,0.216,0.219,0.113,0.091,0.090,0.167,0.248,0.249,0.252,Low_SNR,Low_SNR,0.128,0.147,Low_SNR,0.102,0.244,0.138,0.23
2517,0.239,0.161,0.113,0.163,0.153,0.132,0.207,0.208,0.097,0.087,0.085,0.157,0.240,0.253,0.259,Low_SNR,Low_SNR,0.127,0.136,Low_SNR,0.093,0.234,0.135,0.24
2518,0.243,0.157,0.111,0.162,0.154,0.132,0.209,0.210,0.103,0.092,0.089,0.169,0.248,0.258,0.262,Low_SNR,Low_SNR,0.129,0.142,Low_SNR,0.101,0.232,0.138,0.24
2519,0.245,0.174,0.115,0.165,0.155,0.118,0.207,0.214,0.100,0.089,0.092,0.167,0.243,0.255,0.255,Low_SNR,Low_SNR,0.129,0.146,Low_SNR,0.105,0.241,0.135,0.25
2520,0.243,0.188,0.125,0.167,0.158,0.138,0.210,0.215,0.098,0.091,0.089,0.170,0.241,0.247,0.257,Low_SNR,Low_SNR,0.133,0.148,Low_SNR,0.097,0.239,0.137,0.24
2521,0.242,0.162,0.112,0.164,0.152,0.122,0.209,0.210,0.107,0.093,0.089,0.165,0.243,0.256,0.254,Low_SNR,Low_SNR,0.135,0.150,Low_SNR,0.104,0.246,0.134,0.24
2522,0.245,0.185,0.125,0.169,0.158,0.125,0.205,0.214,0.100,0.092,0.093,0.172,0.244,0.258,0.258,Low_SNR,Low_SNR,0.130,0.144,Low_SNR,0.107,0.227,0.141,0.23
2523,0.240,0.164,0.121,0.168,0.159,0.161,0.213,0.216,0.104,0.090,0.089,0.159,0.238,0.251,0.257,Low_SNR,Low_SNR,0.134,0.141,Low_SNR,0.092,0.246,0.126,0.23
2524,0.240,0.167,0.116,0.165,0.158,0.159,0.212,0.214,0.096,0.089,0.087,0.165,0.240,0.257,0.257,Low_SNR,Low_SNR,0.133,0.140,Low_SNR,0.093,0.239,0.134,0.24
2525,0.244,0.185,0.119,0.162,0.151,0.143,0.210,0.212,0.091,0.090,0.082,0.170,0.245,0.255,0.262,Low_SNR,Low_SNR,0.126,0.134,Low_SNR,0.091,0.236,0.121,0.24
2526,0.245,0.190,0.123,0.169,0.161,0.151,0.212,0.220,0.103,0.096,0.093,0.164,0.242,0.254,0.253,Low_SNR,Low_SNR,0.135,0.142,Low_SNR,0.104,0.241,0.130,0.23
2527,0.241,0.166,0.116,0.161,0.149,0.133,0.213,0.211,0.105,0.094,0.088,0.174,0.242,0.256,0.265,Low_SNR,Low_SNR,0.129,0.133,Low_SNR,0.096,0.243,0.134,0.24
2528,0.244,0.182,0.121,0.170,0.162,0.142,0.214,0.217,0.103,0.091,0.088,0.172,0.245,0.253,0.257,Low_SNR,Low_SNR,0.138,0.134,Low_SNR,0.096,0.244,0.145,0.25
2529,0.241,0.152,0.112,0.167,0.163,0.169,0.212,0.214,0.108,0.090,0.084,0.172,0.248,0.259,0.246,Low_SNR,Low_SNR,0.140,0.142,Low_SNR,0.101,0.236,0.138,0.23
2530,0.251,0.198,0.130,0.170,0.154,0.138,0.210,0.220,0.110,0.097,0.089,0.175,0.251,0.258,0.246,Low_SNR,Low_SNR,0.131,0.139,Low_SNR,0.109,0.240,0.127,0.24
2531,0.243,0.169,0.113,0.165,0.163,0.177,0.210,0.214,0.093,0.084,0.088,0.166,0.243,0.262,0.263,Low_SNR,Low_SNR,0.130,0.141,Low_SNR,0.089,0.228,0.134,0.24
2532,0.247,0.179,0.115,0.167,0.158,0.141,0.209,0.214,0.112,0.101,0.094,0.170,0.251,0.256,0.243,Low_SNR,Low_SNR,0.137,0.143,Low_SNR,0.108,0.236,0.138,0.25
2533,0.246,0.182,0.122,0.167,0.156,0.140,0.213,0.214,0.100,0.084,0.088,0.162,0.243,0.261,0.256,Low_SNR,Low_SNR,0.125,0.143,Low_SNR,0.100,0.237,0.141,0.23
2534,0.245,0.169,0.129,0.175,0.173,0.162,0.213,0.220,0.110,0.099,0.096,0.171,0.245,0.258,0.242,Low_SNR,Low_SNR,0.140,0.151,Low_SNR,0.101,0.238,0.138,0.24
2535,0.247,0.197,0.124,0.166,0.156,0.160,0.210,0.220,0.095,0.086,0.081,0.172,0.246,0.249,0.252,Low_SNR,Low_SNR,0.123,0.127,Low_SNR,0.091,0.234,0.135,0.24
2536,0.245,0.183,0.120,0.169,0.165,0.146,0.212,0.220,0.113,0.101,0.093,0.170,0.247,0.257,0.246,Low_SNR,Low_SNR,0.139,0.148,Low_SNR,0.106,0.243,0.138,0.25
2537,0.246,0.182,0.126,0.174,0.167,0.176,0.216,0.224,0.106,0.101,0.097,0.177,0.246,0.249,0.243,Low_SNR,Low_SNR,0.137,0.147,Low_SNR,0.099,0.243,0.135,0.24
2538,0.247,0.188,0.116,0.163,0.154,0.135,0.207,0.216,0.102,0.089,0.090,0.157,0.245,0.262,0.248,Low_SNR,Low_SNR,0.129,0.134,Low_SNR,0.094,0.234,0.116,0.23
2539,0.245,0.173,0.121,0.170,0.159,0.137,0.212,0.216,0.108,0.101,0.094,0.174,0.245,0.251,0.247,Low_SNR,Low_SNR,0.144,0.150,Low_SNR,0.102,0.243,0.127,0.24
2540,0.244,0.167,0.116,0.169,0.163,0.129,0.210,0.216,0.116,0.100,0.096,0.165,0.245,0.256,0.248,Low_SNR,Low_SNR,0.138,0.155,Low_SNR,0.107,0.237,0.146,0.24
2541,0.227,Low_SNR,Low_SNR,0.201,0.225,Low_SNR,0.233,0.242,Low_SNR,Low_SNR,Low_SNR,Low_SNR,0.216,0.238,0.256,Low_SNR,Low_SNR,Low_SNR,Low_SNR,Low_SNR,Low_SNR,0.221,Low_SNR,0.24
2542,0.238,Low_SNR,0.114,0.166,0.160,0.157,0.214,0.213,0.118,0.087,0.102,0.195,0.244,0.251,0.257,Low_SNR,Low_SNR,Low_SNR,0.159,Low_SNR,0.102,0.239,0.139,0.24
2543,0.244,0.174,0.120,0.168,0.156,0.158,0.216,0.218,0.112,0.096,0.093,0.176,0.244,0.248,0.254,Low_SNR,Low_SNR,0.137,0.145,Low_SNR,0.107,0.243,0.135,0.23
2544,0.241,0.164,0.114,0.168,0.164,0.160,0.212,0.215,0.102,0.095,0.090,0.175,0.245,0.251,0.260,Low_SNR,Low_SNR,0.137,0.143,Low_SNR,0.094,0.234,0.132,0.24
2545,0.246,0.173,0.121,0.170,0.161,0.144,0.209,0.219,0.103,0.105,0.098,0.174,0.249,0.258,0.244,Low_SNR,Low_SNR,0.142,0.144,Low_SNR,0.106,0.237,0.148,0.24
2546,0.246,0.178,0.126,0.175,0.167,0.137,0.209,0.220,0.118,0.100,0.101,0.162,0.245,0.253,0.246,Low_SNR,Low_SNR,0.144,0.159,Low_SNR,0.114,0.236,0.142,0.25
2547,0.248,0.185,0.127,0.171,0.159,0.122,0.210,0.217,0.113,0.091,0.094,0.173,0.247,0.251,0.257,Low_SNR,Low_SNR,0.139,0.151,Low_SNR,0.115,0.238,0.149,0.25
2548,0.241,0.166,0.115,0.164,0.149,0.109,0.212,0.210,0.107,0.091,0.093,0.161,0.241,0.259,0.258,Low_SNR,Low_SNR,0.136,0.149,Low_SNR,0.106,0.244,0.126,0.23
2549,0.247,0.181,0.124,0.170,0.158,0.137,0.210,0.216,0.109,0.086,0.090,0.169,0.248,0.253,0.249,Low_SNR,Low_SNR,0.136,0.144,Low_SNR,0.101,0.235,0.148,0.24
2550,0.243,0.168,0.117,0.165,0.158,0.134,0.210,0.214,0.107,0.083,0.085,0.163,0.244,0.257,0.253,Low_SNR,Low_SNR,0.128,0.147,Low_SNR,0.101,0.246,0.127,0.24
2551,0.243,0.174,0.119,0.169,0.159,0.135,0.214,0.215,0.110,0.094,0.095,0.166,0.248,0.250,0.246,Low_SNR,Low_SNR,0.135,0.155,Low_SNR,0.112,0.248,0.123,0.24
2552,0.244,0.187,0.120,0.162,0.152,0.147,0.212,0.214,0.092,0.083,0.083,0.165,0.245,0.253,0.254,Low_SNR,Low_SNR,0.121,0.130,Low_SNR,0.094,0.241,0.127,0.23
2553,0.242,0.178,0.114,0.162,0.156,0.150,0.213,0.213,0.098,0.082,0.081,0.156,0.239,0.253,0.263,Low_SNR,Low_SNR,0.120,0.134,Low_SNR,0.084,0.239,0.130,0.24
2554,0.244,0.170,0.116,0.165,0.157,0.149,0.209,0.215,0.102,0.089,0.087,0.161,0.245,0.252,0.257,0.001,Low_SNR,0.131,0.141,Low_SNR,0.097,0.230,0.156,0.25
2555,0.242,0.178,0.117,0.165,0.154,0.134,0.210,0.214,0.098,0.095,0.090,0.161,0.245,0.255,0.256,Low_SNR,Low_SNR,0.127,0.140,Low_SNR,0.096,0.237,0.119,0.24
2556,0.244,0.180,0.120,0.168,0.160,0.154,0.212,0.216,0.103,0.093,0.093,0.168,0.242,0.251,0.256,Low_SNR,Low_SNR,0.129,0.142,Low_SNR,0.096,0.238,0.128,0.23
2557,0.245,0.184,0.122,0.170,0.166,0.165,0.215,0.220,0.100,0.089,0.086,0.164,0.240,0.248,0.250,Low_SNR,Low_SNR,0.127,0.142,Low_SNR,0.092,0.239,0.123,0.24
2558,0.247,0.179,0.118,0.166,0.158,0.141,0.209,0.216,0.094,0.091,0.091,0.160,0.246,0.260,0.251,Low_SNR,Low_SNR,0.131,0.143,Low_SNR,0.102,0.242,0.127,0.24
2559,0.246,0.180,0.122,0.170,0.163,0.164,0.212,0.220,0.103,0.094,0.092,0.177,0.251,0.255,0.244,Low_SNR,Low_SNR,0.140,0.146,Low_SNR,0.096,0.236,0.131,0.24
2560,0.241,0.178,0.121,0.169,0.164,0.165,0.212,0.218,0.103,0.087,0.089,0.163,0.238,0.250,0.252,Low_SNR,Low_SNR,0.127,0.135,Low_SNR,0.097,0.236,0.133,0.24
2561,0.247,0.187,0.123,0.169,0.160,0.145,0.206,0.215,0.096,0.097,0.090,0.175,0.250,0.258,0.242,Low_SNR,Low_SNR,0.132,0.142,Low_SNR,0.101,0.233,0.134,0.24
2562,0.244,0.171,0.115,0.166,0.159,0.157,0.214,0.217,0.105,0.085,0.085,0.167,0.245,0.257,0.250,Low_SNR,Low_SNR,0.137,0.140,Low_SNR,0.098,0.239,0.142,0.24
2563,0.250,0.184,0.124,0.169,0.159,0.128,0.211,0.217,0.102,0.091,0.090,0.176,0.250,0.258,0.244,Low_SNR,Low_SNR,0.139,0.146,Low_SNR,0.103,0.238,0.149,0.23
2564,0.244,0.185,0.124,0.168,0.159,0.140,0.209,0.217,0.099,0.096,0.091,0.165,0.244,0.250,0.252,Low_SNR,Low_SNR,0.130,0.146,Low_SNR,0.099,0.238,0.129,0.25
2565,0.245,0.162,0.109,0.166,0.160,0.147,0.209,0.213,0.101,0.088,0.087,0.164,0.245,0.264,0.250,Low_SNR,Low_SNR,0.136,0.144,Low_SNR,0.096,0.237,0.129,0.24
2566,0.245,0.174,0.122,0.169,0.161,0.153,0.213,0.221,0.097,0.095,0.090,0.166,0.246,0.255,0.253,Low_SNR,Low_SNR,0.135,0.141,Low_SNR,0.107,0.243,0.126,0.24
2567,0.242,0.168,0.129,0.173,0.164,0.176,0.214,0.220,0.108,0.106,0.089,0.171,0.242,0.246,0.254,Low_SNR,Low_SNR,0.146,0.112,Low_SNR,0.108,0.235,0.151,0.24
2568,0.238,0.157,0.105,0.162,0.159,0.144,0.214,0.208,0.100,0.084,0.085,0.155,0.237,0.253,0.262,Low_SNR,Low_SNR,0.121,0.143,Low_SNR,0.091,0.247,0.111,0.23
2569,0.243,0.170,0.113,0.166,0.160,Low_SNR,0.213,0.213,0.103,0.091,0.087,0.160,0.238,0.256,0.257,Low_SNR,Low_SNR,0.123,0.150,Low_SNR,0.085,0.236,0.129,0.24
2570,0.249,0.193,0.125,0.170,0.162,0.163,0.212,0.222,0.106,0.090,0.086,0.172,0.250,0.254,0.245,Low_SNR,Low_SNR,0.129,0.141,0.019,0.101,0.239,0.129,0.23
2571,0.244,0.178,0.118,0.164,0.151,0.115,0.208,0.212,0.099,0.092,0.090,0.169,0.244,0.253,0.261,Low_SNR,Low_SNR,0.131,0.143,Low_SNR,0.107,0.236,0.141,0.24
2572,0.249,0.201,0.137,0.175,0.167,0.149,0.209,0.221,0.105,0.097,0.092,0.171,0.252,0.255,0.246,Low_SNR,Low_SNR,0.136,0.150,Low_SNR,0.104,0.240,0.151,0.24
2573,0.244,0.165,0.112,0.162,0.150,0.124,0.206,0.210,0.106,0.091,0.087,0.172,0.249,0.261,0.255,Low_SNR,Low_SNR,0.133,0.138,Low_SNR,0.103,0.239,0.130,0.25
2574,0.242,0.160,0.112,0.164,0.155,0.111,0.207,0.211,0.107,0.099,0.093,0.166,0.248,0.256,0.258,0.001,Low_SNR,0.139,0.153,Low_SNR,0.111,0.237,0.136,0.24
2575,0.245,0.186,0.124,0.167,0.159,0.133,0.208,0.216,0.100,0.093,0.094,0.167,0.249,0.259,0.243,Low_SNR,Low_SNR,0.134,0.149,Low_SNR,0.106,0.231,0.134,0.24
2576,0.244,0.181,0.115,0.164,0.159,0.132,0.210,0.216,0.101,0.093,0.085,0.167,0.244,0.253,0.253,Low_SNR,Low_SNR,0.132,0.138,Low_SNR,0.105,0.236,0.158,0.24
2577,0.243,0.179,0.123,0.168,0.163,0.145,0.212,0.219,0.104,0.092,0.090,0.165,0.247,0.251,0.246,Low_SNR,Low_SNR,0.131,0.145,Low_SNR,0.109,0.240,0.131,0.24
2578,0.247,0.191,0.130,0.173,0.169,0.192,0.212,0.226,0.102,0.094,0.096,0.172,0.241,0.250,0.249,Low_SNR,Low_SNR,0.131,0.134,Low_SNR,0.095,0.234,0.113,0.24
2579,0.243,0.162,0.114,0.166,0.159,0.143,0.209,0.214,0.105,0.101,0.092,0.163,0.243,0.258,0.257,Low_SNR,Low_SNR,0.146,0.148,Low_SNR,0.108,0.237,0.169,0.25
2580,0.249,0.183,0.116,0.163,0.149,0.131,0.210,0.215,0.092,0.086,0.080,0.162,0.251,0.264,0.254,Low_SNR,Low_SNR,0.121,0.134,Low_SNR,0.101,0.236,0.147,0.23
2581,0.246,0.175,0.119,0.168,0.157,0.113,0.203,0.212,0.107,0.099,0.094,0.175,0.251,0.259,0.254,Low_SNR,Low_SNR,0.141,0.151,Low_SNR,0.108,0.233,0.163,0.24
2582,0.248,0.194,0.125,0.166,0.153,0.142,0.211,0.218,0.100,0.094,0.089,0.164,0.245,0.255,0.257,Low_SNR,Low_SNR,0.133,0.135,Low_SNR,0.096,0.237,0.132,0.24
2583,0.245,0.179,0.120,0.171,0.161,0.158,0.214,0.220,0.108,0.092,0.094,0.170,0.241,0.245,0.255,Low_SNR,Low_SNR,0.128,0.147,Low_SNR,0.100,0.246,0.125,0.23
2584,0.243,0.180,0.124,0.170,0.165,0.159,0.210,0.218,0.107,0.093,0.093,0.170,0.246,0.252,0.253,Low_SNR,Low_SNR,0.129,0.141,Low_SNR,0.096,0.237,0.124,0.24
2585,0.244,0.186,0.117,0.162,0.151,0.120,0.204,0.210,0.091,0.085,0.081,0.159,0.249,0.254,0.263,Low_SNR,Low_SNR,0.124,0.134,Low_SNR,0.106,0.228,0.143,0.24
2586,0.245,0.176,0.121,0.172,0.160,0.131,0.211,0.218,0.102,0.094,0.092,0.171,0.243,0.243,0.255,Low_SNR,Low_SNR,0.141,0.154,Low_SNR,0.102,0.237,0.152,0.23
2587,0.245,0.170,0.119,0.170,0.160,0.131,0.212,0.214,0.113,0.088,0.092,0.176,0.246,0.250,0.256,Low_SNR,Low_SNR,0.136,0.153,Low_SNR,0.107,0.237,0.137,0.24
2588,0.245,0.178,0.114,0.164,0.153,0.126,0.212,0.213,0.101,0.087,0.086,0.172,0.251,0.251,0.260,Low_SNR,Low_SNR,0.133,0.141,Low_SNR,0.101,0.243,0.133,0.24
2589,0.246,0.180,0.120,0.169,0.156,0.125,0.210,0.217,0.108,0.096,0.093,0.163,0.245,0.251,0.254,Low_SNR,Low_SNR,0.133,0.156,Low_SNR,0.107,0.240,0.151,0.23
2590,0.242,0.163,0.116,0.165,0.161,0.146,0.209,0.214,0.106,0.088,0.088,0.162,0.243,0.251,0.258,0.000,Low_SNR,0.128,0.136,Low_SNR,0.105,0.240,0.160,0.24
2591,0.247,0.186,0.125,0.168,0.161,0.151,0.208,0.218,0.104,0.087,0.087,0.170,0.251,0.257,0.245,Low_SNR,Low_SNR,0.133,0.140,Low_SNR,0.100,0.230,0.142,0.24
2592,0.246,0.197,0.132,0.171,0.161,0.134,0.212,0.220,0.101,0.086,0.091,0.174,0.245,0.246,0.256,0.000,Low_SNR,0.121,0.143,Low_SNR,0.100,0.243,0.140,0.24
2593,0.248,0.189,0.132,0.171,0.158,0.118,0.210,0.216,0.111,0.088,0.090,0.172,0.249,0.246,0.251,Low_SNR,Low_SNR,0.137,0.154,Low_SNR,0.110,0.236,0.153,0.24
2594,0.247,0.198,0.130,0.169,0.153,0.125,0.208,0.217,0.101,0.096,0.090,0.173,0.246,0.250,0.253,Low_SNR,Low_SNR,0.134,0.143,Low_SNR,0.106,0.238,0.144,0.24
2595,0.250,0.191,0.127,0.167,0.155,0.102,0.209,0.216,0.103,0.091,0.094,0.163,0.247,0.265,0.246,Low_SNR,Low_SNR,0.132,0.149,Low_SNR,0.102,0.237,0.147,0.24
2596,0.241,0.164,0.113,0.164,0.157,0.153,0.213,0.214,0.105,0.092,0.090,0.167,0.242,0.261,0.256,Low_SNR,Low_SNR,0.130,0.148,Low_SNR,0.101,0.240,0.144,0.24
2597,0.244,0.169,0.119,0.167,0.166,0.147,0.210,0.218,0.104,0.096,0.090,0.171,0.247,0.254,0.251,Low_SNR,Low_SNR,0.132,0.144,Low_SNR,0.108,0.238,0.132,0.25
2598,0.240,0.182,0.123,0.165,0.155,0.143,0.212,0.216,0.094,0.087,0.089,0.160,0.239,0.251,0.267,Low_SNR,Low_SNR,0.126,0.144,Low_SNR,0.089,0.234,0.140,0.23
2599,0.244,0.177,0.121,0.168,0.160,0.152,0.213,0.217,0.099,0.092,0.088,0.168,0.244,0.251,0.258,Low_SNR,Low_SNR,0.133,0.144,Low_SNR,0.100,0.240,0.138,0.23
2600,0.247,0.192,0.130,0.170,0.156,0.116,0.207,0.216,0.110,0.102,0.094,0.161,0.245,0.252,0.255,Low_SNR,Low_SNR,0.135,0.152,Low_SNR,0.118,0.228,0.147,0.24
2601,0.245,0.179,0.115,0.168,0.162,0.164,0.214,0.219,0.108,0.085,0.090,0.171,0.244,0.250,0.246,0.001,0.001,0.128,0.150,Low_SNR,0.099,0.244,0.132,0.23
2602,0.246,0.178,0.124,0.166,0.150,0.091,0.205,0.212,0.099,0.103,0.103,0.164,0.243,0.254,0.259,Low_SNR,Low_SNR,0.140,0.160,Low_SNR,0.107,0.231,0.149,0.24
2603,0.247,0.190,0.121,0.164,0.155,0.136,0.207,0.215,0.100,0.085,0.084,0.169,0.249,0.260,0.255,Low_SNR,Low_SNR,0.125,0.142,Low_SNR,0.098,0.238,0.136,0.24
2604,0.241,0.175,0.115,0.165,0.158,0.140,0.210,0.213,0.108,0.084,0.088,0.163,0.240,0.254,0.259,Low_SNR,Low_SNR,0.126,0.142,Low_SNR,0.107,0.241,0.128,0.24
2605,0.242,0.172,0.117,0.161,0.155,0.147,0.211,0.213,0.088,0.074,0.082,0.158,0.240,0.254,0.269,Low_SNR,Low_SNR,0.119,0.134,Low_SNR,0.087,0.235,0.115,0.25
2606,0.240,0.157,0.107,0.165,0.163,0.144,0.211,0.213,0.124,0.086,0.093,0.166,0.250,0.258,0.254,Low_SNR,Low_SNR,0.124,0.149,Low_SNR,0.107,0.241,0.139,0.24
2607,0.241,0.173,0.118,0.169,0.161,0.157,0.215,0.219,0.109,0.100,0.098,0.174,0.245,0.248,0.251,Low_SNR,Low_SNR,0.126,0.147,Low_SNR,0.097,0.243,0.145,0.24
2608,0.243,0.181,0.125,0.169,0.162,0.143,0.210,0.216,0.099,0.095,0.094,0.162,0.244,0.254,0.255,Low_SNR,Low_SNR,0.138,0.155,Low_SNR,0.091,0.237,0.134,0.24
2609,0.242,0.173,0.118,0.167,0.165,0.170,0.210,0.217,0.091,0.089,0.083,0.169,0.246,0.254,0.251,Low_SNR,Low_SNR,0.122,0.134,Low_SNR,0.094,0.233,0.142,0.24
2610,0.241,0.147,0.104,0.164,0.161,0.158,0.211,0.211,0.118,0.087,0.092,0.161,0.247,0.261,0.253,Low_SNR,Low_SNR,0.137,0.137,Low_SNR,0.101,0.239,0.131,0.24
2611,0.244,0.173,0.115,0.163,0.157,0.138,0.211,0.214,0.096,0.089,0.087,0.172,0.248,0.262,0.249,Low_SNR,Low_SNR,0.126,0.143,Low_SNR,0.097,0.238,0.143,0.24
2612,0.244,0.175,0.120,0.166,0.155,0.136,0.211,0.213,0.105,0.095,0.091,0.166,0.245,0.259,0.257,Low_SNR,Low_SNR,0.136,0.147,Low_SNR,0.102,0.244,0.135,0.24
2613,0.244,0.168,0.122,0.168,0.154,0.128,0.215,0.215,0.108,0.098,0.091,0.173,0.249,0.251,0.252,Low_SNR,Low_SNR,0.140,0.145,Low_SNR,0.105,0.251,0.123,0.24
2614,0.247,0.175,0.120,0.169,0.160,0.126,0.210,0.216,0.105,0.090,0.092,0.168,0.243,0.254,0.251,Low_SNR,Low_SNR,0.134,0.150,Low_SNR,0.109,0.234,0.141,0.24
2615,0.245,0.184,0.126,0.166,0.149,0.118,0.208,0.213,0.103,0.092,0.090,0.176,0.250,0.257,0.255,Low_SNR,Low_SNR,0.132,0.150,Low_SNR,0.092,0.236,0.139,0.25
2616,0.243,0.180,0.118,0.163,0.155,0.151,0.213,0.213,0.092,0.082,0.081,0.166,0.245,0.257,0.255,Low_SNR,Low_SNR,0.126,0.137,Low_SNR,0.089,0.238,0.124,0.24
2617,0.248,0.196,0.131,0.171,0.153,0.119,0.207,0.217,0.101,0.097,0.094,0.167,0.248,0.261,0.247,Low_SNR,Low_SNR,0.138,0.145,Low_SNR,0.109,0.234,0.129,0.23
2618,0.248,0.192,0.125,0.173,0.167,0.194,0.215,0.222,0.104,0.101,0.089,0.175,0.247,0.254,0.249,Low_SNR,Low_SNR,0.133,0.145,Low_SNR,0.099,0.249,0.148,0.25
2619,0.246,0.179,0.119,0.168,0.156,0.152,0.213,0.215,0.097,0.091,0.086,0.176,0.245,0.257,0.250,Low_SNR,Low_SNR,0.130,0.136,Low_SNR,0.096,0.238,0.136,0.25
2620,0.247,0.179,0.123,0.172,0.167,0.140,0.213,0.219,0.101,0.100,0.093,0.170,0.247,0.254,0.240,Low_SNR,Low_SNR,0.134,0.146,Low_SNR,0.094,0.248,0.135,0.24
2621,0.244,0.184,0.123,0.166,0.153,0.125,0.209,0.214,0.096,0.096,0.093,0.163,0.240,0.250,0.261,Low_SNR,Low_SNR,0.131,0.142,Low_SNR,0.108,0.239,0.129,0.24
2622,0.240,0.159,0.109,0.164,0.154,0.136,0.210,0.213,0.112,0.092,0.092,0.160,0.243,0.254,0.254,Low_SNR,Low_SNR,0.133,0.145,Low_SNR,0.106,0.234,0.137,0.25
2623,0.244,0.174,0.124,0.170,0.157,0.153,0.212,0.217,0.105,0.091,0.094,0.167,0.242,0.248,0.255,Low_SNR,Low_SNR,0.135,0.145,Low_SNR,0.100,0.244,0.129,0.24
2624,0.250,0.194,0.132,0.169,0.161,0.119,0.204,0.218,0.105,0.098,0.092,0.170,0.250,0.258,0.250,Low_SNR,Low_SNR,0.130,0.146,Low_SNR,0.109,0.222,0.151,0.24
2625,0.248,0.187,0.129,0.173,0.162,0.130,0.211,0.220,0.113,0.097,0.098,0.175,0.252,0.249,0.245,Low_SNR,Low_SNR,0.141,0.154,Low_SNR,0.111,0.244,0.139,0.24
2626,0.244,0.173,0.118,0.167,0.161,0.143,0.208,0.214,0.100,0.090,0.087,0.167,0.244,0.255,0.249,Low_SNR,Low_SNR,0.133,0.140,Low_SNR,0.093,0.232,0.144,0.24
2627,0.248,0.203,0.130,0.172,0.159,0.151,0.211,0.221,0.097,0.093,0.091,0.173,0.247,0.251,0.249,Low_SNR,Low_SNR,0.130,0.141,Low_SNR,0.105,0.240,0.149,0.24
2628,0.244,0.179,0.123,0.169,0.157,0.137,0.213,0.216,0.092,0.086,0.090,0.166,0.243,0.251,0.250,Low_SNR,Low_SNR,0.134,0.145,Low_SNR,0.095,0.237,0.114,0.23
2629,0.247,0.187,0.125,0.170,0.158,0.139,0.212,0.218,0.113,0.101,0.095,0.168,0.253,0.257,0.246,Low_SNR,Low_SNR,0.138,0.148,Low_SNR,0.098,0.238,0.123,0.23
2630,0.245,0.173,0.117,0.160,0.155,0.138,0.208,0.212,0.096,0.096,0.087,0.162,0.243,0.264,0.253,Low_SNR,0.001,0.130,0.141,0.014,0.090,0.234,0.132,0.23
2631,0.248,0.191,0.124,0.170,0.161,0.142,0.207,0.218,0.106,0.097,0.092,0.169,0.251,0.256,0.238,Low_SNR,Low_SNR,0.137,0.146,Low_SNR,0.098,0.235,0.136,0.23
2632,0.246,0.182,0.124,0.170,0.159,0.136,0.210,0.217,0.108,0.089,0.091,0.178,0.250,0.256,0.237,Low_SNR,Low_SNR,0.134,0.148,Low_SNR,0.101,0.238,0.135,0.24
2633,0.242,0.167,0.121,0.171,0.161,0.149,0.212,0.216,0.103,0.098,0.095,0.173,0.247,0.257,0.248,Low_SNR,Low_SNR,0.139,0.145,Low_SNR,0.098,0.239,0.142,0.24
2634,0.240,0.163,0.117,0.167,0.158,0.141,0.211,0.214,0.106,0.088,0.088,0.163,0.241,0.252,0.255,Low_SNR,Low_SNR,0.132,0.142,0.026,0.104,0.239,0.148,0.25
2635,0.244,0.183,0.126,0.167,0.157,0.139,0.210,0.218,0.098,0.090,0.084,0.172,0.247,0.263,0.245,0.001,Low_SNR,0.129,0.139,Low_SNR,0.093,0.238,0.115,0.24
2636,0.243,0.182,0.123,0.162,0.147,0.135,0.209,0.213,0.099,0.086,0.079,0.194,0.252,0.260,0.257,Low_SNR,Low_SNR,0.126,0.130,Low_SNR,0.097,0.240,0.122,0.24
2637,0.248,0.188,0.121,0.168,0.158,0.143,0.211,0.219,0.093,0.091,0.088,0.172,0.249,0.249,0.249,Low_SNR,Low_SNR,0.134,0.143,Low_SNR,0.093,0.243,0.123,0.23
2638,0.246,0.167,0.119,0.167,0.160,0.152,0.215,0.218,0.107,0.097,0.090,0.170,0.246,0.259,0.243,Low_SNR,Low_SNR,0.135,0.146,Low_SNR,0.094,0.246,0.126,0.24
2639,0.243,0.183,0.125,0.171,0.160,0.128,0.209,0.219,0.102,0.092,0.089,0.172,0.242,0.245,0.243,Low_SNR,Low_SNR,0.139,0.147,Low_SNR,0.104,0.233,0.144,0.24
2640,0.248,0.186,0.128,0.172,0.160,0.113,0.206,0.217,0.108,0.100,0.100,0.178,0.252,0.255,0.247,Low_SNR,Low_SNR,0.140,0.154,Low_SNR,0.103,0.236,0.143,0.25
2641,0.246,0.188,0.125,0.170,0.164,0.146,0.212,0.218,0.105,0.094,0.092,0.170,0.244,0.255,0.243,Low_SNR,Low_SNR,0.137,0.152,Low_SNR,0.109,0.242,0.131,0.24
2642,0.242,0.167,0.113,0.158,0.149,0.130,0.209,0.210,0.090,0.085,0.080,0.167,0.253,0.263,0.264,Low_SNR,Low_SNR,0.125,0.134,Low_SNR,0.083,0.235,0.126,0.23
2643,0.245,0.158,0.104,0.155,0.151,0.137,0.205,0.207,0.100,0.086,0.085,0.166,0.262,0.268,0.255,Low_SNR,Low_SNR,0.126,0.139,Low_SNR,0.097,0.238,0.128,0.24
2644,0.244,0.159,0.115,0.171,0.168,0.147,0.212,0.218,0.116,0.095,0.097,0.176,0.249,0.249,0.242,Low_SNR,Low_SNR,0.142,0.153,Low_SNR,0.106,0.244,0.145,0.23
2645,0.243,0.180,0.116,0.161,0.156,0.145,0.210,0.216,0.100,0.088,0.090,0.160,0.242,0.244,0.259,Low_SNR,Low_SNR,0.129,0.139,Low_SNR,0.097,0.238,0.142,0.24
2646,0.241,0.167,0.115,0.163,0.154,0.144,0.212,0.214,0.105,0.087,0.084,0.163,0.237,0.255,0.257,Low_SNR,Low_SNR,0.127,0.139,0.017,0.089,0.243,0.132,0.24
2647,0.242,0.176,0.120,0.168,0.158,0.140,0.207,0.216,0.108,0.094,0.091,0.169,0.242,0.254,0.250,Low_SNR,Low_SNR,0.131,0.144,Low_SNR,0.106,0.233,0.136,0.24
2648,0.245,0.183,0.126,0.170,0.158,0.139,0.212,0.221,0.107,0.095,0.100,0.172,0.242,0.253,0.252,Low_SNR,Low_SNR,0.132,0.143,Low_SNR,0.119,0.239,0.134,0.24
2649,0.246,0.177,0.122,0.170,0.159,0.137,0.208,0.218,0.107,0.093,0.089,0.171,0.252,0.257,0.244,Low_SNR,Low_SNR,0.133,0.148,Low_SNR,0.109,0.236,0.136,0.24
2650,0.243,0.187,0.114,0.159,0.149,0.147,0.209,0.215,0.086,0.077,0.077,0.180,0.245,0.257,0.260,Low_SNR,Low_SNR,0.123,0.127,Low_SNR,0.094,0.235,0.143,0.24
2651,0.246,0.184,0.124,0.170,0.163,0.144,0.212,0.221,0.113,0.096,0.094,0.170,0.254,0.252,0.246,Low_SNR,Low_SNR,0.135,0.150,Low_SNR,0.095,0.241,0.141,0.23
2652,0.247,0.191,0.132,0.175,0.167,0.151,0.213,0.223,0.101,0.099,0.098,0.178,0.247,0.244,0.237,Low_SNR,Low_SNR,0.145,0.154,Low_SNR,0.116,0.241,0.139,0.24
2653,0.247,0.176,0.119,0.167,0.172,0.162,0.216,0.220,0.098,0.086,0.091,0.162,0.240,0.248,0.252,Low_SNR,Low_SNR,0.122,0.155,Low_SNR,0.104,0.248,0.126,0.24
2654,0.241,0.172,0.114,0.159,0.150,0.138,0.210,0.213,0.097,0.085,0.083,0.163,0.243,0.255,0.266,Low_SNR,Low_SNR,0.127,0.134,Low_SNR,0.096,0.239,0.129,0.24
2655,0.245,0.172,0.119,0.167,0.160,0.147,0.210,0.218,0.105,0.085,0.089,0.164,0.243,0.252,0.253,Low_SNR,Low_SNR,0.132,0.144,Low_SNR,0.089,0.238,0.125,0.24
2656,0.246,0.177,0.119,0.164,0.154,0.133,0.208,0.214,0.107,0.086,0.085,0.170,0.249,0.266,0.251,Low_SNR,Low_SNR,0.130,0.140,Low_SNR,0.099,0.236,0.136,0.24
2657,0.245,0.179,0.119,0.169,0.163,0.163,0.214,0.221,0.109,0.092,0.091,0.166,0.243,0.249,0.252,Low_SNR,Low_SNR,0.133,0.139,Low_SNR,0.094,0.238,0.126,0.27
2658,0.241,0.176,0.111,0.163,0.160,0.133,0.210,0.215,0.114,0.084,0.088,0.158,0.244,0.258,0.253,Low_SNR,Low_SNR,0.120,0.149,Low_SNR,0.102,0.243,0.124,0.24
2659,0.246,0.174,0.131,0.172,0.162,0.129,0.208,0.219,0.111,0.100,0.099,0.198,0.255,0.254,0.236,Low_SNR,Low_SNR,0.145,0.150,Low_SNR,0.106,0.241,0.112,0.24
2660,0.248,0.189,0.122,0.169,0.160,0.146,0.212,0.220,0.106,0.093,0.088,0.158,0.246,0.249,0.243,Low_SNR,Low_SNR,0.134,0.145,Low_SNR,0.100,0.240,0.146,0.24
2661,0.247,0.186,0.126,0.172,0.168,0.135,0.211,0.220,0.100,0.091,0.095,0.186,0.250,0.254,0.247,Low_SNR,Low_SNR,0.134,0.159,Low_SNR,0.098,0.240,0.134,0.24
2662,0.244,0.150,0.107,0.161,0.156,0.136,0.208,0.211,0.097,0.090,0.087,0.157,0.250,0.262,0.261,Low_SNR,Low_SNR,0.132,0.146,Low_SNR,0.091,0.232,0.148,0.24
2663,0.243,0.160,0.122,0.171,0.161,0.149,0.208,0.218,0.115,0.100,0.096,0.175,0.244,0.250,0.251,Low_SNR,Low_SNR,0.143,0.141,Low_SNR,0.108,0.232,Low_SNR,0.24
2664,0.242,0.173,0.118,0.167,0.161,0.127,0.214,0.217,0.100,0.095,0.089,0.164,0.238,0.247,0.251,Low_SNR,Low_SNR,0.133,0.148,Low_SNR,0.102,0.243,0.122,0.25
2665,0.246,0.166,0.120,0.166,0.153,0.141,0.205,0.217,0.104,0.095,0.094,0.183,0.248,0.261,0.254,Low_SNR,Low_SNR,0.133,0.144,Low_SNR,0.117,0.224,0.155,0.24
2666,0.245,0.177,0.119,0.170,0.163,0.120,0.212,0.218,0.106,0.098,0.095,0.168,0.241,0.246,0.251,Low_SNR,Low_SNR,0.134,0.155,Low_SNR,0.103,0.244,0.157,0.24
2667,0.243,0.177,0.114,0.162,0.153,0.147,0.210,0.215,0.089,0.087,0.084,0.164,0.242,0.257,0.259,Low_SNR,Low_SNR,0.124,0.137,Low_SNR,0.093,0.233,0.132,0.24
2668,0.242,Low_SNR,0.208,0.206,Low_SNR,Low_SNR,0.208,0.226,Low_SNR,0.167,0.122,Low_SNR,0.232,0.246,0.248,Low_SNR,Low_SNR,Low_SNR,0.144,Low_SNR,0.147,0.211,Low_SNR,0.23
2669,0.237,0.190,0.118,0.167,0.166,0.168,0.211,0.215,0.114,0.082,0.080,0.171,0.235,0.241,0.258,Low_SNR,Low_SNR,0.130,0.133,Low_SNR,0.096,0.244,0.137,0.24
2670,0.241,0.166,0.111,0.163,0.159,0.142,0.212,0.209,0.104,0.092,0.088,0.174,0.253,0.256,0.249,Low_SNR,Low_SNR,0.135,0.148,Low_SNR,0.093,0.245,0.126,0.25
2671,0.247,0.175,0.122,0.166,0.155,0.105,0.206,0.211,0.105,0.098,0.092,0.171,0.250,0.255,0.246,Low_SNR,Low_SNR,0.136,0.144,Low_SNR,0.108,0.232,0.139,0.24
2672,0.243,0.177,0.117,0.166,0.156,0.144,0.207,0.214,0.115,0.092,0.091,0.162,0.246,0.261,0.251,Low_SNR,Low_SNR,0.130,0.141,Low_SNR,0.105,0.234,0.128,0.24
2673,0.246,0.187,0.121,0.168,0.161,0.145,0.209,0.216,0.102,0.086,0.088,0.160,0.243,0.250,0.252,Low_SNR,Low_SNR,0.126,0.141,Low_SNR,0.099,0.239,0.126,0.23
2674,0.243,0.190,0.121,0.167,0.161,0.169,0.220,0.221,0.104,0.087,0.090,0.187,0.241,0.248,0.253,0.000,Low_SNR,0.123,0.138,Low_SNR,0.089,0.246,0.112,0.26
2675,0.243,0.188,0.124,0.170,0.154,0.138,0.213,0.217,0.109,0.099,0.097,0.175,0.242,0.244,0.247,Low_SNR,Low_SNR,0.135,0.148,Low_SNR,0.101,0.244,0.144,0.23
2676,0.244,0.174,0.120,0.166,0.153,0.134,0.210,0.213,0.098,0.094,0.090,0.168,0.246,0.254,0.249,Low_SNR,Low_SNR,0.128,0.139,Low_SNR,0.108,0.240,0.141,0.22
2677,0.242,0.172,0.123,0.175,0.174,0.190,0.216,0.223,0.110,0.099,0.094,0.167,0.236,0.238,0.252,Low_SNR,Low_SNR,0.138,0.145,Low_SNR,0.104,0.241,0.137,0.24
2678,0.246,0.196,0.123,0.165,0.154,0.107,0.207,0.214,0.092,0.088,0.087,0.174,0.249,0.254,0.254,Low_SNR,Low_SNR,0.132,0.146,Low_SNR,0.105,0.241,0.131,0.24
2679,0.241,0.170,0.117,0.162,0.153,0.135,0.209,0.212,0.100,0.088,0.085,0.163,0.243,0.255,0.257,Low_SNR,Low_SNR,0.126,0.136,Low_SNR,0.090,0.237,0.135,0.24
2680,0.247,0.179,0.123,0.170,0.163,0.144,0.209,0.218,0.117,0.094,0.094,0.181,0.251,0.253,0.243,Low_SNR,Low_SNR,0.139,0.151,Low_SNR,0.106,0.235,0.149,0.24
2681,0.245,0.182,0.125,0.172,0.162,0.137,0.214,0.218,0.113,0.096,0.094,0.167,0.244,0.247,0.246,Low_SNR,Low_SNR,0.134,0.151,Low_SNR,0.104,0.243,0.123,0.24
2682,0.244,0.178,0.125,0.170,0.159,0.143,0.208,0.216,0.103,0.093,0.092,0.177,0.250,0.253,0.242,Low_SNR,Low_SNR,0.135,0.144,Low_SNR,0.097,0.231,0.145,0.24
2683,0.246,0.184,0.125,0.171,0.163,0.144,0.211,0.220,0.113,0.094,0.093,0.186,0.247,0.247,0.246,Low_SNR,Low_SNR,0.129,0.149,Low_SNR,0.111,0.238,0.134,0.24
2684,0.245,0.185,0.128,0.170,0.158,0.147,0.216,0.220,0.098,0.092,0.090,0.174,0.249,0.259,0.249,Low_SNR,Low_SNR,0.130,0.140,Low_SNR,0.096,0.245,0.141,0.23
2685,0.242,0.180,0.116,0.162,0.153,0.132,0.208,0.213,0.097,0.086,0.083,0.167,0.244,0.258,0.248,Low_SNR,Low_SNR,0.123,0.136,Low_SNR,0.099,0.235,0.121,0.24
2686,0.238,0.159,0.115,0.165,0.155,0.150,0.215,0.212,0.106,0.090,0.090,0.166,0.242,0.248,0.252,Low_SNR,Low_SNR,0.131,0.141,Low_SNR,0.092,0.243,0.120,0.24
2687,0.242,0.164,0.123,0.171,0.165,0.152,0.213,0.218,0.126,0.098,0.098,0.176,0.244,0.244,0.254,0.001,Low_SNR,0.144,0.150,Low_SNR,0.108,0.241,0.156,0.24
2688,0.247,0.178,0.126,0.171,0.165,0.145,0.210,0.217,0.116,0.094,0.091,0.172,0.249,0.253,0.245,Low_SNR,Low_SNR,0.134,0.154,Low_SNR,0.107,0.234,0.159,0.24
2689,0.238,0.174,0.117,0.164,0.153,0.131,0.214,0.213,0.115,0.093,0.090,0.158,0.233,0.248,0.256,Low_SNR,Low_SNR,0.129,0.147,Low_SNR,0.094,0.238,0.133,0.24
2690,0.243,0.197,0.130,0.172,0.160,0.130,0.210,0.218,0.093,0.095,0.092,0.169,0.242,0.247,0.253,Low_SNR,Low_SNR,0.130,0.146,Low_SNR,0.099,0.234,0.143,0.24
2691,0.245,0.191,0.121,0.171,0.170,0.159,0.209,0.222,0.101,0.089,0.087,0.159,0.246,0.250,0.248,Low_SNR,Low_SNR,0.131,0.147,Low_SNR,0.102,0.232,0.148,0.24
2692,0.236,0.149,0.106,0.159,0.153,0.160,0.213,0.209,0.104,0.085,0.079,0.163,0.235,0.250,0.263,Low_SNR,Low_SNR,0.126,0.131,Low_SNR,0.090,0.239,0.134,0.24
2693,0.237,0.158,0.115,0.166,0.158,0.141,0.214,0.212,0.112,0.092,0.090,0.170,0.235,0.247,0.260,0.000,Low_SNR,0.136,0.144,Low_SNR,0.098,0.238,0.135,0.24
2694,0.245,0.190,0.126,0.172,0.164,0.148,0.213,0.220,0.096,0.093,0.090,0.161,0.242,0.247,0.251,0.001,Low_SNR,0.135,0.147,Low_SNR,0.103,0.240,0.133,0.24
2695,0.244,0.184,0.121,0.167,0.161,0.158,0.209,0.219,0.106,0.091,0.087,0.171,0.246,0.249,0.245,Low_SNR,Low_SNR,0.132,0.140,Low_SNR,0.099,0.242,0.144,0.24
2696,0.248,0.187,0.124,0.172,0.160,0.124,0.207,0.218,0.108,0.095,0.093,0.177,0.254,0.262,0.240,Low_SNR,Low_SNR,0.137,0.150,Low_SNR,0.102,0.233,0.139,0.24
2697,0.244,0.189,0.125,0.169,0.157,0.143,0.213,0.219,0.106,0.095,0.091,0.170,0.242,0.248,0.248,Low_SNR,Low_SNR,0.134,0.142,Low_SNR,0.104,0.242,0.135,0.24
2698,0.242,0.167,0.112,0.160,0.147,0.145,0.210,0.211,0.087,0.087,0.086,0.157,0.242,0.258,0.253,Low_SNR,Low_SNR,0.127,0.131,Low_SNR,0.087,0.236,0.125,0.24
2699,0.249,0.209,0.133,0.173,0.159,0.148,0.206,0.221,0.116,0.097,0.097,0.182,0.251,0.241,0.239,Low_SNR,Low_SNR,0.139,0.149,Low_SNR,0.115,0.229,0.157,0.26
2700,0.244,0.185,0.128,0.174,0.169,0.152,0.213,0.220,0.120,0.098,0.101,0.171,0.249,0.249,0.247,Low_SNR,Low_SNR,0.134,0.154,Low_SNR,0.105,0.237,0.133,0.24
2701,0.242,0.176,0.115,0.162,0.159,0.154,0.210,0.216,0.105,0.084,0.085,0.167,0.249,0.248,0.247,Low_SNR,Low_SNR,0.126,0.140,Low_SNR,0.089,0.234,0.133,0.23
2702,0.242,0.171,0.117,0.169,0.160,0.139,0.211,0.216,0.120,0.092,0.091,0.167,0.242,0.246,0.251,Low_SNR,Low_SNR,0.132,0.148,Low_SNR,0.105,0.240,0.139,0.24
2703,0.245,0.177,0.122,0.168,0.158,0.123,0.208,0.215,0.114,0.094,0.093,0.173,0.239,0.250,0.249,Low_SNR,Low_SNR,0.133,0.155,Low_SNR,0.107,0.233,0.138,0.24
2704,0.247,0.187,0.124,0.170,0.161,0.136,0.215,0.220,0.112,0.091,0.091,0.172,0.244,0.246,0.250,Low_SNR,Low_SNR,0.130,0.153,Low_SNR,0.110,0.238,0.132,0.25
2705,0.241,0.174,0.119,0.169,0.159,0.144,0.211,0.217,0.117,0.095,0.091,0.166,0.237,0.236,0.255,Low_SNR,Low_SNR,0.141,0.148,Low_SNR,0.108,0.232,0.134,0.24
2706,0.246,0.181,0.121,0.168,0.165,0.166,0.210,0.220,0.107,0.092,0.091,0.174,0.251,0.257,0.238,Low_SNR,Low_SNR,0.134,0.141,Low_SNR,0.105,0.232,0.132,0.24
2707,0.245,0.182,0.119,0.168,0.158,0.128,0.206,0.215,0.105,0.093,0.091,0.174,0.249,0.249,0.250,Low_SNR,Low_SNR,0.134,0.147,Low_SNR,0.115,0.227,0.157,0.25
